run_id,score,rid
02_09_51_50,0.45,"['002_ABC', '002_DEF', '003_GH', '005_ABC', '005_DEF', '006_DEF', '007_DEF', '010_GH', '013_AB', '014_AB', '014_CD', '014_EF', '016_ABC', '016_GH', '016_KL', '019_DEF', '020_AB', '026_ABC', '028_EF', '030_GH', '032_AB', '034_AB', '034_CD', '037_A', '037_BC', '037_DEF', '041_DEF', '043_AB', '044_ABC', '048_G', '049_GHK', '053_ABC', '054_GH', '059_EF', '062_ABC', '065_ABC', '065_DEF', '068_DEF', '072_ABC', '073_ABC', '077_ABC', '077_GH', '081_ABC', '087_DEF', '088_KL', '089_EF', '091_DE', '099_ABC', '099_DEF', '099_GHK', '103_DEF', '108_CD', '108_EF', '110_DEF', '111_AB', '111_EF', '112_ABC', '115_DEF', '118_DEF', '122_DEF', '124_EF', '126_AB', '128_KL', '132_DEF', '134_DE', '135_ABC', '138_CD', '141_AB', '141_EF', '144_AB', '145_ABC', '147_DEF', '150_ABC', '151_AB', '151_EF', '158_AB', '159_ABC', '165_CDE', '169_ABC', '169_DEF', '170_ABC', '171_A', '171_G', '177_ABC', '181_CD', '185_DEF', '189_AB', '194_DEF', '196_DE', '199_DEF', '203_DEF', '204_DEF', '205_ABC', '205_DEF', '209_KL', '080_DEF', '128_ABC', '005_GH', '089_CD', '154_ABC', '160_P', '172_GH', '104_AB', '003_KL', '013_EF', '028_AB', '031_ABC', '040_DEF', '054_ABC', '054_DEF', '055_DEF', '060_ABC', '069_CD', '070_GHK', '071_ABC', '071_KL', '085_CDE', '085_F', '105_DEF', '116_AB', '119_DEF', '130_ABC', '133_DEF', '134_KL', '146_DEF', '153_ABC', '162_ABC', '169_GH', '193_ABCD', '193_EFG', '207_ABC', '213_LMN', '191_AB']"
02_09_51_50,0.45,"['002_ABC', '002_DEF', '003_GH', '005_ABC', '005_DEF', '006_DEF', '007_DEF', '010_GH', '013_AB', '014_AB', '014_CD', '014_EF', '016_ABC', '016_GH', '016_KL', '019_DEF', '020_AB', '026_ABC', '028_EF', '030_GH', '032_AB', '034_AB', '034_CD', '037_A', '037_BC', '037_DEF', '041_DEF', '043_AB', '044_ABC', '048_G', '049_GHK', '053_ABC', '054_GH', '059_EF', '062_ABC', '065_ABC', '065_DEF', '068_DEF', '072_ABC', '073_ABC', '077_ABC', '077_GH', '081_ABC', '087_DEF', '088_KL', '089_EF', '091_DE', '099_ABC', '099_DEF', '099_GHK', '103_DEF', '108_CD', '108_EF', '110_DEF', '111_AB', '111_EF', '112_ABC', '115_DEF', '118_DEF', '122_DEF', '124_EF', '126_AB', '128_KL', '132_DEF', '134_DE', '135_ABC', '138_CD', '141_AB', '141_EF', '144_AB', '145_ABC', '147_DEF', '150_ABC', '151_AB', '151_EF', '158_AB', '159_ABC', '165_CDE', '169_ABC', '169_DEF', '170_ABC', '171_A', '171_G', '177_ABC', '181_CD', '185_DEF', '189_AB', '194_DEF', '196_DE', '199_DEF', '203_DEF', '204_DEF', '205_ABC', '205_DEF', '209_KL', '080_DEF', '128_ABC', '005_GH', '089_CD', '154_ABC', '160_P', '172_GH', '104_AB', '003_KL', '013_EF', '028_AB', '031_ABC', '040_DEF', '054_ABC', '054_DEF', '055_DEF', '060_ABC', '069_CD', '070_GHK', '071_ABC', '071_KL', '085_CDE', '085_F', '105_DEF', '116_AB', '119_DEF', '130_ABC', '133_DEF', '134_KL', '146_DEF', '153_ABC', '162_ABC', '169_GH', '193_ABCD', '193_EFG', '207_ABC', '213_LMN', '191_AB']"
02_09_58_42,0.9166666666666666,"['001_ABC', '002_ABC', '002_DEF', '003_GH', '004_GHK', '007_DEF', '010_KL', '012_AB', '014_CD', '016_DEF', '016_GH', '016_KL', '017_DEF', '019_ABC', '020_AB', '026_DEF', '028_EF', '030_GH', '032_AB', '032_EF', '033_KL', '034_EF', '036_AB', '037_DEF', '038_DE', '039_DEF', '041_ABC', '042_DE', '044_ABC', '045_DEF', '048_G', '054_GH', '062_ABC', '065_DEF', '066_GH', '068_ABC', '068_DEF', '071_FGH', '072_ABC', '073_ABC', '074_ABC', '077_DEF', '078_CD', '080_ABC', '081_ABC', '082_ABC', '083_DEF', '091_AB', '091_DE', '097_ABC', '099_ABC', '099_GHK', '102_AB', '108_CD', '109_ABC', '110_DEF', '111_EF', '115_DEF', '118_ABC', '118_DEF', '119_L', '120_GH', '125_DEF', '129_DEF', '132_DEF', '135_ABC', '136_FG', '140_DEF', '141_EF', '144_AB', '144_CD', '144_EF', '145_LMN', '148_ABC', '148_DEF', '150_DEF', '151_AB', '152_DEF', '155_DEF', '158_CD', '160_A', '160_C', '167_CD', '169_DEF', '172_ABC', '172_KL', '173_FGH', '176_GHK', '177_DEF', '181_AB', '181_G', '183_DEF', '185_ABC', '189_EF', '198_EF', '205_ABC', '205_DEF', '208_DEF', '209_KL', '212_ABC', '123_EF', '151_CD', '171_M', '197_ABC', '201_KL', '124_AB', '154_ABC', '104_AB', '200_AB', '025_AB', '027_FG', '031_ABC', '049_DEF', '051_GH', '055_ABC', '074_DEF', '080_G', '085_CDE', '107_ABC', '107_L', '116_AB', '117_KL', '143_F', '146_DEF', '162_DEF', '163_ABC', '168_DEF', '193_ABCD', '203_ABC', '208_ABC', '210_L', '213_LMN', '164_DEF']"
02_10_05_29,0.6,"['003_GH', '005_DEF', '007_ABC', '010_DEF', '012_AB', '013_AB', '017_ABC', '018_DEF', '020_CD', '022_EF', '023_ABC', '024_DEF', '027_ABC', '029_ABC', '030_AB', '033_DEF', '036_AB', '036_CD', '037_DEF', '044_ABC', '045_DEF', '047_AB', '047_CD', '047_EF', '048_G', '049_L', '051_DEF', '052_DEF', '061_DEF', '065_DEF', '068_ABC', '070_LMN', '072_ABC', '073_ABC', '073_DEF', '074_ABC', '075_ABC', '077_KL', '081_ABC', '089_EF', '091_DE', '093_AB', '094_DEF', '099_ABC', '099_GHK', '101_ABC', '102_GH', '104_CD', '106_DEF', '109_ABC', '110_DEF', '115_ABC', '120_GH', '121_CD', '122_DEF', '124_EF', '127_DEF', '133_ABC', '133_GH', '134_ABC', '136_FG', '140_ABC', '141_CD', '142_ABC', '144_AB', '145_DEF', '146_ABC', '149_DEF', '151_AB', '152_DEF', '156_DEF', '159_DEF', '165_CDE', '167_CD', '167_EF', '169_ABC', '170_GH', '171_G', '171_L', '173_ABC', '175_DEF', '178_FGH', '179_ABC', '181_CD', '182_DEF', '187_ABC', '189_EF', '190_DEF', '194_DEF', '195_CD', '196_DE', '198_AB', '199_DEF', '204_ABC', '205_ABC', '208_DEF', '209_KL', '080_DEF', '132_ABC', '161_DEF', '167_AB', '160_E', '005_GH', '124_AB', '154_ABC', '168_ABC', '183_ABC', '024_ABC', '027_FG', '035_ABC', '050_ABC', '054_DEF', '060_DEF', '069_F', '070_ABC', '070_GHK', '071_DE', '074_GH', '085_CDE', '095_ABC', '095_DEF', '097_DEF', '102_KL', '108_AB', '116_AB', '138_AB', '168_DEF', '193_ABCD', '198_CD', '201_ABC', '202_ABC', '113_DEF', '191_AB']"
02_10_12_11,0.3666666666666666,"['002_ABC', '002_DEF', '003_ABC', '003_GH', '006_DEF', '007_ABC', '014_AB', '015_ZZZ', '019_DEF', '022_AB', '024_DEF', '025_CD', '026_DEF', '028_EF', '029_ABC', '035_GH', '035_KL', '036_AB', '037_BC', '037_DEF', '044_ABC', '045_DEF', '046_GH', '047_CD', '048_DEF', '048_G', '049_GHK', '059_EF', '061_DEF', '063_ABC', '064_DEF', '064_GHK', '065_DEF', '066_GH', '073_ABC', '073_DEF', '077_ABC', '077_DEF', '077_GH', '080_ABC', '081_ABC', '082_DEF', '083_DEF', '086_CD', '088_ABC', '090_DEF', '091_AB', '091_DE', '092_ABC', '093_AB', '094_DEF', '099_ABC', '099_GHK', '104_CD', '111_AB', '111_EF', '118_DEF', '119_L', '120_GH', '121_CD', '124_EF', '128_DEF', '135_DEF', '140_ABC', '144_AB', '144_EF', '145_LMN', '151_AB', '160_F', '161_ABC', '163_DEF', '165_AB', '167_CD', '171_H', '171_L', '173_FGH', '175_DEF', '177_DEF', '181_AB', '183_DEF', '189_CD', '191_CD', '199_DEF', '203_DEF', '204_ABC', '205_ABC', '205_KL', '209_KL', '212_DEF', '080_DEF', '119_ABC', '128_ABC', '151_CD', '167_AB', '171_M', '187_DEF', '213_GHK', '005_GH', '031_F', '089_CD', '124_AB', '154_ABC', '168_ABC', '183_ABC', '013_EF', '025_AB', '028_CD', '048_ABC', '051_GH', '070_GHK', '071_ABC', '072_DEF', '080_G', '085_CDE', '100_ABC', '102_CD', '109_DEF', '116_AB', '117_FGH', '134_KL', '143_C', '146_DEF', '153_ABC', '153_DEF', '155_ABC', '169_GH', '179_GH', '198_CD', '202_ABC', '203_GHK', '203_LMN', '206_EF', '208_ABC']"
02_10_24_14,0.3,"['002_DEF', '003_GH', '005_ABC', '006_DEF', '008_DEF', '009_ABC', '010_KL', '011_ABC', '012_CD', '016_ABC', '017_DEF', '020_AB', '020_CD', '022_AB', '025_CD', '025_EF', '029_DEF', '032_GH', '033_ABC', '033_GH', '034_EF', '036_EF', '037_BC', '037_DEF', '041_ABC', '044_ABC', '044_DEF', '045_DEF', '046_CD', '048_DEF', '048_G', '049_GHK', '051_ABC', '053_ABC', '059_CD', '063_ABC', '065_DEF', '066_GH', '068_ABC', '070_LMN', '073_ABC', '073_DEF', '081_ABC', '084_DEF', '086_AB', '088_ABC', '088_KL', '089_EF', '090_GH', '091_AB', '091_DE', '092_DEF', '093_AB', '094_DEF', '097_ABC', '099_ABC', '099_GHK', '101_DEF', '102_AB', '103_ABC', '104_EF', '108_EF', '109_ABC', '110_ABC', '110_DEF', '111_AB', '112_ABC', '113_ABC', '124_EF', '127_ABC', '129_ABC', '134_ABC', '138_CD', '140_GH', '141_CD', '141_EF', '142_ABC', '144_AB', '144_EF', '147_DEF', '151_AB', '154_CD', '155_DEF', '159_DEF', '160_C', '160_F', '171_C', '171_E', '171_F', '171_L', '174_ABC', '178_ABC', '178_FGH', '181_AB', '181_G', '183_DEF', '185_ABC', '185_DEF', '189_AB', '195_CD', '198_EF', '205_ABC', '209_KL', '213_ABC', '174_DEF', '213_DEF', '031_F', '069_E', '124_AB', '154_ABC', '168_ABC', '172_GH', '180_EFG', '183_ABC', '028_AB', '054_DEF', '055_DEF', '070_ABC', '085_CDE', '095_ABC', '102_CD', '102_KL', '116_AB', '126_EF', '138_AB', '143_F', '146_DEF', '176_DEF', '202_ABC', '205_GH', '207_DE', '208_ABC', '210_L']"
02_10_31_07,0.0166666666666666,"['001_DEF', '003_GH', '005_DEF', '006_G', '010_GH', '012_E', '024_DEF', '025_CD', '025_EF', '026_DEF', '032_AB', '032_CD', '033_KL', '034_AB', '034_EF', '036_EF', '037_DEF', '038_ABC', '038_DE', '038_FGH', '041_ABC', '041_DEF', '042_ABC', '043_CD', '044_ABC', '046_AB', '047_EF', '048_G', '051_DEF', '052_ABC', '054_GH', '058_DEF', '061_DEF', '064_ABC', '064_DEF', '065_DEF', '068_ABC', '070_LMN', '073_ABC', '081_ABC', '083_DEF', '087_DEF', '088_KL', '091_DE', '096_ABC', '096_DEF', '099_ABC', '099_DEF', '099_GHK', '103_ABC', '104_EF', '110_DEF', '111_CD', '118_ABC', '119_L', '120_ABC', '120_GH', '122_DEF', '123_CD', '124_EF', '127_DEF', '129_ABC', '129_DEF', '133_GH', '134_DE', '140_ABC', '140_GH', '141_AB', '143_DE', '144_AB', '144_CD', '144_EF', '145_GHK', '147_DEF', '149_DEF', '151_AB', '151_EF', '152_DEF', '159_ABC', '160_N', '163_DEF', '170_DEF', '171_B', '171_K', '178_FGH', '179_ABC', '181_EF', '182_DEF', '184_ZZZ', '185_ABC', '185_DEF', '187_ABC', '188_ABC', '190_ABC', '198_EF', '205_ABC', '205_DEF', '205_KL', '209_ABC', '209_KL', '212_DEF', '080_DEF', '089_AB', '139_KL', '213_DEF', '102_MN', '154_ABC', '013_CD', '013_EF', '048_ABC', '051_GH', '054_DEF', '055_DEF', '056_ABC', '057_ABC', '060_DEF', '070_ABC', '070_GHK', '085_CDE', '097_DEF', '102_CD', '107_DEF', '116_AB', '117_FGH', '121_AB', '146_DEF', '162_DEF', '169_GH', '172_DEF', '202_DEF', '203_GHK', '210_ABC', '210_GHK']"
02_10_37_53,0.0,"['003_GH', '004_GHK', '010_ABC', '010_KL', '011_ABC', '014_AB', '014_CD', '015_ZZZ', '016_GH', '017_DEF', '019_ABC', '020_AB', '020_CD', '022_CD', '023_ABC', '030_GH', '031_DE', '033_DEF', '033_KL', '036_CD', '037_A', '037_BC', '037_DEF', '039_DEF', '044_ABC', '045_DEF', '048_G', '049_ABC', '049_GHK', '051_DEF', '059_AB', '065_DEF', '070_LMN', '073_ABC', '076_EF', '077_ABC', '077_DEF', '079_DEF', '081_ABC', '082_ABC', '085_AB', '086_EF', '091_DE', '094_DEF', '096_ABC', '096_DEF', '099_ABC', '099_DEF', '099_GHK', '101_ABC', '102_GH', '103_ABC', '103_DEF', '104_EF', '108_EF', '109_ABC', '110_ABC', '111_AB', '115_DEF', '118_DEF', '120_ABC', '127_DEF', '131_AB', '134_DE', '136_FG', '140_ABC', '140_DEF', '143_DE', '144_AB', '145_ABC', '146_ABC', '148_ABC', '149_DEF', '151_AB', '152_ABC', '158_AB', '160_R', '161_ABC', '169_ABC', '171_D', '171_K', '171_L', '171_N', '173_KL', '175_DEF', '181_AB', '181_G', '187_ABC', '194_ABC', '194_DEF', '195_AB', '205_ABC', '209_KL', '213_ABC', '093_CD', '197_ABC', '209_DEF', '213_DEF', '213_GHK', '005_GH', '031_F', '089_CD', '102_MN', '154_ABC', '168_ABC', '178_KL', '003_KL', '054_ABC', '058_ABC', '060_ABC', '060_DEF', '062_DEF', '069_F', '085_CDE', '087_ABC', '090_ABC', '105_GHK', '107_DEF', '116_AB', '126_EF', '133_DEF', '143_C', '150_KL', '153_ABC', '160_G', '193_ABCD', '193_EFG', '198_CD', '203_LMN', '206_CD', '207_FG', '210_DEF', '191_AB']"
02_10_44_52,0.6166666666666667,"['001_DEF', '002_ABC', '002_G', '003_GH', '005_KL', '006_G', '009_GH', '010_DEF', '013_AB', '015_ZZZ', '017_ABC', '017_DEF', '022_AB', '025_EF', '027_HKL', '029_DEF', '034_AB', '034_CD', '036_AB', '037_DEF', '038_FGH', '039_ABC', '039_DEF', '041_ABC', '044_ABC', '045_ABC', '046_CD', '047_AB', '048_G', '051_ABC', '052_DEF', '054_GH', '059_AB', '065_DEF', '066_ABC', '070_LMN', '073_ABC', '080_ABC', '081_ABC', '081_DEF', '086_CD', '086_EF', '087_DEF', '088_ABC', '089_EF', '090_DEF', '091_DE', '092_ABC', '096_DEF', '097_ABC', '099_ABC', '099_GHK', '100_DEF', '101_ABC', '101_DEF', '102_AB', '103_ABC', '108_CD', '111_AB', '111_CD', '113_ABC', '115_DEF', '120_GH', '127_DEF', '134_ABC', '134_DE', '135_ABC', '141_EF', '144_AB', '151_AB', '160_M', '165_CDE', '169_ABC', '171_E', '171_F', '171_L', '171_N', '179_ABC', '185_ABC', '190_DEF', '192_DEF', '197_DEF', '198_AB', '199_ABC', '203_DEF', '205_ABC', '205_DEF', '209_KL', '128_ABC', '132_ABC', '209_DEF', '213_GHK', '031_F', '069_AB', '154_ABC', '160_P', '168_ABC', '172_GH', '136_DE', '028_AB', '035_ABC', '040_DEF', '048_ABC', '049_DEF', '050_ABC', '051_GH', '054_DEF', '062_DEF', '070_ABC', '085_CDE', '085_F', '087_ABC', '090_ABC', '100_ABC', '107_DEF', '116_AB', '117_FGH', '126_EF', '133_DEF', '138_AB', '139_GH', '147_ABC', '153_ABC', '153_DEF', '163_ABC', '169_GH', '172_DEF', '188_DEF', '196_ABC', '205_GH', '210_DEF', '210_L', '113_DEF']"
02_10_51_42,0.2333333333333333,"['001_ABC', '002_G', '003_GH', '004_DEF', '006_ABC', '008_ABC', '010_ABC', '010_GH', '011_DEF', '012_CD', '014_AB', '014_EF', '016_KL', '017_ABC', '017_DEF', '023_DEF', '026_ABC', '027_HKL', '029_DEF', '033_ABC', '035_GH', '036_AB', '037_DEF', '038_DE', '043_CD', '044_ABC', '045_DEF', '046_AB', '047_CD', '047_EF', '048_G', '049_GHK', '061_DEF', '063_ABC', '065_DEF', '068_ABC', '068_DEF', '072_ABC', '073_ABC', '076_EF', '080_ABC', '081_ABC', '084_DEF', '088_DEF', '090_DEF', '090_GH', '091_DE', '094_DEF', '099_ABC', '099_DEF', '099_GHK', '103_DEF', '104_CD', '109_ABC', '110_ABC', '111_AB', '115_DEF', '118_ABC', '122_DEF', '123_CD', '130_DEF', '131_EF', '134_FGH', '136_FG', '140_DEF', '142_ABC', '143_AB', '143_DE', '144_AB', '145_ABC', '151_AB', '152_ABC', '152_DEF', '156_DEF', '159_ABC', '159_DEF', '160_A', '161_ABC', '165_CDE', '167_CD', '167_EF', '169_ABC', '171_C', '172_KL', '176_GHK', '178_FGH', '181_CD', '185_ABC', '189_EF', '205_ABC', '209_ABC', '209_KL', '212_DEF', '213_ABC', '102_EF', '171_M', '174_DEF', '192_ABC', '213_GHK', '063_DEF', '102_MN', '154_ABC', '172_GH', '180_EFG', '013_CD', '027_DE', '028_CD', '050_DEF', '054_ABC', '054_DEF', '055_DEF', '057_ABC', '060_ABC', '070_ABC', '072_DEF', '085_CDE', '085_F', '107_DEF', '116_AB', '124_CD', '130_ABC', '137_GHK', '143_F', '146_DEF', '147_ABC', '153_DEF', '155_ABC', '180_CD', '196_ABC', '203_LMN', '206_EF', '207_FG', '210_L']"
02_10_58_25,0.3166666666666666,"['002_DEF', '003_DEF', '003_GH', '004_GHK', '005_KL', '006_DEF', '008_GHK', '010_ABC', '014_EF', '016_ABC', '020_CD', '025_EF', '029_DEF', '030_AB', '030_EF', '031_DE', '032_CD', '032_EF', '033_ABC', '033_DEF', '033_KL', '034_AB', '034_CD', '037_DEF', '038_DE', '040_ABC', '041_DEF', '042_ABC', '043_AB', '044_ABC', '046_AB', '046_EF', '046_GH', '047_CD', '047_EF', '048_G', '049_L', '061_ABC', '061_DEF', '064_LMN', '065_ABC', '065_DEF', '066_DEF', '068_DEF', '071_FGH', '073_ABC', '077_ABC', '077_KL', '080_ABC', '081_ABC', '081_DEF', '082_DEF', '086_AB', '088_ABC', '088_GH', '090_GH', '091_DE', '094_DEF', '099_ABC', '099_GHK', '103_DEF', '104_CD', '110_ABC', '111_AB', '118_DEF', '121_CD', '122_DEF', '128_DEF', '129_DEF', '133_GH', '135_ABC', '141_AB', '141_CD', '141_EF', '142_DEF', '144_AB', '145_ABC', '145_LMN', '147_DEF', '151_AB', '152_ABC', '152_DEF', '159_ABC', '171_C', '171_E', '173_DE', '177_DEF', '181_EF', '182_DEF', '184_ZZZ', '185_ABC', '187_ABC', '189_AB', '191_CD', '205_ABC', '209_KL', '212_DEF', '213_ABC', '174_DEF', '187_DEF', '197_ABC', '213_DEF', '117_ABC', '154_ABC', '166_ABC', '178_KL', '200_AB', '013_EF', '031_ABC', '051_GH', '053_GH', '054_DEF', '060_DEF', '071_KL', '074_GH', '080_G', '085_CDE', '095_ABC', '095_DEF', '102_KL', '116_AB', '121_AB', '126_EF', '130_ABC', '134_KL', '143_C', '150_GH', '164_ABC', '169_GH', '203_GHK', '206_EF', '208_ABC', '164_DEF']"
02_11_05_30,0.7,"['001_DEF', '002_DEF', '003_GH', '004_ABC', '007_DEF', '010_KL', '013_AB', '014_AB', '014_EF', '015_ZZZ', '016_DEF', '017_ABC', '017_DEF', '018_ABC', '024_DEF', '026_ABC', '027_HKL', '029_ABC', '032_AB', '033_KL', '034_AB', '037_A', '037_DEF', '038_DE', '042_DE', '044_ABC', '045_ABC', '046_AB', '046_GH', '048_DEF', '048_G', '051_DEF', '052_DEF', '059_EF', '064_GHK', '065_DEF', '066_ABC', '070_LMN', '072_ABC', '073_ABC', '077_ABC', '077_DEF', '081_ABC', '083_DEF', '084_ABC', '086_AB', '090_GH', '091_DE', '099_ABC', '099_DEF', '099_GHK', '101_DEF', '109_ABC', '111_AB', '113_ABC', '124_EF', '129_ABC', '134_ABC', '134_DE', '134_FGH', '138_CD', '140_ABC', '141_CD', '144_AB', '145_LMN', '148_DEF', '149_DEF', '150_DEF', '151_AB', '151_EF', '152_DEF', '158_AB', '159_ABC', '159_DEF', '160_A', '160_H', '160_M', '165_AB', '165_CDE', '170_GH', '171_N', '173_FGH', '177_ABC', '177_DEF', '178_ABC', '178_DE', '185_ABC', '187_ABC', '188_ABC', '194_ABC', '196_DE', '204_ABC', '204_DEF', '205_ABC', '209_KL', '212_ABC', '213_ABC', '093_CD', '123_EF', '128_ABC', '174_DEF', '187_DEF', '213_DEF', '089_CD', '102_MN', '154_ABC', '178_KL', '180_EFG', '136_DE', '027_DE', '049_DEF', '050_ABC', '054_ABC', '060_DEF', '062_DEF', '072_DEF', '074_GH', '085_CDE', '085_F', '102_KL', '109_DEF', '116_AB', '126_CD', '147_ABC', '188_DEF', '202_ABC', '203_ABC', '203_GHK', '203_LMN', '207_FG', '210_GHK', '164_DEF', '182_ABC']"
02_11_12_21,0.05,"['001_ABC', '002_G', '003_GH', '004_ABC', '007_DEF', '008_LMN', '010_ABC', '010_DEF', '010_GH', '010_KL', '014_AB', '016_DEF', '017_ABC', '019_DEF', '020_AB', '026_ABC', '028_EF', '029_DEF', '032_AB', '032_EF', '033_GH', '037_DEF', '040_ABC', '043_CD', '044_ABC', '045_ABC', '045_DEF', '047_AB', '048_G', '059_AB', '061_ABC', '065_ABC', '065_DEF', '066_DEF', '067_AB', '068_ABC', '073_ABC', '081_ABC', '084_DEF', '088_GH', '090_GH', '091_DE', '092_ABC', '093_AB', '098_LMN', '099_ABC', '099_GHK', '108_CD', '111_EF', '112_ABC', '115_DEF', '120_ABC', '123_CD', '126_AB', '127_ABC', '128_GH', '131_EF', '132_DEF', '134_ABC', '134_DE', '141_AB', '142_ABC', '143_AB', '144_AB', '145_GHK', '151_AB', '152_ABC', '152_DEF', '159_ABC', '165_CDE', '169_DEF', '170_GH', '171_C', '171_F', '171_G', '171_K', '174_ABC', '175_DEF', '177_DEF', '178_FGH', '180_AB', '184_ZZZ', '188_ABC', '189_AB', '189_EF', '194_DEF', '198_EF', '203_DEF', '204_ABC', '204_DEF', '205_ABC', '205_KL', '208_DEF', '209_KL', '212_ABC', '098_GHK', '213_DEF', '102_MN', '120_DEF', '154_ABC', '168_ABC', '013_EF', '028_AB', '028_CD', '031_ABC', '050_DEF', '058_ABC', '069_CD', '070_GHK', '085_CDE', '100_ABC', '102_KL', '107_DEF', '107_GHK', '116_AB', '119_DEF', '124_CD', '126_CD', '146_DEF', '147_ABC', '153_DEF', '168_DEF', '179_GH', '193_EFG', '195_EF', '198_CD', '201_ABC', '205_GH', '206_CD', '206_EF', '207_ABC', '182_ABC', '191_AB']"
02_11_19_26,0.7,"['003_GH', '006_DEF', '010_ABC', '010_GH', '016_DEF', '019_DEF', '020_AB', '022_AB', '024_KL', '025_EF', '026_DEF', '029_ABC', '029_DEF', '030_EF', '030_GH', '033_ABC', '033_DEF', '033_GH', '034_AB', '037_A', '037_DEF', '041_ABC', '042_DE', '043_CD', '044_ABC', '046_CD', '047_AB', '047_CD', '047_EF', '048_DEF', '048_G', '049_GHK', '059_EF', '065_DEF', '068_ABC', '068_DEF', '073_ABC', '075_DEF', '077_DEF', '077_KL', '081_ABC', '082_ABC', '082_DEF', '088_ABC', '088_DEF', '088_GH', '090_GH', '091_AB', '091_DE', '092_ABC', '094_DEF', '096_DEF', '098_LMN', '099_ABC', '099_GHK', '102_AB', '102_GH', '103_DEF', '104_EF', '108_EF', '110_DEF', '112_ABC', '115_DEF', '118_ABC', '118_DEF', '120_ABC', '121_CD', '123_CD', '127_ABC', '131_CD', '132_DEF', '138_CD', '141_EF', '144_AB', '145_DEF', '150_DEF', '151_AB', '155_DEF', '160_L', '161_ABC', '169_ABC', '169_DEF', '171_B', '171_G', '171_H', '179_DEF', '180_AB', '197_DEF', '205_ABC', '209_KL', '213_ABC', '089_AB', '102_EF', '192_ABC', '213_DEF', '005_GH', '031_F', '089_CD', '154_ABC', '172_GH', '104_AB', '003_KL', '031_ABC', '040_DEF', '050_DEF', '051_GH', '054_DEF', '070_ABC', '070_DEF', '070_GHK', '071_KL', '072_DEF', '074_DEF', '085_CDE', '085_F', '090_ABC', '097_DEF', '107_GHK', '116_AB', '124_CD', '134_KL', '143_C', '146_DEF', '155_ABC', '160_D', '160_G', '164_ABC', '179_GH', '186_DEF', '202_DEF', '206_EF', '213_LMN', '191_AB']"
02_11_26_26,0.0,"['003_GH', '006_ABC', '007_ABC', '010_ABC', '010_DEF', '012_CD', '014_AB', '014_EF', '016_KL', '020_CD', '022_AB', '022_EF', '023_DEF', '025_CD', '029_DEF', '030_EF', '031_DE', '033_ABC', '035_GH', '037_DEF', '038_ABC', '041_DEF', '044_ABC', '048_G', '049_GHK', '052_DEF', '059_AB', '065_DEF', '066_GH', '067_AB', '070_LMN', '072_ABC', '073_ABC', '073_DEF', '075_ABC', '081_ABC', '086_AB', '090_DEF', '091_DE', '094_DEF', '096_ABC', '098_LMN', '099_ABC', '099_GHK', '102_AB', '103_ABC', '110_ABC', '111_EF', '113_ABC', '115_ABC', '115_DEF', '120_ABC', '120_GH', '122_DEF', '127_DEF', '130_DEF', '131_CD', '131_EF', '133_ABC', '135_ABC', '141_CD', '144_AB', '144_CD', '145_LMN', '149_DEF', '151_AB', '152_ABC', '154_CD', '156_DEF', '159_DEF', '160_F', '160_L', '160_N', '161_ABC', '165_AB', '167_CD', '170_GH', '171_E', '171_L', '171_N', '174_ABC', '175_ABC', '176_GHK', '178_ABC', '179_DEF', '181_AB', '191_CD', '194_DEF', '196_DE', '197_DEF', '199_DEF', '203_DEF', '205_ABC', '205_DEF', '209_KL', '174_DEF', '213_DEF', '005_GH', '120_DEF', '124_AB', '154_ABC', '172_GH', '178_KL', '136_DE', '048_ABC', '049_DEF', '051_GH', '054_ABC', '054_DEF', '055_ABC', '070_ABC', '072_DEF', '085_CDE', '090_ABC', '095_ABC', '097_DEF', '098_DEF', '100_ABC', '107_L', '112_DEF', '116_AB', '137_ABC', '137_DEF', '139_GH', '153_DEF', '163_ABC', '179_GH', '180_CD', '198_CD', '203_ABC', '203_GHK', '210_DEF', '113_DEF']"
02_11_33_21,0.0166666666666666,"['002_ABC', '002_DEF', '003_GH', '004_LMN', '005_ABC', '006_DEF', '006_G', '010_DEF', '014_AB', '016_ABC', '016_GH', '017_DEF', '019_ABC', '019_DEF', '022_AB', '028_EF', '033_DEF', '034_EF', '037_A', '037_DEF', '038_DE', '038_FGH', '040_ABC', '042_ABC', '044_ABC', '048_G', '054_GH', '054_KL', '058_DEF', '059_AB', '059_CD', '061_ABC', '065_DEF', '068_ABC', '070_LMN', '073_ABC', '075_DEF', '076_EF', '077_ABC', '077_GH', '081_ABC', '082_ABC', '083_ABC', '086_CD', '086_EF', '090_GH', '091_DE', '094_DEF', '096_DEF', '097_ABC', '098_ABC', '099_ABC', '099_GHK', '101_ABC', '108_CD', '111_EF', '113_ABC', '114_EF', '115_ABC', '118_DEF', '121_CD', '123_CD', '125_DEF', '129_DEF', '130_DEF', '132_DEF', '135_ABC', '142_ABC', '143_AB', '144_AB', '144_CD', '144_EF', '145_DEF', '145_GHK', '147_DEF', '151_AB', '158_CD', '159_DEF', '169_DEF', '170_GH', '171_A', '171_B', '171_E', '171_N', '173_ABC', '175_ABC', '183_DEF', '185_DEF', '188_ABC', '189_EF', '194_ABC', '194_DEF', '197_DEF', '204_ABC', '205_ABC', '205_DEF', '205_KL', '209_KL', '212_ABC', '212_DEF', '080_DEF', '089_AB', '093_CD', '098_GHK', '128_ABC', '139_KL', '167_AB', '187_DEF', '005_GH', '069_E', '102_MN', '154_ABC', '024_ABC', '040_DEF', '050_ABC', '050_DEF', '051_GH', '055_DEF', '085_CDE', '085_F', '095_ABC', '095_DEF', '100_ABC', '102_CD', '116_AB', '137_GHK', '139_ABC', '139_DEF', '147_ABC', '172_DEF', '201_DEF', '203_LMN', '210_GHK']"
02_11_40_24,0.0,"['001_ABC', '003_GH', '004_GHK', '008_ABC', '009_DEF', '012_AB', '014_AB', '023_ABC', '026_ABC', '030_CD', '031_DE', '034_CD', '036_EF', '037_DEF', '041_ABC', '043_CD', '044_ABC', '046_EF', '046_GH', '048_G', '049_L', '051_DEF', '052_ABC', '061_ABC', '062_ABC', '063_ABC', '065_DEF', '066_ABC', '066_DEF', '066_GH', '070_LMN', '073_ABC', '077_GH', '081_ABC', '081_DEF', '091_AB', '091_DE', '094_ABC', '094_DEF', '096_DEF', '097_ABC', '099_ABC', '099_DEF', '099_GHK', '100_DEF', '101_DEF', '102_AB', '104_CD', '109_ABC', '110_DEF', '111_CD', '114_AB', '114_EF', '120_GH', '127_ABC', '129_ABC', '130_DEF', '134_DE', '136_FG', '140_ABC', '140_DEF', '142_ABC', '143_DE', '144_AB', '145_ABC', '145_DEF', '148_DEF', '151_AB', '151_EF', '152_ABC', '159_ABC', '169_DEF', '171_E', '172_ABC', '174_ABC', '177_ABC', '179_ABC', '180_AB', '181_AB', '182_DEF', '183_DEF', '184_ZZZ', '185_ABC', '190_DEF', '198_AB', '204_ABC', '205_ABC', '209_GH', '209_KL', '093_CD', '102_EF', '151_CD', '171_M', '187_DEF', '160_E', '031_F', '069_AB', '154_ABC', '166_ABC', '180_EFG', '200_AB', '013_CD', '025_AB', '027_DE', '028_AB', '031_ABC', '049_DEF', '050_DEF', '051_GH', '055_DEF', '056_DEF', '070_GHK', '071_DE', '071_KL', '085_CDE', '095_ABC', '105_GHK', '108_AB', '116_AB', '119_DEF', '130_ABC', '133_DEF', '138_AB', '143_C', '153_DEF', '164_ABC', '188_DEF', '202_DEF', '203_ABC', '208_ABC', '210_ABC', '210_L', '191_EFG']"
02_11_47_17,0.4833333333333333,"['001_DEF', '002_ABC', '003_GH', '008_LMN', '010_ABC', '010_KL', '012_AB', '014_CD', '016_DEF', '017_DEF', '019_DEF', '021_DEF', '022_CD', '022_EF', '024_KL', '030_GH', '031_DE', '032_CD', '034_AB', '034_EF', '037_DEF', '038_ABC', '038_FGH', '041_DEF', '044_ABC', '045_DEF', '046_EF', '047_CD', '048_G', '049_ABC', '061_DEF', '062_ABC', '065_DEF', '073_ABC', '077_KL', '078_CD', '080_ABC', '081_ABC', '089_EF', '090_GH', '091_DE', '092_DEF', '099_ABC', '099_GHK', '100_DEF', '101_DEF', '104_CD', '108_CD', '118_ABC', '126_AB', '127_ABC', '128_GH', '128_KL', '129_DEF', '131_AB', '131_CD', '131_EF', '134_ABC', '134_DE', '138_CD', '140_ABC', '141_AB', '144_AB', '145_DEF', '145_GHK', '145_LMN', '146_ABC', '147_DEF', '150_ABC', '151_AB', '159_ABC', '159_DEF', '160_H', '167_EF', '170_ABC', '171_A', '171_D', '171_H', '177_ABC', '178_FGH', '179_ABC', '181_CD', '181_G', '187_ABC', '190_ABC', '191_CD', '194_DEF', '198_AB', '204_DEF', '205_ABC', '208_DEF', '209_KL', '093_CD', '098_GHK', '102_EF', '156_ABC', '171_M', '187_DEF', '197_ABC', '213_DEF', '213_GHK', '160_E', '124_AB', '154_ABC', '160_P', '183_ABC', '104_AB', '028_AB', '031_ABC', '049_DEF', '050_DEF', '060_ABC', '072_DEF', '085_CDE', '085_F', '090_ABC', '100_ABC', '107_DEF', '107_L', '109_DEF', '116_AB', '124_CD', '133_DEF', '138_AB', '143_C', '147_ABC', '153_ABC', '162_DEF', '164_ABC', '179_GH', '203_LMN', '207_ABC', '207_DE']"
02_11_54_15,0.0666666666666666,"['001_ABC', '001_DEF', '003_GH', '004_DEF', '006_G', '010_ABC', '010_DEF', '011_DEF', '012_CD', '013_AB', '015_ZZZ', '017_DEF', '019_DEF', '021_DEF', '023_ABC', '025_CD', '025_EF', '026_DEF', '028_EF', '029_DEF', '034_AB', '034_EF', '035_DEF', '036_AB', '036_CD', '037_DEF', '038_DE', '041_ABC', '042_DE', '043_CD', '044_ABC', '046_AB', '048_G', '052_DEF', '058_DEF', '059_AB', '062_ABC', '063_ABC', '065_DEF', '066_GH', '073_ABC', '073_DEF', '074_ABC', '075_DEF', '078_CD', '081_ABC', '082_ABC', '084_DEF', '086_AB', '086_EF', '088_KL', '091_DE', '093_AB', '099_ABC', '099_GHK', '100_DEF', '102_AB', '104_CD', '109_ABC', '110_DEF', '114_EF', '121_CD', '124_EF', '125_ABC', '125_DEF', '127_DEF', '131_EF', '133_ABC', '133_GH', '138_CD', '140_GH', '142_DEF', '143_AB', '144_AB', '144_EF', '145_ABC', '145_GHK', '151_AB', '152_DEF', '160_M', '161_ABC', '165_AB', '167_EF', '169_ABC', '171_D', '171_E', '171_H', '172_ABC', '174_ABC', '178_DE', '179_ABC', '181_AB', '182_DEF', '185_DEF', '192_DEF', '194_DEF', '198_EF', '205_ABC', '209_GH', '209_KL', '132_ABC', '156_ABC', '174_DEF', '209_DEF', '005_GH', '063_DEF', '102_MN', '154_ABC', '168_ABC', '104_AB', '200_AB', '013_CD', '025_AB', '049_DEF', '055_DEF', '060_DEF', '070_DEF', '085_CDE', '085_F', '095_ABC', '097_DEF', '102_CD', '102_KL', '107_L', '116_AB', '130_ABC', '146_DEF', '162_DEF', '172_DEF', '188_DEF', '193_ABCD', '196_ABC', '206_EF']"
02_12_01_11,0.0333333333333333,"['003_GH', '005_ABC', '006_ABC', '007_ABC', '010_DEF', '012_AB', '012_E', '016_ABC', '016_KL', '019_DEF', '029_ABC', '030_CD', '033_KL', '035_GH', '036_CD', '037_A', '037_DEF', '039_DEF', '044_ABC', '048_G', '049_GHK', '049_L', '054_GH', '061_DEF', '063_ABC', '064_LMN', '065_ABC', '065_DEF', '066_GH', '068_ABC', '073_ABC', '077_GH', '078_AB', '080_ABC', '081_ABC', '081_DEF', '083_ABC', '083_DEF', '084_ABC', '085_AB', '086_AB', '086_EF', '091_DE', '094_ABC', '096_DEF', '099_ABC', '099_GHK', '101_ABC', '104_EF', '110_ABC', '113_ABC', '121_CD', '125_DEF', '129_ABC', '130_DEF', '131_AB', '132_DEF', '134_ABC', '135_ABC', '135_DEF', '141_AB', '141_CD', '142_ABC', '144_AB', '144_EF', '148_DEF', '151_AB', '152_DEF', '158_CD', '160_B', '160_F', '160_H', '163_DEF', '165_AB', '167_CD', '171_A', '171_B', '171_C', '171_D', '171_L', '178_ABC', '178_FGH', '181_G', '184_ZZZ', '188_ABC', '195_CD', '196_DE', '199_DEF', '203_DEF', '205_ABC', '205_DEF', '209_ABC', '209_KL', '213_ABC', '161_DEF', '174_DEF', '187_DEF', '201_KL', '005_GH', '124_AB', '154_ABC', '166_ABC', '136_DE', '013_EF', '028_AB', '051_GH', '055_DEF', '069_F', '074_DEF', '080_G', '085_CDE', '106_ABC', '107_GHK', '109_DEF', '116_AB', '126_CD', '130_ABC', '134_KL', '137_ABC', '143_C', '143_F', '147_ABC', '153_DEF', '155_ABC', '162_DEF', '168_DEF', '172_DEF', '202_DEF', '203_ABC', '203_GHK', '205_GH', '164_DEF', '182_ABC']"
02_12_08_24,0.7166666666666667,"['002_ABC', '003_GH', '007_DEF', '008_DEF', '008_GHK', '014_CD', '014_EF', '016_GH', '016_KL', '017_DEF', '019_DEF', '022_EF', '025_CD', '027_HKL', '030_AB', '030_EF', '035_KL', '036_CD', '037_DEF', '039_DEF', '044_ABC', '045_DEF', '047_AB', '048_G', '049_L', '054_KL', '059_CD', '061_DEF', '062_ABC', '063_ABC', '065_DEF', '066_ABC', '073_ABC', '074_ABC', '077_DEF', '080_ABC', '081_ABC', '083_ABC', '086_CD', '090_GH', '091_AB', '091_DE', '092_ABC', '096_ABC', '097_ABC', '099_ABC', '099_GHK', '100_DEF', '101_ABC', '102_GH', '111_AB', '111_CD', '112_ABC', '114_AB', '115_ABC', '120_GH', '122_DEF', '125_ABC', '126_AB', '129_ABC', '131_AB', '131_CD', '133_ABC', '135_ABC', '141_AB', '144_AB', '145_DEF', '150_ABC', '151_AB', '152_ABC', '155_DEF', '159_DEF', '160_K', '160_M', '161_ABC', '165_CDE', '169_ABC', '171_D', '171_E', '171_G', '171_K', '174_ABC', '177_ABC', '178_ABC', '181_AB', '185_DEF', '189_CD', '190_DEF', '191_CD', '194_ABC', '198_AB', '198_EF', '203_DEF', '205_ABC', '209_KL', '167_AB', '197_ABC', '213_GHK', '005_GH', '089_CD', '124_AB', '154_ABC', '003_KL', '048_ABC', '050_ABC', '051_GH', '053_GH', '057_ABC', '060_ABC', '062_DEF', '074_DEF', '085_CDE', '087_ABC', '095_ABC', '100_ABC', '107_ABC', '107_L', '116_AB', '124_CD', '126_CD', '126_EF', '139_DEF', '166_DEF', '169_GH', '193_ABCD', '201_GH', '202_ABC', '202_DEF', '203_ABC', '205_GH', '210_GHK', '213_LMN', '182_ABC']"
02_12_15_18,0.0,"['002_ABC', '002_G', '003_GH', '005_ABC', '006_DEF', '010_DEF', '012_AB', '014_EF', '016_DEF', '017_DEF', '018_DEF', '020_AB', '022_AB', '022_CD', '022_EF', '023_ABC', '027_ABC', '028_EF', '030_EF', '030_GH', '032_EF', '033_ABC', '036_AB', '036_CD', '037_A', '037_DEF', '040_ABC', '043_AB', '043_CD', '044_ABC', '044_DEF', '045_DEF', '046_AB', '046_EF', '047_EF', '048_G', '049_GHK', '051_ABC', '059_AB', '063_ABC', '065_ABC', '065_DEF', '066_GH', '073_ABC', '074_ABC', '077_ABC', '080_ABC', '081_ABC', '083_ABC', '088_KL', '090_GH', '091_DE', '094_DEF', '099_ABC', '099_DEF', '099_GHK', '101_ABC', '103_ABC', '108_EF', '115_ABC', '120_ABC', '127_ABC', '127_DEF', '129_DEF', '134_FGH', '135_ABC', '140_DEF', '143_AB', '144_AB', '145_ABC', '145_DEF', '147_DEF', '151_AB', '161_ABC', '171_C', '171_E', '171_G', '171_H', '171_L', '172_KL', '181_AB', '183_DEF', '186_ABC', '189_AB', '189_CD', '189_EF', '191_CD', '205_ABC', '205_DEF', '209_KL', '212_ABC', '089_AB', '132_ABC', '151_CD', '213_DEF', '154_ABC', '200_AB', '003_KL', '025_AB', '028_AB', '040_DEF', '049_DEF', '054_ABC', '055_ABC', '056_DEF', '070_GHK', '071_KL', '074_GH', '080_G', '085_CDE', '095_DEF', '105_GHK', '116_AB', '130_ABC', '134_KL', '137_GHK', '137_LMM', '138_AB', '150_KL', '153_ABC', '153_DEF', '163_ABC', '164_ABC', '166_DEF', '176_DEF', '179_GH', '198_CD', '201_DEF', '202_ABC', '203_ABC', '207_DE', '210_ABC', '191_AB']"
02_12_22_16,0.0,"['003_GH', '005_ABC', '007_ABC', '009_DEF', '010_KL', '012_E', '014_EF', '016_DEF', '017_ABC', '019_ABC', '023_ABC', '023_DEF', '027_HKL', '030_AB', '030_EF', '033_GH', '034_CD', '037_DEF', '038_DE', '038_FGH', '042_DE', '044_ABC', '045_DEF', '046_GH', '048_G', '058_DEF', '061_ABC', '061_DEF', '062_ABC', '063_ABC', '065_ABC', '065_DEF', '068_DEF', '073_ABC', '073_DEF', '074_ABC', '077_ABC', '077_DEF', '081_ABC', '084_DEF', '089_EF', '091_AB', '091_DE', '094_ABC', '096_DEF', '098_LMN', '099_ABC', '099_DEF', '099_GHK', '100_DEF', '103_DEF', '110_ABC', '111_AB', '111_EF', '119_L', '121_CD', '122_DEF', '125_ABC', '128_GH', '129_DEF', '131_EF', '132_DEF', '138_CD', '141_AB', '141_CD', '143_AB', '143_DE', '144_AB', '147_DEF', '151_AB', '154_CD', '158_AB', '159_DEF', '165_CDE', '167_EF', '169_DEF', '170_GH', '171_K', '173_KL', '175_ABC', '175_DEF', '177_ABC', '181_EF', '185_DEF', '186_ABC', '189_CD', '191_CD', '204_ABC', '205_ABC', '205_KL', '209_KL', '076_C', '161_DEF', '187_DEF', '192_ABC', '213_DEF', '213_GHK', '063_DEF', '069_AB', '102_MN', '154_ABC', '160_P', '136_DE', '027_DE', '040_DEF', '048_ABC', '051_GH', '055_DEF', '070_ABC', '070_DEF', '074_DEF', '080_G', '085_CDE', '090_ABC', '095_ABC', '095_DEF', '102_KL', '108_AB', '116_AB', '126_CD', '130_ABC', '133_DEF', '143_F', '155_ABC', '195_EF', '202_DEF', '203_ABC', '206_EF', '208_ABC', '210_ABC', '164_DEF', '182_ABC', '191_EFG']"
02_12_28_55,0.0,"['001_DEF', '002_ABC', '003_GH', '006_G', '007_ABC', '007_DEF', '009_DEF', '012_AB', '012_CD', '012_E', '014_AB', '016_DEF', '016_KL', '017_ABC', '019_DEF', '022_AB', '022_EF', '023_DEF', '028_EF', '029_ABC', '030_AB', '030_GH', '033_KL', '034_EF', '036_CD', '037_A', '037_DEF', '041_ABC', '043_AB', '043_CD', '044_ABC', '046_AB', '047_AB', '047_EF', '048_DEF', '048_G', '049_GHK', '059_EF', '061_ABC', '062_ABC', '064_ABC', '064_GHK', '065_ABC', '065_DEF', '066_ABC', '068_DEF', '073_ABC', '073_DEF', '078_CD', '081_ABC', '082_DEF', '090_GH', '091_AB', '091_DE', '093_AB', '098_LMN', '099_ABC', '099_GHK', '105_ABC', '109_ABC', '113_ABC', '118_DEF', '120_ABC', '124_EF', '130_DEF', '131_AB', '131_EF', '132_DEF', '133_GH', '134_ABC', '141_AB', '144_AB', '144_CD', '150_ABC', '151_AB', '152_DEF', '154_CD', '158_AB', '167_CD', '167_EF', '169_DEF', '171_E', '171_G', '171_N', '172_KL', '178_FGH', '183_DEF', '185_ABC', '191_CD', '199_DEF', '204_DEF', '205_ABC', '209_KL', '211_ZZZ', '093_CD', '102_EF', '123_EF', '213_GHK', '069_AB', '089_CD', '102_MN', '124_AB', '154_ABC', '183_ABC', '136_DE', '031_ABC', '040_DEF', '055_ABC', '055_DEF', '056_DEF', '062_DEF', '070_ABC', '071_KL', '074_GH', '085_CDE', '095_ABC', '095_DEF', '097_DEF', '105_GHK', '107_GHK', '116_AB', '117_DE', '117_KL', '134_KL', '162_ABC', '179_GH', '201_ABC', '202_DEF', '206_EF', '210_ABC', '210_DEF', '113_DEF', '182_ABC']"
02_12_35_39,0.0166666666666666,"['001_ABC', '002_G', '003_GH', '006_DEF', '007_ABC', '008_LMN', '009_DEF', '010_ABC', '010_KL', '013_AB', '014_AB', '014_EF', '016_DEF', '017_ABC', '020_CD', '022_AB', '023_DEF', '024_DEF', '028_EF', '034_EF', '036_EF', '037_DEF', '039_DEF', '041_ABC', '042_ABC', '043_AB', '044_ABC', '048_DEF', '048_G', '051_DEF', '058_GH', '061_ABC', '064_ABC', '065_DEF', '070_LMN', '073_ABC', '081_ABC', '081_DEF', '084_ABC', '087_DEF', '089_EF', '090_DEF', '091_DE', '099_ABC', '099_DEF', '099_GHK', '102_AB', '102_GH', '103_DEF', '112_ABC', '115_ABC', '118_DEF', '119_GHK', '119_L', '127_ABC', '133_GH', '135_ABC', '140_GH', '140_KL', '142_DEF', '144_AB', '148_DEF', '151_AB', '152_DEF', '156_DEF', '160_F', '160_K', '161_ABC', '165_AB', '171_A', '171_B', '171_C', '171_D', '171_L', '178_FGH', '184_ZZZ', '185_DEF', '190_ABC', '195_CD', '197_DEF', '205_ABC', '209_GH', '209_KL', '212_ABC', '080_DEF', '093_CD', '167_AB', '171_M', '174_DEF', '187_DEF', '197_ABC', '213_DEF', '160_E', '120_DEF', '124_AB', '154_ABC', '178_KL', '104_AB', '136_DE', '013_CD', '049_DEF', '054_ABC', '055_ABC', '060_ABC', '074_DEF', '085_CDE', '085_F', '087_ABC', '097_DEF', '100_ABC', '102_CD', '102_KL', '107_L', '108_AB', '109_DEF', '116_AB', '124_CD', '126_CD', '130_ABC', '133_DEF', '134_KL', '138_AB', '150_KL', '193_ABCD', '193_EFG', '203_LMN', '205_GH', '206_EF', '210_ABC', '210_GHK', '164_DEF', '182_ABC', '191_AB']"
02_12_42_28,0.2333333333333333,"['002_G', '003_GH', '005_KL', '006_G', '008_ABC', '010_DEF', '010_KL', '014_AB', '014_CD', '016_DEF', '017_ABC', '017_DEF', '021_ABC', '022_AB', '025_CD', '033_DEF', '036_AB', '036_EF', '037_A', '037_DEF', '041_ABC', '041_DEF', '043_AB', '044_ABC', '046_CD', '047_AB', '047_EF', '048_G', '049_L', '052_ABC', '054_KL', '059_CD', '063_ABC', '065_DEF', '068_DEF', '070_LMN', '073_ABC', '077_ABC', '079_DEF', '081_ABC', '083_ABC', '086_CD', '086_EF', '088_KL', '090_GH', '091_AB', '091_DE', '093_AB', '096_DEF', '099_ABC', '099_GHK', '100_DEF', '103_ABC', '104_EF', '110_DEF', '114_AB', '119_GHK', '123_CD', '125_ABC', '128_DEF', '128_GH', '131_AB', '131_EF', '132_DEF', '136_FG', '138_CD', '140_DEF', '140_GH', '141_AB', '144_AB', '148_ABC', '149_DEF', '151_AB', '151_EF', '152_ABC', '152_DEF', '154_CD', '158_AB', '159_ABC', '160_A', '160_H', '167_EF', '171_F', '171_K', '171_L', '180_AB', '181_G', '185_DEF', '187_ABC', '189_CD', '197_DEF', '199_ABC', '199_DEF', '204_ABC', '204_DEF', '205_ABC', '205_DEF', '209_KL', '089_AB', '093_CD', '132_ABC', '187_DEF', '209_DEF', '213_DEF', '120_DEF', '124_AB', '154_ABC', '160_P', '104_AB', '013_EF', '031_ABC', '055_ABC', '060_ABC', '062_DEF', '085_CDE', '085_F', '095_DEF', '097_DEF', '100_ABC', '102_CD', '105_GHK', '107_ABC', '108_AB', '116_AB', '117_KL', '143_C', '146_DEF', '168_DEF', '176_DEF', '202_ABC', '202_DEF', '203_GHK', '203_LMN']"
02_12_49_14,0.8166666666666667,"['002_G', '003_GH', '006_ABC', '006_DEF', '009_DEF', '009_GH', '010_KL', '012_E', '014_EF', '016_DEF', '019_ABC', '019_DEF', '022_AB', '023_ABC', '024_KL', '025_CD', '028_EF', '032_CD', '033_ABC', '033_GH', '036_AB', '036_CD', '037_BC', '037_DEF', '038_DE', '044_ABC', '044_DEF', '047_CD', '048_DEF', '048_G', '051_DEF', '065_DEF', '068_DEF', '070_LMN', '072_ABC', '073_ABC', '077_KL', '081_ABC', '084_DEF', '086_CD', '089_EF', '091_DE', '092_DEF', '094_ABC', '096_ABC', '097_ABC', '099_ABC', '099_GHK', '102_AB', '104_CD', '109_ABC', '110_ABC', '110_DEF', '111_EF', '113_ABC', '125_ABC', '127_ABC', '127_DEF', '129_ABC', '134_ABC', '134_FGH', '136_FG', '138_CD', '141_CD', '144_AB', '145_ABC', '147_DEF', '148_ABC', '149_DEF', '151_AB', '155_DEF', '159_DEF', '160_K', '161_ABC', '167_CD', '167_EF', '169_ABC', '169_DEF', '174_ABC', '177_DEF', '181_CD', '181_G', '188_ABC', '190_ABC', '191_CD', '195_CD', '204_DEF', '205_ABC', '209_KL', '212_ABC', '213_ABC', '167_AB', '209_DEF', '213_DEF', '031_F', '154_ABC', '166_ABC', '200_AB', '013_CD', '040_DEF', '055_ABC', '062_DEF', '069_F', '070_GHK', '071_ABC', '071_DE', '072_DEF', '074_GH', '080_G', '085_CDE', '085_F', '087_ABC', '095_ABC', '098_DEF', '100_ABC', '102_KL', '107_GHK', '116_AB', '130_ABC', '138_AB', '150_GH', '153_ABC', '155_ABC', '164_ABC', '168_DEF', '179_GH', '193_EFG', '201_ABC', '206_EF', '210_GHK', '164_DEF', '182_ABC', '191_AB']"
02_12_56_03,0.0,"['001_DEF', '002_ABC', '003_GH', '006_G', '010_GH', '010_KL', '012_E', '014_CD', '016_KL', '017_ABC', '022_CD', '025_CD', '027_ABC', '028_EF', '032_EF', '033_KL', '034_AB', '035_KL', '036_CD', '036_EF', '037_DEF', '038_DE', '038_FGH', '044_ABC', '046_GH', '048_G', '049_GHK', '052_ABC', '054_GH', '058_DEF', '065_DEF', '066_DEF', '072_ABC', '073_ABC', '077_DEF', '077_GH', '081_ABC', '082_DEF', '084_DEF', '086_EF', '087_DEF', '090_DEF', '091_AB', '091_DE', '092_ABC', '099_ABC', '099_GHK', '102_GH', '103_ABC', '108_CD', '110_ABC', '113_ABC', '118_ABC', '125_DEF', '126_AB', '131_AB', '131_CD', '134_DE', '134_FGH', '140_ABC', '141_AB', '141_EF', '142_ABC', '143_DE', '144_AB', '144_CD', '145_ABC', '145_LMN', '146_ABC', '151_AB', '158_CD', '160_A', '160_H', '163_DEF', '170_GH', '171_H', '171_L', '171_N', '176_ABC', '177_ABC', '179_DEF', '181_CD', '182_DEF', '186_GH', '189_CD', '190_DEF', '191_CD', '197_DEF', '198_AB', '199_DEF', '204_ABC', '205_ABC', '209_KL', '213_ABC', '128_ABC', '005_GH', '031_F', '089_CD', '154_ABC', '160_P', '172_GH', '180_EFG', '104_AB', '136_DE', '013_CD', '027_FG', '028_AB', '040_DEF', '051_GH', '054_DEF', '055_DEF', '060_ABC', '070_DEF', '080_G', '085_CDE', '085_F', '095_ABC', '102_KL', '105_GHK', '107_DEF', '107_L', '116_AB', '121_AB', '137_ABC', '137_LMM', '153_DEF', '162_ABC', '193_EFG', '196_ABC', '198_CD', '203_LMN', '206_CD', '113_DEF']"
02_13_03_01,0.1166666666666666,"['002_DEF', '003_GH', '005_ABC', '005_DEF', '005_KL', '012_AB', '014_AB', '016_KL', '017_DEF', '019_ABC', '020_CD', '024_GH', '030_EF', '030_GH', '032_EF', '033_DEF', '034_CD', '034_EF', '035_DEF', '036_CD', '036_EF', '037_A', '037_DEF', '038_FGH', '044_ABC', '045_DEF', '046_EF', '046_GH', '047_CD', '047_EF', '048_DEF', '048_G', '051_ABC', '051_DEF', '052_DEF', '061_ABC', '062_ABC', '064_DEF', '064_GHK', '065_DEF', '072_ABC', '073_ABC', '074_ABC', '076_EF', '081_ABC', '084_ABC', '086_CD', '091_DE', '093_AB', '094_ABC', '096_ABC', '099_ABC', '099_GHK', '103_DEF', '104_EF', '108_CD', '110_DEF', '111_EF', '114_EF', '118_DEF', '119_L', '125_DEF', '126_AB', '129_ABC', '134_ABC', '143_DE', '144_AB', '145_DEF', '145_GHK', '149_DEF', '151_AB', '151_EF', '152_ABC', '160_H', '170_GH', '172_ABC', '174_ABC', '178_ABC', '179_ABC', '180_AB', '181_CD', '190_DEF', '198_AB', '199_ABC', '199_DEF', '205_ABC', '205_DEF', '209_KL', '212_DEF', '213_ABC', '098_GHK', '123_EF', '151_CD', '161_DEF', '187_DEF', '192_ABC', '213_DEF', '063_DEF', '089_CD', '154_ABC', '168_ABC', '172_GH', '180_EFG', '104_AB', '028_AB', '028_CD', '050_DEF', '054_DEF', '060_DEF', '062_DEF', '069_F', '085_CDE', '087_ABC', '102_CD', '106_ABC', '107_GHK', '107_L', '108_AB', '109_DEF', '116_AB', '117_KL', '126_CD', '126_EF', '138_AB', '139_DEF', '143_C', '163_ABC', '172_DEF', '193_EFG', '196_ABC', '210_ABC', '210_L', '191_EFG']"
02_13_09_46,0.5,"['001_ABC', '002_ABC', '003_DEF', '003_GH', '005_DEF', '006_ABC', '007_DEF', '012_E', '014_CD', '014_EF', '016_GH', '017_DEF', '020_CD', '022_CD', '023_ABC', '030_AB', '030_CD', '030_GH', '031_DE', '032_CD', '032_EF', '034_AB', '036_CD', '037_BC', '037_DEF', '041_DEF', '042_ABC', '044_ABC', '045_ABC', '046_CD', '047_CD', '048_G', '049_L', '061_DEF', '062_ABC', '065_DEF', '066_DEF', '067_AB', '073_ABC', '074_ABC', '079_DEF', '081_ABC', '083_ABC', '086_AB', '086_CD', '087_DEF', '091_DE', '099_ABC', '099_GHK', '100_DEF', '101_DEF', '103_ABC', '108_EF', '110_ABC', '111_CD', '111_EF', '114_AB', '119_L', '120_ABC', '121_CD', '122_DEF', '125_ABC', '127_DEF', '131_AB', '131_CD', '135_ABC', '136_FG', '140_DEF', '142_ABC', '143_DE', '144_AB', '146_ABC', '147_DEF', '148_ABC', '151_AB', '158_CD', '160_R', '161_ABC', '171_B', '171_L', '175_DEF', '183_DEF', '185_ABC', '185_DEF', '194_ABC', '195_CD', '197_DEF', '198_AB', '199_DEF', '204_DEF', '205_ABC', '205_KL', '209_KL', '119_ABC', '123_EF', '167_AB', '197_ABC', '213_GHK', '160_E', '201_KL', '005_GH', '031_F', '154_ABC', '166_ABC', '200_AB', '025_AB', '027_DE', '031_ABC', '040_DEF', '049_DEF', '050_DEF', '054_ABC', '074_GH', '080_G', '085_CDE', '100_ABC', '102_CD', '102_KL', '108_AB', '116_AB', '117_KL', '126_CD', '126_EF', '155_ABC', '169_GH', '201_ABC', '203_GHK', '205_GH', '206_CD', '213_LMN', '113_DEF', '164_DEF', '191_EFG']"
02_13_16_34,0.2166666666666666,"['001_ABC', '001_DEF', '003_GH', '005_DEF', '007_ABC', '008_LMN', '010_KL', '012_CD', '013_AB', '016_ABC', '016_GH', '017_DEF', '020_AB', '021_DEF', '022_CD', '025_CD', '025_EF', '026_ABC', '030_GH', '032_AB', '033_DEF', '034_EF', '036_EF', '037_DEF', '042_ABC', '042_DE', '043_CD', '044_ABC', '045_ABC', '046_CD', '046_EF', '046_GH', '048_G', '049_ABC', '053_DEF', '054_GH', '059_EF', '061_DEF', '065_DEF', '073_ABC', '077_ABC', '081_ABC', '082_ABC', '084_ABC', '084_DEF', '086_CD', '088_GH', '089_EF', '091_AB', '091_DE', '099_ABC', '099_GHK', '101_ABC', '102_GH', '111_AB', '111_EF', '114_AB', '121_CD', '122_DEF', '126_AB', '130_DEF', '131_EF', '134_DE', '135_DEF', '136_FG', '141_CD', '142_DEF', '143_AB', '144_AB', '146_ABC', '151_AB', '158_AB', '158_CD', '159_DEF', '160_B', '160_K', '161_ABC', '163_DEF', '167_CD', '171_D', '171_F', '171_H', '171_K', '171_N', '177_ABC', '178_DE', '182_DEF', '185_DEF', '189_AB', '190_ABC', '195_CD', '196_DE', '198_EF', '205_ABC', '209_KL', '167_AB', '031_F', '102_MN', '154_ABC', '178_KL', '136_DE', '200_AB', '013_CD', '031_ABC', '035_ABC', '051_GH', '074_DEF', '080_G', '085_CDE', '097_DEF', '100_ABC', '102_CD', '107_ABC', '107_L', '116_AB', '117_DE', '121_AB', '130_ABC', '137_ABC', '137_GHK', '138_AB', '143_F', '153_DEF', '155_ABC', '196_ABC', '201_DEF', '201_GH', '206_CD', '210_DEF', '210_GHK', '213_LMN', '078_EF', '113_DEF']"
02_13_23_18,0.0833333333333333,"['001_DEF', '003_GH', '006_DEF', '007_ABC', '007_DEF', '010_GH', '019_ABC', '019_DEF', '020_AB', '022_CD', '024_DEF', '024_GH', '025_EF', '026_ABC', '029_DEF', '030_AB', '030_GH', '031_DE', '037_BC', '037_DEF', '039_DEF', '040_ABC', '043_AB', '044_ABC', '045_ABC', '046_AB', '046_CD', '046_GH', '047_AB', '048_G', '049_ABC', '051_DEF', '061_DEF', '064_DEF', '065_DEF', '073_ABC', '081_ABC', '084_ABC', '084_DEF', '088_ABC', '088_KL', '089_EF', '091_DE', '092_DEF', '096_ABC', '096_DEF', '097_ABC', '099_ABC', '099_GHK', '101_DEF', '102_GH', '104_CD', '111_EF', '113_ABC', '122_DEF', '127_ABC', '131_CD', '131_EF', '134_DE', '135_ABC', '135_DEF', '141_AB', '144_AB', '145_LMN', '146_ABC', '150_ABC', '151_AB', '159_DEF', '160_N', '167_EF', '170_ABC', '171_A', '171_C', '171_E', '173_KL', '175_DEF', '177_DEF', '178_ABC', '179_ABC', '181_AB', '181_CD', '181_EF', '181_G', '189_CD', '198_AB', '199_ABC', '199_DEF', '205_ABC', '205_KL', '209_GH', '209_KL', '211_ZZZ', '089_AB', '197_ABC', '063_DEF', '102_MN', '154_ABC', '025_AB', '031_ABC', '049_DEF', '060_ABC', '071_KL', '074_DEF', '074_GH', '080_G', '085_CDE', '090_ABC', '095_DEF', '100_ABC', '102_KL', '105_DEF', '107_GHK', '116_AB', '117_FGH', '124_CD', '126_CD', '130_ABC', '134_KL', '137_GHK', '143_F', '153_DEF', '164_ABC', '179_GH', '188_DEF', '193_EFG', '203_GHK', '203_LMN', '206_CD', '206_EF', '207_ABC', '210_ABC', '210_L', '213_LMN']"
02_13_30_12,0.2333333333333333,"['001_ABC', '002_DEF', '003_GH', '005_KL', '007_ABC', '007_DEF', '010_ABC', '010_DEF', '014_AB', '016_ABC', '016_DEF', '016_GH', '019_ABC', '022_CD', '022_EF', '023_DEF', '024_GH', '026_DEF', '030_CD', '032_GH', '033_GH', '034_AB', '034_EF', '037_A', '037_DEF', '038_DE', '038_FGH', '041_ABC', '042_DE', '043_AB', '044_ABC', '045_ABC', '046_AB', '048_G', '049_ABC', '049_L', '053_DEF', '054_GH', '059_AB', '065_DEF', '066_GH', '068_DEF', '073_ABC', '073_DEF', '076_EF', '081_ABC', '082_ABC', '086_CD', '090_DEF', '090_GH', '091_AB', '091_DE', '092_ABC', '094_ABC', '096_ABC', '099_ABC', '099_GHK', '102_GH', '108_EF', '115_ABC', '119_L', '122_DEF', '125_ABC', '129_DEF', '131_AB', '131_CD', '133_GH', '134_ABC', '135_ABC', '136_FG', '138_CD', '140_KL', '141_AB', '144_AB', '145_GHK', '151_AB', '151_EF', '152_DEF', '160_N', '160_R', '163_DEF', '165_AB', '167_CD', '171_A', '171_D', '172_ABC', '175_DEF', '178_DE', '178_FGH', '179_ABC', '194_DEF', '196_DE', '197_DEF', '199_DEF', '205_ABC', '205_KL', '209_KL', '089_AB', '123_EF', '128_ABC', '132_ABC', '167_AB', '174_DEF', '213_DEF', '031_F', '117_ABC', '124_AB', '154_ABC', '104_AB', '136_DE', '025_AB', '048_ABC', '049_DEF', '053_GH', '058_ABC', '060_ABC', '071_ABC', '080_G', '085_CDE', '098_DEF', '102_KL', '116_AB', '121_AB', '124_CD', '137_DEF', '139_DEF', '147_ABC', '153_ABC', '168_DEF', '198_CD', '201_DEF', '207_FG', '113_DEF']"
02_13_37_00,0.3833333333333333,"['001_DEF', '002_DEF', '003_ABC', '003_GH', '007_ABC', '009_ABC', '010_ABC', '010_DEF', '016_ABC', '016_GH', '020_AB', '022_AB', '022_EF', '026_DEF', '030_AB', '030_EF', '031_DE', '032_CD', '033_GH', '037_DEF', '039_DEF', '040_ABC', '041_DEF', '044_ABC', '045_ABC', '046_GH', '048_G', '049_ABC', '049_GHK', '051_ABC', '052_DEF', '059_AB', '059_CD', '059_EF', '062_ABC', '065_DEF', '072_ABC', '073_ABC', '075_DEF', '077_ABC', '077_GH', '081_ABC', '082_DEF', '085_AB', '088_GH', '091_DE', '093_AB', '094_ABC', '094_DEF', '099_ABC', '099_GHK', '103_ABC', '103_DEF', '111_CD', '113_ABC', '126_AB', '129_DEF', '131_EF', '133_GH', '134_FGH', '135_ABC', '135_DEF', '140_GH', '142_ABC', '144_AB', '145_ABC', '146_ABC', '151_AB', '158_CD', '159_ABC', '160_F', '160_R', '163_DEF', '167_EF', '170_ABC', '171_H', '171_N', '172_KL', '174_ABC', '175_DEF', '181_AB', '181_CD', '181_G', '182_DEF', '189_AB', '190_DEF', '191_CD', '197_DEF', '199_ABC', '205_ABC', '205_DEF', '209_KL', '080_DEF', '089_AB', '102_EF', '156_ABC', '167_AB', '174_DEF', '187_DEF', '213_DEF', '213_GHK', '031_F', '154_ABC', '136_DE', '013_CD', '028_AB', '040_DEF', '048_ABC', '050_ABC', '051_GH', '054_ABC', '055_ABC', '070_DEF', '071_ABC', '071_DE', '072_DEF', '085_CDE', '085_F', '095_ABC', '102_CD', '116_AB', '124_CD', '126_EF', '133_DEF', '137_ABC', '137_GHK', '143_C', '155_ABC', '169_GH', '179_GH', '195_EF', '210_DEF', '182_ABC']"
02_13_43_56,0.0,"['003_GH', '006_DEF', '008_LMN', '010_DEF', '010_KL', '012_E', '016_KL', '017_DEF', '020_CD', '021_ABC', '023_ABC', '023_DEF', '026_ABC', '027_ABC', '028_EF', '030_AB', '030_EF', '030_GH', '036_AB', '036_EF', '037_DEF', '044_ABC', '048_G', '049_L', '051_ABC', '054_GH', '059_CD', '065_DEF', '072_ABC', '073_ABC', '073_DEF', '075_ABC', '076_ABD', '077_GH', '081_ABC', '083_DEF', '084_ABC', '085_AB', '087_DEF', '089_EF', '090_DEF', '091_DE', '092_ABC', '093_AB', '094_ABC', '096_ABC', '096_DEF', '098_LMN', '099_ABC', '099_DEF', '099_GHK', '101_ABC', '111_EF', '112_ABC', '122_DEF', '123_CD', '125_DEF', '129_ABC', '133_ABC', '135_ABC', '135_DEF', '136_FG', '140_DEF', '141_EF', '142_DEF', '144_AB', '147_DEF', '148_DEF', '150_DEF', '151_AB', '151_EF', '161_ABC', '167_CD', '171_C', '171_E', '171_F', '171_H', '171_N', '177_ABC', '180_AB', '181_AB', '182_DEF', '190_ABC', '191_CD', '192_DEF', '194_ABC', '199_DEF', '205_ABC', '205_KL', '209_KL', '093_CD', '123_EF', '132_ABC', '139_KL', '171_M', '174_DEF', '114_CD', '154_ABC', '136_DE', '200_AB', '013_CD', '024_ABC', '040_DEF', '048_ABC', '051_GH', '060_DEF', '070_GHK', '074_DEF', '074_GH', '080_G', '085_CDE', '087_ABC', '090_ABC', '095_ABC', '097_DEF', '102_CD', '107_ABC', '107_L', '116_AB', '117_FGH', '124_CD', '126_CD', '138_AB', '139_GH', '153_ABC', '155_ABC', '162_ABC', '168_DEF', '202_ABC', '203_ABC', '203_LMN', '213_LMN', '078_EF']"
02_13_50_54,0.1,"['001_ABC', '001_DEF', '003_GH', '004_GHK', '010_ABC', '010_GH', '012_AB', '012_CD', '014_CD', '016_KL', '022_AB', '022_CD', '026_ABC', '028_EF', '029_ABC', '030_AB', '032_AB', '033_DEF', '035_KL', '036_CD', '036_EF', '037_DEF', '038_ABC', '040_ABC', '042_DE', '043_AB', '044_ABC', '046_CD', '047_AB', '047_CD', '048_G', '052_ABC', '053_ABC', '053_DEF', '058_GH', '059_EF', '062_ABC', '064_ABC', '065_DEF', '068_DEF', '073_ABC', '077_DEF', '077_KL', '080_ABC', '081_ABC', '082_ABC', '084_DEF', '085_AB', '089_EF', '090_GH', '091_DE', '092_ABC', '092_DEF', '094_DEF', '099_ABC', '099_DEF', '099_GHK', '101_ABC', '102_AB', '103_DEF', '111_CD', '115_DEF', '118_ABC', '120_ABC', '121_CD', '122_DEF', '125_DEF', '127_DEF', '128_GH', '128_KL', '131_CD', '134_FGH', '140_ABC', '142_DEF', '144_AB', '145_GHK', '151_AB', '159_ABC', '159_DEF', '160_B', '160_C', '165_AB', '167_CD', '171_F', '172_ABC', '172_KL', '177_ABC', '184_ZZZ', '188_ABC', '189_CD', '190_ABC', '194_ABC', '198_AB', '205_ABC', '205_KL', '208_DEF', '209_KL', '089_AB', '132_ABC', '167_AB', '197_ABC', '213_DEF', '005_GH', '154_ABC', '166_ABC', '136_DE', '013_CD', '024_ABC', '051_GH', '055_ABC', '058_ABC', '070_DEF', '085_CDE', '087_ABC', '090_ABC', '095_ABC', '098_DEF', '102_KL', '109_DEF', '116_AB', '133_DEF', '138_AB', '143_C', '143_F', '150_KL', '153_ABC', '163_ABC', '172_DEF', '193_ABCD', '202_DEF', '208_ABC', '213_LMN', '182_ABC']"
02_13_57_44,0.0666666666666666,"['003_GH', '004_GHK', '006_ABC', '006_DEF', '006_G', '007_ABC', '007_DEF', '010_KL', '011_ABC', '012_CD', '016_KL', '017_ABC', '017_DEF', '022_CD', '023_ABC', '025_CD', '027_ABC', '029_DEF', '031_DE', '032_AB', '033_GH', '034_AB', '036_AB', '037_DEF', '041_DEF', '043_CD', '044_ABC', '046_EF', '048_G', '049_ABC', '054_GH', '064_ABC', '065_ABC', '065_DEF', '066_DEF', '073_ABC', '073_DEF', '074_ABC', '075_ABC', '077_ABC', '081_ABC', '082_DEF', '084_ABC', '085_AB', '090_GH', '091_AB', '091_DE', '092_DEF', '094_ABC', '094_DEF', '098_LMN', '099_ABC', '099_DEF', '099_GHK', '103_ABC', '104_EF', '108_EF', '111_EF', '115_ABC', '122_DEF', '127_DEF', '129_DEF', '130_DEF', '131_CD', '135_ABC', '136_FG', '140_KL', '141_CD', '143_DE', '144_AB', '144_EF', '145_DEF', '145_LMN', '149_DEF', '151_AB', '152_ABC', '156_DEF', '158_CD', '160_L', '160_M', '171_N', '175_ABC', '181_EF', '182_DEF', '185_ABC', '185_DEF', '188_ABC', '190_ABC', '190_DEF', '192_DEF', '194_ABC', '205_ABC', '208_DEF', '209_KL', '212_ABC', '093_CD', '132_ABC', '151_CD', '161_DEF', '174_DEF', '005_GH', '120_DEF', '154_ABC', '168_ABC', '172_GH', '136_DE', '027_DE', '048_ABC', '050_DEF', '055_ABC', '057_DEF', '070_GHK', '085_CDE', '085_F', '090_ABC', '095_DEF', '107_DEF', '107_L', '116_AB', '134_KL', '137_LMM', '138_AB', '139_ABC', '147_ABC', '153_ABC', '163_ABC', '180_CD', '195_EF', '198_CD', '201_ABC', '205_GH', '210_GHK', '191_AB']"
02_14_04_34,0.0666666666666666,"['001_DEF', '002_G', '003_GH', '004_GHK', '005_ABC', '006_DEF', '007_DEF', '010_GH', '012_E', '018_ABC', '025_EF', '026_ABC', '026_DEF', '030_AB', '030_CD', '031_DE', '033_DEF', '037_BC', '037_DEF', '038_ABC', '038_DE', '038_FGH', '040_ABC', '041_ABC', '043_AB', '044_ABC', '046_GH', '047_EF', '048_DEF', '048_G', '049_ABC', '049_GHK', '051_DEF', '058_GH', '063_ABC', '064_DEF', '065_DEF', '068_DEF', '073_ABC', '073_DEF', '077_GH', '081_ABC', '084_ABC', '084_DEF', '085_AB', '086_CD', '090_DEF', '091_DE', '092_DEF', '099_ABC', '099_GHK', '109_ABC', '110_ABC', '110_DEF', '120_ABC', '120_GH', '124_EF', '133_ABC', '134_DE', '140_KL', '141_AB', '143_AB', '144_AB', '147_DEF', '148_ABC', '151_AB', '152_ABC', '158_AB', '159_DEF', '160_H', '160_K', '160_N', '165_CDE', '171_E', '171_L', '174_ABC', '176_GHK', '177_DEF', '178_ABC', '178_FGH', '179_ABC', '181_AB', '184_ZZZ', '185_DEF', '188_ABC', '189_CD', '190_ABC', '196_DE', '204_ABC', '205_ABC', '209_KL', '213_ABC', '123_EF', '170_KL', '209_DEF', '160_E', '102_MN', '120_DEF', '124_AB', '154_ABC', '168_ABC', '180_EFG', '013_CD', '013_EF', '031_ABC', '055_DEF', '069_CD', '070_ABC', '071_KL', '080_G', '085_CDE', '085_F', '090_ABC', '100_ABC', '105_DEF', '107_DEF', '107_L', '116_AB', '117_KL', '119_DEF', '121_AB', '139_ABC', '153_ABC', '153_DEF', '163_ABC', '188_DEF', '193_ABCD', '202_ABC', '203_ABC', '213_LMN', '164_DEF', '182_ABC', '191_AB']"
02_14_11_26,0.6333333333333333,"['002_ABC', '003_GH', '009_ABC', '012_AB', '012_CD', '012_E', '016_GH', '022_EF', '026_ABC', '026_DEF', '030_AB', '030_CD', '031_DE', '036_EF', '037_BC', '037_DEF', '040_ABC', '041_ABC', '042_DE', '044_ABC', '044_DEF', '045_DEF', '046_AB', '046_CD', '047_AB', '048_G', '049_ABC', '049_GHK', '049_L', '051_DEF', '065_ABC', '065_DEF', '066_DEF', '068_DEF', '073_ABC', '074_ABC', '080_ABC', '081_ABC', '082_ABC', '082_DEF', '087_DEF', '091_DE', '096_ABC', '096_DEF', '099_ABC', '099_GHK', '103_ABC', '104_CD', '104_EF', '119_L', '120_ABC', '121_CD', '128_GH', '128_KL', '133_GH', '135_ABC', '135_DEF', '142_DEF', '144_AB', '144_CD', '145_ABC', '145_GHK', '146_ABC', '147_DEF', '148_DEF', '151_AB', '151_EF', '156_DEF', '159_DEF', '161_ABC', '165_CDE', '171_A', '171_B', '171_C', '171_G', '172_KL', '173_DE', '178_FGH', '180_AB', '181_AB', '181_CD', '181_EF', '182_DEF', '186_GH', '189_EF', '190_ABC', '198_EF', '199_ABC', '205_ABC', '205_DEF', '205_KL', '209_KL', '119_ABC', '128_ABC', '132_ABC', '167_AB', '209_DEF', '031_F', '102_MN', '154_ABC', '168_ABC', '180_EFG', '136_DE', '025_AB', '050_DEF', '056_DEF', '060_DEF', '062_DEF', '070_ABC', '070_DEF', '074_GH', '085_CDE', '087_ABC', '090_ABC', '095_DEF', '097_DEF', '107_L', '109_DEF', '112_DEF', '116_AB', '124_CD', '130_ABC', '137_ABC', '153_ABC', '168_DEF', '179_GH', '186_DEF', '188_DEF', '196_ABC', '206_EF', '207_DE', '207_FG', '191_AB']"
02_14_18_14,0.2,"['001_ABC', '002_DEF', '003_ABC', '003_GH', '006_ABC', '006_DEF', '006_G', '007_ABC', '007_DEF', '009_ABC', '010_DEF', '010_GH', '014_CD', '014_EF', '016_DEF', '019_DEF', '020_AB', '024_KL', '026_DEF', '028_EF', '030_EF', '032_AB', '033_KL', '034_EF', '037_A', '037_DEF', '040_ABC', '042_DE', '044_ABC', '044_DEF', '045_ABC', '045_DEF', '048_G', '049_ABC', '049_L', '053_ABC', '054_GH', '059_EF', '061_DEF', '065_DEF', '066_DEF', '067_AB', '073_ABC', '076_ABD', '077_KL', '079_DEF', '081_ABC', '083_ABC', '084_ABC', '091_DE', '097_ABC', '099_ABC', '099_GHK', '100_DEF', '102_AB', '108_EF', '110_DEF', '124_EF', '130_DEF', '131_AB', '132_DEF', '134_DE', '135_ABC', '141_AB', '144_AB', '144_CD', '145_DEF', '145_GHK', '149_DEF', '151_AB', '159_ABC', '167_EF', '171_E', '171_L', '171_N', '173_KL', '177_ABC', '179_DEF', '180_AB', '183_DEF', '184_ZZZ', '185_ABC', '189_AB', '189_CD', '195_AB', '196_DE', '198_AB', '198_EF', '204_DEF', '205_ABC', '209_KL', '076_C', '123_EF', '167_AB', '005_GH', '154_ABC', '168_ABC', '183_ABC', '200_AB', '013_EF', '025_AB', '048_ABC', '054_ABC', '060_ABC', '069_CD', '069_F', '070_ABC', '070_DEF', '070_GHK', '072_DEF', '074_DEF', '074_GH', '080_G', '085_CDE', '095_DEF', '102_KL', '106_ABC', '107_DEF', '116_AB', '124_CD', '130_ABC', '146_DEF', '147_ABC', '162_DEF', '169_GH', '180_CD', '203_ABC', '203_GHK', '206_EF', '207_FG', '213_LMN', '182_ABC', '191_AB']"
02_14_25_06,0.5,"['002_DEF', '002_G', '003_GH', '005_DEF', '006_G', '008_ABC', '009_GH', '010_ABC', '011_ABC', '012_CD', '016_GH', '021_ABC', '022_CD', '025_EF', '026_DEF', '027_HKL', '033_KL', '037_DEF', '041_DEF', '044_ABC', '046_CD', '047_EF', '048_G', '049_GHK', '049_L', '054_KL', '059_AB', '059_EF', '062_ABC', '064_GHK', '065_DEF', '066_ABC', '066_GH', '073_ABC', '075_ABC', '077_DEF', '077_GH', '077_KL', '078_AB', '081_ABC', '083_DEF', '085_AB', '086_EF', '089_EF', '091_DE', '093_AB', '094_DEF', '097_ABC', '098_LMN', '099_ABC', '099_GHK', '102_AB', '102_GH', '103_ABC', '110_DEF', '114_AB', '119_GHK', '123_CD', '126_AB', '127_DEF', '129_ABC', '131_CD', '133_ABC', '133_GH', '134_DE', '134_FGH', '140_ABC', '144_AB', '144_CD', '147_DEF', '149_DEF', '150_ABC', '151_AB', '152_ABC', '167_EF', '171_H', '171_L', '174_ABC', '175_DEF', '176_ABC', '178_FGH', '179_ABC', '181_CD', '181_G', '182_DEF', '188_ABC', '190_DEF', '194_ABC', '195_AB', '198_EF', '199_ABC', '203_DEF', '204_DEF', '205_ABC', '209_KL', '212_ABC', '102_EF', '156_ABC', '213_GHK', '089_CD', '124_AB', '154_ABC', '168_ABC', '180_EFG', '183_ABC', '013_CD', '013_EF', '028_CD', '035_ABC', '054_ABC', '060_ABC', '070_ABC', '072_DEF', '085_CDE', '087_ABC', '090_ABC', '102_CD', '102_KL', '107_DEF', '107_L', '116_AB', '121_AB', '134_KL', '137_ABC', '146_DEF', '188_DEF', '196_ABC', '206_CD', '208_ABC', '210_ABC', '210_DEF', '210_L', '164_DEF']"
02_14_31_56,0.8333333333333334,"['001_ABC', '002_DEF', '003_GH', '004_DEF', '004_LMN', '005_ABC', '008_ABC', '008_GHK', '010_KL', '016_ABC', '016_DEF', '016_GH', '016_KL', '017_ABC', '019_DEF', '025_CD', '030_AB', '033_ABC', '033_GH', '034_EF', '036_AB', '036_CD', '037_BC', '037_DEF', '038_DE', '043_CD', '044_ABC', '045_DEF', '046_CD', '046_EF', '047_AB', '048_DEF', '048_G', '059_CD', '065_DEF', '066_GH', '068_ABC', '073_ABC', '073_DEF', '076_EF', '077_KL', '081_ABC', '085_AB', '089_EF', '091_AB', '091_DE', '096_DEF', '097_ABC', '098_ABC', '099_ABC', '099_GHK', '101_ABC', '101_DEF', '102_AB', '102_GH', '103_ABC', '104_CD', '104_EF', '110_ABC', '113_ABC', '114_AB', '118_DEF', '120_ABC', '121_CD', '123_CD', '125_ABC', '131_EF', '140_DEF', '141_AB', '141_CD', '142_ABC', '143_DE', '144_AB', '145_LMN', '151_AB', '151_EF', '155_DEF', '158_CD', '165_CDE', '167_CD', '171_B', '171_D', '171_H', '171_K', '171_L', '172_KL', '178_ABC', '179_ABC', '179_DEF', '181_G', '186_ABC', '189_EF', '190_DEF', '191_CD', '198_AB', '205_ABC', '208_DEF', '209_KL', '212_DEF', '098_GHK', '031_F', '120_DEF', '154_ABC', '168_ABC', '180_EFG', '104_AB', '027_DE', '040_DEF', '048_ABC', '049_DEF', '050_DEF', '051_GH', '060_DEF', '062_DEF', '072_DEF', '085_CDE', '095_ABC', '105_DEF', '116_AB', '117_DE', '126_CD', '126_EF', '134_KL', '139_GH', '147_ABC', '163_ABC', '166_DEF', '176_DEF', '198_CD', '202_ABC', '203_ABC', '206_CD', '207_FG']"
02_14_38_42,0.0,"['003_GH', '005_ABC', '006_DEF', '010_GH', '010_KL', '014_CD', '014_EF', '017_DEF', '019_DEF', '020_AB', '020_CD', '022_AB', '023_DEF', '024_GH', '025_CD', '028_EF', '033_ABC', '033_DEF', '033_KL', '034_CD', '036_CD', '037_DEF', '038_ABC', '040_ABC', '041_ABC', '044_ABC', '046_EF', '047_CD', '048_DEF', '048_G', '049_L', '051_DEF', '058_GH', '059_EF', '064_ABC', '065_DEF', '073_ABC', '078_CD', '081_ABC', '084_DEF', '085_AB', '088_KL', '091_AB', '091_DE', '092_ABC', '093_AB', '099_ABC', '099_DEF', '099_GHK', '111_EF', '114_AB', '118_ABC', '119_GHK', '121_CD', '122_DEF', '123_CD', '126_AB', '127_ABC', '128_DEF', '128_GH', '129_ABC', '134_FGH', '136_FG', '141_CD', '143_AB', '144_AB', '144_EF', '145_DEF', '145_LMN', '147_DEF', '151_AB', '151_EF', '159_ABC', '160_A', '161_ABC', '165_AB', '167_CD', '167_EF', '169_ABC', '171_F', '177_ABC', '178_FGH', '179_DEF', '181_CD', '182_DEF', '189_CD', '196_DE', '204_DEF', '205_ABC', '205_DEF', '209_KL', '212_ABC', '213_ABC', '089_AB', '119_ABC', '128_ABC', '151_CD', '161_DEF', '167_AB', '063_DEF', '154_ABC', '168_ABC', '104_AB', '025_AB', '049_DEF', '053_GH', '054_DEF', '055_ABC', '056_ABC', '070_GHK', '071_DE', '072_DEF', '085_CDE', '097_DEF', '100_ABC', '109_DEF', '112_DEF', '116_AB', '124_CD', '130_ABC', '147_ABC', '150_KL', '153_ABC', '153_DEF', '164_ABC', '168_DEF', '172_DEF', '179_GH', '180_CD', '196_ABC', '206_CD', '164_DEF', '191_EFG']"
02_14_45_30,0.6666666666666666,"['001_DEF', '002_G', '003_GH', '004_ABC', '005_ABC', '005_DEF', '006_DEF', '007_DEF', '008_ABC', '008_DEF', '010_GH', '010_KL', '014_CD', '017_ABC', '019_DEF', '020_AB', '020_CD', '029_DEF', '030_CD', '030_GH', '032_EF', '033_KL', '037_A', '037_DEF', '038_ABC', '044_ABC', '046_AB', '047_EF', '048_DEF', '048_G', '049_GHK', '051_ABC', '054_KL', '059_AB', '061_ABC', '065_DEF', '066_DEF', '066_GH', '073_ABC', '075_DEF', '077_GH', '081_ABC', '082_DEF', '083_ABC', '086_EF', '088_DEF', '091_DE', '099_ABC', '099_GHK', '101_ABC', '101_DEF', '103_ABC', '104_EF', '108_EF', '110_ABC', '110_DEF', '111_AB', '111_EF', '119_GHK', '120_ABC', '129_DEF', '131_EF', '132_DEF', '133_GH', '134_DE', '134_FGH', '136_FG', '138_CD', '140_KL', '141_EF', '143_AB', '143_DE', '144_AB', '147_DEF', '148_ABC', '151_AB', '152_ABC', '155_DEF', '160_F', '160_M', '171_C', '171_G', '171_L', '171_N', '173_ABC', '174_ABC', '181_CD', '183_DEF', '184_ZZZ', '189_EF', '190_ABC', '198_AB', '199_DEF', '204_DEF', '205_ABC', '209_KL', '212_ABC', '151_CD', '213_GHK', '005_GH', '120_DEF', '124_AB', '154_ABC', '168_ABC', '031_ABC', '056_ABC', '056_DEF', '058_ABC', '071_DE', '074_DEF', '085_CDE', '095_ABC', '095_DEF', '097_DEF', '100_ABC', '107_GHK', '116_AB', '121_AB', '124_CD', '126_CD', '137_DEF', '139_DEF', '143_C', '153_ABC', '180_CD', '198_CD', '202_ABC', '206_EF', '208_ABC', '210_ABC', '210_GHK', '213_LMN', '191_AB']"
02_14_52_15,0.0166666666666666,"['003_GH', '005_DEF', '009_ABC', '010_ABC', '010_DEF', '012_CD', '012_E', '014_EF', '017_ABC', '033_ABC', '034_CD', '034_EF', '037_A', '037_DEF', '038_DE', '038_FGH', '042_DE', '044_ABC', '047_CD', '048_G', '049_ABC', '049_GHK', '054_KL', '058_KL', '062_ABC', '063_ABC', '064_DEF', '064_LMN', '065_DEF', '066_ABC', '068_ABC', '073_ABC', '073_DEF', '075_DEF', '077_DEF', '078_CD', '081_ABC', '084_DEF', '085_AB', '087_DEF', '091_DE', '096_DEF', '097_ABC', '099_ABC', '099_GHK', '106_DEF', '114_AB', '119_L', '120_ABC', '120_GH', '121_CD', '127_ABC', '127_DEF', '130_DEF', '131_AB', '132_DEF', '134_FGH', '136_FG', '141_AB', '143_AB', '144_AB', '146_ABC', '149_DEF', '150_DEF', '151_AB', '152_DEF', '159_ABC', '161_ABC', '163_DEF', '165_AB', '169_DEF', '171_H', '171_L', '171_N', '172_ABC', '172_KL', '178_DE', '181_CD', '181_EF', '181_G', '183_DEF', '188_ABC', '189_AB', '190_DEF', '198_AB', '199_DEF', '204_ABC', '205_ABC', '209_KL', '212_DEF', '213_ABC', '123_EF', '128_ABC', '151_CD', '192_ABC', '197_ABC', '005_GH', '063_DEF', '120_DEF', '154_ABC', '025_AB', '048_ABC', '049_DEF', '054_DEF', '060_DEF', '070_GHK', '072_DEF', '085_CDE', '087_ABC', '095_DEF', '097_DEF', '106_ABC', '116_AB', '117_KL', '126_EF', '138_AB', '143_C', '153_ABC', '155_ABC', '172_DEF', '176_DEF', '180_CD', '193_ABCD', '193_EFG', '201_ABC', '203_GHK', '205_GH', '210_DEF', '210_GHK', '210_L', '113_DEF', '164_DEF', '182_ABC']"
02_14_58_58,0.1333333333333333,"['002_DEF', '003_DEF', '003_GH', '005_ABC', '010_ABC', '010_GH', '013_AB', '017_DEF', '020_AB', '023_DEF', '024_KL', '025_CD', '030_AB', '030_EF', '033_DEF', '034_CD', '034_EF', '035_DEF', '036_AB', '036_CD', '037_DEF', '038_FGH', '041_ABC', '041_DEF', '044_ABC', '046_CD', '046_EF', '047_CD', '048_G', '049_ABC', '051_ABC', '058_GH', '059_AB', '061_DEF', '062_ABC', '064_DEF', '065_ABC', '065_DEF', '068_DEF', '070_LMN', '073_ABC', '075_DEF', '077_ABC', '077_GH', '081_ABC', '083_ABC', '085_AB', '086_EF', '087_DEF', '090_GH', '091_DE', '092_DEF', '097_ABC', '099_ABC', '099_GHK', '100_DEF', '102_AB', '104_EF', '105_ABC', '114_AB', '118_ABC', '120_ABC', '121_CD', '123_CD', '126_AB', '127_DEF', '130_DEF', '133_GH', '135_ABC', '135_DEF', '140_DEF', '141_CD', '142_DEF', '144_AB', '149_DEF', '150_ABC', '151_AB', '151_EF', '159_DEF', '170_GH', '171_C', '171_D', '171_E', '171_L', '175_DEF', '178_FGH', '187_ABC', '194_ABC', '199_DEF', '203_DEF', '205_ABC', '205_DEF', '209_KL', '093_CD', '151_CD', '156_ABC', '161_DEF', '114_CD', '160_E', '031_F', '089_CD', '102_MN', '154_ABC', '168_ABC', '104_AB', '028_AB', '040_DEF', '049_DEF', '050_ABC', '050_DEF', '070_GHK', '085_CDE', '087_ABC', '090_ABC', '107_GHK', '116_AB', '121_AB', '130_ABC', '139_ABC', '139_DEF', '143_C', '153_ABC', '163_ABC', '164_ABC', '166_DEF', '188_DEF', '201_GH', '205_GH', '206_CD', '208_ABC', '210_ABC', '213_LMN', '113_DEF']"
02_15_05_37,0.15,"['001_DEF', '002_G', '003_GH', '011_ABC', '012_AB', '016_ABC', '020_AB', '022_EF', '026_DEF', '030_AB', '030_EF', '032_GH', '033_GH', '037_DEF', '038_FGH', '042_ABC', '043_CD', '044_ABC', '046_CD', '047_AB', '048_G', '049_ABC', '051_ABC', '053_ABC', '054_GH', '059_AB', '064_DEF', '065_DEF', '066_ABC', '072_ABC', '073_ABC', '074_ABC', '077_ABC', '081_ABC', '086_AB', '088_ABC', '091_AB', '091_DE', '092_ABC', '096_ABC', '099_ABC', '099_DEF', '099_GHK', '101_ABC', '102_GH', '103_ABC', '104_EF', '106_DEF', '111_EF', '114_EF', '115_ABC', '115_DEF', '122_DEF', '123_CD', '124_EF', '125_ABC', '127_ABC', '131_CD', '131_EF', '132_DEF', '134_DE', '135_DEF', '140_KL', '141_AB', '142_ABC', '144_AB', '144_EF', '145_ABC', '145_DEF', '148_ABC', '151_AB', '152_DEF', '158_CD', '160_B', '160_L', '160_N', '171_A', '171_E', '171_L', '171_N', '174_ABC', '177_DEF', '178_DE', '179_ABC', '185_ABC', '189_CD', '190_ABC', '190_DEF', '191_CD', '194_DEF', '196_DE', '203_DEF', '204_DEF', '205_ABC', '209_KL', '212_DEF', '128_ABC', '132_ABC', '161_DEF', '167_AB', '187_DEF', '209_DEF', '213_GHK', '069_E', '154_ABC', '168_ABC', '200_AB', '050_DEF', '055_DEF', '070_GHK', '074_GH', '085_CDE', '087_ABC', '090_ABC', '095_DEF', '098_DEF', '106_ABC', '107_GHK', '116_AB', '121_AB', '126_CD', '133_DEF', '137_DEF', '139_ABC', '143_F', '153_DEF', '169_GH', '193_EFG', '202_ABC', '203_ABC', '206_EF', '210_L', '164_DEF']"
02_15_12_13,0.0166666666666666,"['003_DEF', '003_GH', '004_DEF', '006_ABC', '006_DEF', '006_G', '007_ABC', '010_DEF', '013_AB', '014_EF', '016_KL', '017_ABC', '019_DEF', '020_CD', '022_EF', '023_DEF', '026_ABC', '027_HKL', '037_A', '037_DEF', '044_ABC', '046_GH', '048_G', '049_GHK', '049_L', '058_GH', '059_EF', '064_LMN', '065_DEF', '066_GH', '073_ABC', '081_ABC', '082_DEF', '088_DEF', '089_EF', '091_DE', '092_ABC', '093_AB', '096_ABC', '099_ABC', '099_DEF', '099_GHK', '102_AB', '103_ABC', '110_DEF', '113_ABC', '114_EF', '121_CD', '125_DEF', '127_DEF', '131_AB', '132_DEF', '136_FG', '140_ABC', '140_KL', '142_DEF', '144_AB', '145_ABC', '145_DEF', '145_LMN', '148_DEF', '151_AB', '152_ABC', '152_DEF', '161_ABC', '167_CD', '170_DEF', '171_B', '171_D', '171_H', '171_K', '171_L', '175_ABC', '180_AB', '187_ABC', '189_AB', '189_CD', '189_EF', '191_CD', '194_DEF', '196_DE', '204_DEF', '205_ABC', '205_KL', '209_KL', '212_DEF', '132_ABC', '156_ABC', '167_AB', '171_M', '213_DEF', '213_GHK', '114_CD', '031_F', '069_E', '102_MN', '120_DEF', '124_AB', '154_ABC', '172_GH', '183_ABC', '013_EF', '025_AB', '027_DE', '028_AB', '049_DEF', '050_ABC', '051_GH', '055_ABC', '069_CD', '069_F', '070_DEF', '070_GHK', '085_CDE', '087_ABC', '098_DEF', '107_GHK', '107_L', '109_DEF', '116_AB', '117_FGH', '124_CD', '146_DEF', '153_DEF', '166_DEF', '172_DEF', '193_ABCD', '193_EFG', '203_LMN', '213_LMN', '164_DEF', '191_AB', '191_EFG']"
02_15_18_54,0.8,"['001_DEF', '002_DEF', '003_GH', '006_G', '008_DEF', '012_CD', '014_AB', '017_DEF', '018_ABC', '019_DEF', '021_ABC', '022_CD', '022_EF', '024_DEF', '029_DEF', '030_EF', '032_EF', '033_GH', '037_A', '037_DEF', '038_FGH', '041_DEF', '042_DE', '043_AB', '044_ABC', '046_EF', '047_EF', '048_G', '049_ABC', '049_L', '059_AB', '059_EF', '062_ABC', '065_DEF', '070_LMN', '073_ABC', '074_ABC', '081_ABC', '082_DEF', '083_ABC', '090_DEF', '091_AB', '091_DE', '096_DEF', '098_LMN', '099_ABC', '099_GHK', '102_AB', '110_ABC', '111_CD', '111_EF', '114_EF', '120_ABC', '120_GH', '122_DEF', '125_ABC', '127_DEF', '130_DEF', '133_GH', '134_DE', '135_ABC', '135_DEF', '140_KL', '141_EF', '144_AB', '145_DEF', '146_ABC', '151_AB', '156_DEF', '158_AB', '159_DEF', '163_DEF', '169_DEF', '176_GHK', '178_DE', '178_FGH', '179_DEF', '180_AB', '181_G', '182_DEF', '184_ZZZ', '187_ABC', '191_CD', '192_DEF', '198_EF', '203_DEF', '204_ABC', '205_ABC', '209_KL', '211_ZZZ', '093_CD', '102_EF', '156_ABC', '161_DEF', '197_ABC', '209_DEF', '213_DEF', '120_DEF', '124_AB', '154_ABC', '168_ABC', '183_ABC', '013_EF', '028_AB', '028_CD', '048_ABC', '049_DEF', '053_GH', '060_ABC', '070_DEF', '074_GH', '085_CDE', '087_ABC', '102_KL', '107_GHK', '107_L', '112_DEF', '116_AB', '126_EF', '130_ABC', '133_DEF', '139_DEF', '143_C', '147_ABC', '172_DEF', '179_GH', '180_CD', '198_CD', '210_ABC', '210_L', '078_EF', '164_DEF', '191_AB']"
02_15_25_30,0.0,"['001_DEF', '003_GH', '004_ABC', '006_G', '007_ABC', '008_DEF', '010_GH', '012_AB', '012_E', '014_EF', '015_ZZZ', '017_ABC', '018_ABC', '019_ABC', '021_DEF', '022_CD', '024_KL', '031_DE', '032_GH', '033_DEF', '034_EF', '035_KL', '036_AB', '037_BC', '037_DEF', '040_ABC', '043_AB', '044_ABC', '045_DEF', '047_EF', '048_DEF', '048_G', '061_ABC', '061_DEF', '062_ABC', '063_ABC', '065_DEF', '068_ABC', '068_DEF', '070_LMN', '073_ABC', '077_ABC', '081_ABC', '082_ABC', '082_DEF', '084_ABC', '084_DEF', '086_AB', '091_DE', '092_DEF', '093_AB', '096_ABC', '097_ABC', '099_ABC', '099_DEF', '099_GHK', '100_DEF', '102_AB', '105_ABC', '108_CD', '108_EF', '110_DEF', '113_ABC', '118_DEF', '119_GHK', '120_ABC', '133_ABC', '134_DE', '135_DEF', '141_CD', '141_EF', '142_ABC', '144_AB', '148_ABC', '151_AB', '152_ABC', '154_CD', '156_DEF', '158_AB', '158_CD', '160_B', '165_CDE', '167_EF', '169_DEF', '170_DEF', '171_A', '171_B', '171_D', '171_F', '174_ABC', '178_FGH', '181_AB', '185_ABC', '189_EF', '194_ABC', '196_DE', '197_DEF', '205_ABC', '209_KL', '093_CD', '167_AB', '174_DEF', '187_DEF', '031_F', '063_DEF', '089_CD', '120_DEF', '154_ABC', '172_GH', '183_ABC', '013_CD', '051_GH', '060_ABC', '074_DEF', '074_GH', '085_CDE', '085_F', '098_DEF', '100_ABC', '102_KL', '107_DEF', '107_GHK', '116_AB', '146_DEF', '147_ABC', '160_D', '163_ABC', '193_ABCD', '193_EFG', '201_GH', '206_CD', '210_L', '164_DEF']"
02_15_32_15,0.2833333333333333,"['002_DEF', '003_GH', '005_KL', '006_G', '012_CD', '014_AB', '016_KL', '020_CD', '022_CD', '023_ABC', '027_ABC', '028_EF', '029_DEF', '033_GH', '033_KL', '036_AB', '037_BC', '037_DEF', '044_ABC', '044_DEF', '047_AB', '048_G', '049_ABC', '051_DEF', '061_ABC', '064_LMN', '065_DEF', '068_ABC', '070_LMN', '073_ABC', '073_DEF', '077_KL', '081_ABC', '082_ABC', '087_DEF', '088_DEF', '088_KL', '089_EF', '091_DE', '094_DEF', '099_ABC', '099_GHK', '100_DEF', '101_DEF', '106_DEF', '110_ABC', '111_AB', '113_ABC', '115_DEF', '118_DEF', '120_GH', '123_CD', '124_EF', '127_DEF', '131_EF', '135_ABC', '140_KL', '142_ABC', '142_DEF', '144_AB', '145_ABC', '145_DEF', '145_LMN', '151_AB', '151_EF', '154_CD', '158_CD', '159_ABC', '159_DEF', '160_C', '160_R', '169_ABC', '169_DEF', '171_E', '171_F', '171_G', '171_K', '171_N', '172_ABC', '175_DEF', '177_DEF', '178_DE', '182_DEF', '187_ABC', '189_EF', '196_DE', '205_ABC', '209_KL', '089_AB', '102_EF', '171_M', '187_DEF', '124_AB', '154_ABC', '183_ABC', '013_CD', '025_AB', '028_CD', '031_ABC', '048_ABC', '049_DEF', '050_DEF', '054_DEF', '055_DEF', '060_ABC', '060_DEF', '062_DEF', '074_DEF', '085_CDE', '090_ABC', '095_ABC', '097_DEF', '105_DEF', '116_AB', '117_DE', '121_AB', '126_CD', '126_EF', '134_KL', '137_LMM', '138_AB', '150_KL', '168_DEF', '169_GH', '195_EF', '201_ABC', '201_DEF', '201_GH', '202_ABC', '206_EF', '210_DEF', '213_LMN', '113_DEF']"
02_15_39_03,0.0,"['001_DEF', '002_DEF', '003_GH', '008_LMN', '011_DEF', '012_AB', '014_AB', '014_CD', '017_ABC', '017_DEF', '021_DEF', '022_CD', '022_EF', '026_ABC', '027_ABC', '031_DE', '033_KL', '036_EF', '037_A', '037_DEF', '038_ABC', '040_ABC', '044_ABC', '045_ABC', '046_EF', '048_G', '049_L', '054_GH', '061_ABC', '062_ABC', '063_ABC', '064_DEF', '065_DEF', '073_ABC', '073_DEF', '077_DEF', '078_CD', '081_ABC', '081_DEF', '090_GH', '091_AB', '091_DE', '097_ABC', '098_LMN', '099_ABC', '099_GHK', '103_ABC', '113_ABC', '115_DEF', '121_CD', '122_DEF', '125_DEF', '136_FG', '138_CD', '140_ABC', '140_KL', '143_AB', '144_AB', '144_EF', '145_ABC', '146_ABC', '148_ABC', '151_AB', '151_EF', '159_ABC', '159_DEF', '161_ABC', '165_CDE', '167_EF', '169_DEF', '171_F', '171_K', '172_ABC', '172_KL', '175_ABC', '180_AB', '189_CD', '190_DEF', '191_CD', '192_DEF', '197_DEF', '199_DEF', '203_DEF', '205_ABC', '205_DEF', '208_DEF', '209_KL', '080_DEF', '089_AB', '093_CD', '102_EF', '132_ABC', '167_AB', '187_DEF', '197_ABC', '213_DEF', '154_ABC', '183_ABC', '136_DE', '013_EF', '028_CD', '040_DEF', '050_ABC', '055_ABC', '056_DEF', '058_ABC', '069_CD', '069_F', '071_ABC', '072_DEF', '074_DEF', '085_CDE', '090_ABC', '105_GHK', '106_ABC', '107_L', '108_AB', '109_DEF', '116_AB', '121_AB', '138_AB', '147_ABC', '153_ABC', '162_ABC', '168_DEF', '179_GH', '193_EFG', '196_ABC', '205_GH', '206_EF', '210_ABC', '113_DEF', '182_ABC']"
02_15_45_47,0.1166666666666666,"['002_ABC', '003_GH', '005_DEF', '005_KL', '008_DEF', '010_ABC', '010_KL', '012_E', '014_CD', '016_ABC', '016_GH', '019_DEF', '020_AB', '021_DEF', '022_AB', '022_EF', '023_DEF', '024_GH', '025_EF', '029_DEF', '030_AB', '030_CD', '031_DE', '033_ABC', '033_DEF', '034_EF', '035_DEF', '037_BC', '037_DEF', '038_FGH', '042_DE', '043_CD', '044_ABC', '047_CD', '047_EF', '048_G', '051_DEF', '059_CD', '064_LMN', '065_DEF', '066_DEF', '073_ABC', '077_DEF', '081_ABC', '084_DEF', '086_EF', '087_DEF', '088_GH', '091_AB', '091_DE', '092_ABC', '092_DEF', '094_ABC', '096_DEF', '099_ABC', '099_GHK', '101_DEF', '102_GH', '103_ABC', '108_CD', '111_CD', '114_AB', '115_DEF', '119_GHK', '123_CD', '124_EF', '125_ABC', '129_ABC', '130_DEF', '136_FG', '140_DEF', '142_ABC', '142_DEF', '143_DE', '144_AB', '144_CD', '144_EF', '148_ABC', '151_AB', '158_CD', '159_DEF', '160_B', '160_C', '171_H', '172_ABC', '177_DEF', '179_DEF', '181_CD', '189_CD', '191_CD', '194_ABC', '195_CD', '198_EF', '203_DEF', '205_ABC', '209_KL', '080_DEF', '102_EF', '209_DEF', '213_GHK', '005_GH', '063_DEF', '154_ABC', '168_ABC', '180_EFG', '200_AB', '054_ABC', '054_DEF', '055_ABC', '062_DEF', '070_GHK', '071_ABC', '080_G', '085_CDE', '102_KL', '107_ABC', '107_DEF', '107_L', '109_DEF', '116_AB', '121_AB', '126_EF', '130_ABC', '137_ABC', '146_DEF', '150_GH', '150_KL', '164_ABC', '168_DEF', '188_DEF', '201_DEF', '203_LMN', '164_DEF']"
02_15_52_32,0.1,"['002_G', '003_GH', '005_DEF', '005_KL', '006_ABC', '006_DEF', '007_ABC', '010_ABC', '010_GH', '011_ABC', '013_AB', '014_EF', '015_ZZZ', '016_ABC', '017_ABC', '020_CD', '025_EF', '029_ABC', '030_AB', '030_EF', '032_AB', '033_DEF', '036_AB', '036_EF', '037_DEF', '038_ABC', '041_ABC', '041_DEF', '044_ABC', '047_AB', '048_G', '049_L', '051_ABC', '051_DEF', '053_DEF', '058_DEF', '061_ABC', '061_DEF', '065_DEF', '068_DEF', '070_LMN', '073_ABC', '075_ABC', '077_DEF', '081_ABC', '082_DEF', '083_DEF', '086_CD', '086_EF', '087_DEF', '088_GH', '089_EF', '090_DEF', '091_DE', '092_ABC', '093_AB', '099_ABC', '099_GHK', '102_AB', '104_CD', '110_DEF', '122_DEF', '124_EF', '125_DEF', '126_AB', '127_DEF', '136_FG', '138_CD', '141_CD', '143_AB', '144_AB', '145_ABC', '151_AB', '158_AB', '160_C', '163_DEF', '169_DEF', '179_ABC', '181_AB', '181_EF', '183_DEF', '184_ZZZ', '186_GH', '187_ABC', '188_ABC', '189_EF', '190_DEF', '191_CD', '197_DEF', '198_AB', '204_DEF', '205_ABC', '205_KL', '209_KL', '211_ZZZ', '212_ABC', '171_M', '192_ABC', '005_GH', '120_DEF', '124_AB', '154_ABC', '178_KL', '040_DEF', '048_ABC', '060_ABC', '070_ABC', '071_KL', '074_DEF', '074_GH', '085_CDE', '098_DEF', '100_ABC', '102_CD', '107_GHK', '109_DEF', '116_AB', '117_KL', '121_AB', '126_CD', '126_EF', '137_LMM', '143_F', '153_DEF', '155_ABC', '169_GH', '172_DEF', '180_CD', '201_ABC', '203_LMN', '206_CD', '210_ABC', '191_AB']"
02_15_59_23,0.1,"['002_DEF', '002_G', '003_GH', '004_ABC', '005_DEF', '008_ABC', '008_GHK', '011_ABC', '011_DEF', '013_AB', '014_EF', '020_AB', '021_ABC', '023_DEF', '024_KL', '028_EF', '029_DEF', '030_CD', '030_EF', '034_AB', '034_EF', '037_DEF', '044_ABC', '047_AB', '047_EF', '048_G', '051_DEF', '054_GH', '061_ABC', '065_DEF', '066_ABC', '066_GH', '073_ABC', '074_ABC', '077_GH', '077_KL', '079_DEF', '081_ABC', '082_DEF', '083_ABC', '087_DEF', '090_DEF', '090_GH', '091_DE', '092_DEF', '093_AB', '099_ABC', '099_GHK', '101_ABC', '103_DEF', '104_CD', '105_ABC', '108_EF', '109_ABC', '110_ABC', '111_EF', '113_ABC', '118_ABC', '118_DEF', '120_GH', '122_DEF', '123_CD', '126_AB', '127_ABC', '131_EF', '134_FGH', '136_FG', '138_CD', '140_GH', '141_EF', '143_DE', '144_AB', '146_ABC', '151_AB', '152_DEF', '159_ABC', '167_CD', '167_EF', '171_K', '172_ABC', '173_DE', '174_ABC', '178_FGH', '181_AB', '181_EF', '182_DEF', '184_ZZZ', '185_ABC', '194_DEF', '196_DE', '198_EF', '199_ABC', '204_ABC', '205_ABC', '208_DEF', '209_ABC', '209_KL', '212_ABC', '089_AB', '161_DEF', '213_DEF', '063_DEF', '120_DEF', '124_AB', '154_ABC', '172_GH', '183_ABC', '136_DE', '200_AB', '003_KL', '025_AB', '027_FG', '028_CD', '031_ABC', '035_ABC', '050_DEF', '051_GH', '057_ABC', '060_ABC', '071_ABC', '085_CDE', '107_DEF', '116_AB', '126_CD', '133_DEF', '147_ABC', '162_ABC', '168_DEF', '179_GH', '188_DEF', '203_GHK', '206_CD', '213_LMN']"
02_16_06_11,0.3666666666666666,"['001_DEF', '002_DEF', '003_GH', '004_GHK', '005_KL', '006_DEF', '008_LMN', '010_DEF', '010_KL', '011_DEF', '012_AB', '017_ABC', '022_AB', '023_DEF', '026_ABC', '026_DEF', '027_ABC', '028_EF', '030_EF', '031_DE', '033_ABC', '033_DEF', '033_GH', '033_KL', '037_DEF', '041_ABC', '042_ABC', '042_DE', '044_ABC', '046_CD', '047_AB', '048_G', '051_DEF', '054_GH', '058_DEF', '059_CD', '061_ABC', '061_DEF', '064_ABC', '065_DEF', '071_FGH', '073_ABC', '073_DEF', '077_KL', '081_ABC', '082_DEF', '083_ABC', '086_CD', '091_DE', '096_DEF', '099_ABC', '099_DEF', '099_GHK', '102_AB', '102_GH', '109_ABC', '110_ABC', '111_AB', '114_EF', '115_DEF', '118_ABC', '122_DEF', '124_EF', '125_ABC', '125_DEF', '129_DEF', '132_DEF', '135_DEF', '140_KL', '144_AB', '147_DEF', '148_ABC', '151_AB', '151_EF', '152_DEF', '156_DEF', '159_ABC', '159_DEF', '165_AB', '167_EF', '169_DEF', '171_L', '171_N', '172_ABC', '172_KL', '175_ABC', '178_ABC', '180_AB', '184_ZZZ', '189_EF', '194_DEF', '195_AB', '197_DEF', '198_AB', '203_DEF', '205_ABC', '205_KL', '209_KL', '211_ZZZ', '212_ABC', '156_ABC', '167_AB', '201_KL', '005_GH', '154_ABC', '178_KL', '183_ABC', '003_KL', '055_DEF', '060_ABC', '060_DEF', '072_DEF', '085_CDE', '102_KL', '107_ABC', '107_DEF', '107_GHK', '107_L', '108_AB', '116_AB', '134_KL', '138_AB', '139_ABC', '139_DEF', '143_C', '153_ABC', '153_DEF', '164_ABC', '198_CD', '201_GH', '205_GH', '210_ABC', '210_GHK']"
02_16_12_52,0.4166666666666667,"['001_ABC', '003_GH', '007_DEF', '008_GHK', '009_GH', '012_CD', '013_AB', '014_EF', '015_ZZZ', '016_ABC', '022_AB', '022_CD', '025_EF', '026_ABC', '030_EF', '033_KL', '035_KL', '037_DEF', '038_DE', '038_FGH', '043_CD', '044_ABC', '046_GH', '047_AB', '047_EF', '048_DEF', '048_G', '049_GHK', '054_GH', '059_EF', '062_ABC', '065_ABC', '065_DEF', '066_GH', '068_ABC', '072_ABC', '073_ABC', '074_ABC', '080_ABC', '081_ABC', '082_ABC', '082_DEF', '085_AB', '086_EF', '090_DEF', '091_AB', '091_DE', '093_AB', '099_ABC', '099_DEF', '099_GHK', '109_ABC', '111_EF', '115_DEF', '118_ABC', '120_GH', '121_CD', '122_DEF', '123_CD', '124_EF', '127_DEF', '130_DEF', '132_DEF', '138_CD', '142_ABC', '142_DEF', '143_AB', '144_AB', '145_DEF', '148_ABC', '151_AB', '152_ABC', '159_DEF', '160_H', '160_L', '160_M', '161_ABC', '167_CD', '171_F', '174_ABC', '177_ABC', '177_DEF', '178_ABC', '178_FGH', '179_ABC', '181_AB', '181_G', '188_ABC', '189_CD', '192_DEF', '194_ABC', '195_CD', '205_ABC', '209_KL', '102_EF', '128_ABC', '132_ABC', '167_AB', '197_ABC', '209_DEF', '005_GH', '154_ABC', '166_ABC', '136_DE', '031_ABC', '040_DEF', '049_DEF', '054_ABC', '054_DEF', '055_DEF', '062_DEF', '074_GH', '085_CDE', '087_ABC', '090_ABC', '095_DEF', '098_DEF', '109_DEF', '116_AB', '117_KL', '126_EF', '133_DEF', '139_ABC', '146_DEF', '147_ABC', '168_DEF', '186_DEF', '188_DEF', '196_ABC', '202_DEF', '213_LMN', '078_EF', '191_AB']"
02_16_19_35,0.2833333333333333,"['001_DEF', '003_GH', '004_DEF', '005_DEF', '006_DEF', '006_G', '012_CD', '016_ABC', '016_DEF', '018_DEF', '020_CD', '022_CD', '022_EF', '024_KL', '028_EF', '029_DEF', '030_CD', '031_DE', '033_GH', '034_CD', '036_AB', '037_BC', '037_DEF', '038_DE', '038_FGH', '042_DE', '043_CD', '044_ABC', '047_AB', '047_CD', '048_G', '049_L', '052_ABC', '054_KL', '059_EF', '061_ABC', '065_DEF', '066_GH', '067_AB', '073_ABC', '073_DEF', '076_EF', '077_ABC', '077_DEF', '080_ABC', '081_ABC', '084_DEF', '090_DEF', '091_DE', '099_ABC', '099_GHK', '100_DEF', '104_EF', '105_ABC', '108_EF', '110_DEF', '111_EF', '113_ABC', '118_DEF', '125_DEF', '128_GH', '133_GH', '134_FGH', '136_FG', '141_AB', '144_AB', '145_ABC', '151_AB', '158_CD', '160_C', '160_F', '160_M', '161_ABC', '163_DEF', '167_EF', '171_C', '171_E', '171_L', '171_N', '174_ABC', '175_DEF', '177_ABC', '178_ABC', '178_FGH', '179_ABC', '184_ZZZ', '185_DEF', '189_EF', '190_DEF', '191_CD', '194_DEF', '199_ABC', '203_DEF', '205_ABC', '208_DEF', '209_KL', '212_ABC', '213_ABC', '128_ABC', '132_ABC', '197_ABC', '213_GHK', '069_AB', '089_CD', '117_ABC', '120_DEF', '154_ABC', '168_ABC', '200_AB', '013_CD', '048_ABC', '053_GH', '060_ABC', '062_DEF', '070_ABC', '070_DEF', '070_GHK', '080_G', '085_CDE', '087_ABC', '102_KL', '107_GHK', '107_L', '112_DEF', '116_AB', '121_AB', '133_DEF', '139_GH', '146_DEF', '163_ABC', '179_GH', '198_CD', '191_EFG']"
02_16_26_22,0.45,"['002_DEF', '003_GH', '006_DEF', '006_G', '007_DEF', '010_KL', '012_E', '014_AB', '016_GH', '017_DEF', '018_DEF', '022_AB', '025_EF', '026_ABC', '030_CD', '034_EF', '036_AB', '037_A', '037_DEF', '038_ABC', '038_DE', '039_DEF', '040_ABC', '042_ABC', '042_DE', '043_AB', '044_ABC', '045_ABC', '048_G', '052_DEF', '053_DEF', '061_DEF', '063_ABC', '065_DEF', '066_ABC', '066_GH', '072_ABC', '073_ABC', '077_GH', '078_AB', '081_ABC', '083_ABC', '091_DE', '093_AB', '094_DEF', '096_DEF', '099_ABC', '099_GHK', '101_DEF', '103_ABC', '103_DEF', '108_EF', '109_ABC', '110_DEF', '111_CD', '114_EF', '120_ABC', '121_CD', '122_DEF', '132_DEF', '133_GH', '135_ABC', '136_FG', '141_CD', '142_DEF', '143_DE', '144_AB', '145_ABC', '145_DEF', '145_LMN', '148_ABC', '151_AB', '155_DEF', '159_ABC', '159_DEF', '161_ABC', '165_CDE', '169_ABC', '171_N', '175_DEF', '177_DEF', '181_CD', '181_EF', '195_CD', '196_DE', '203_DEF', '204_ABC', '205_ABC', '205_DEF', '209_KL', '098_GHK', '151_CD', '171_M', '117_ABC', '124_AB', '154_ABC', '168_ABC', '172_GH', '104_AB', '013_CD', '031_ABC', '048_ABC', '049_DEF', '055_ABC', '060_DEF', '070_ABC', '070_DEF', '072_DEF', '074_GH', '085_CDE', '087_ABC', '095_ABC', '095_DEF', '097_DEF', '108_AB', '116_AB', '121_AB', '124_CD', '134_KL', '137_ABC', '137_GHK', '139_GH', '150_GH', '150_KL', '157_ABC', '193_EFG', '202_DEF', '203_GHK', '203_LMN', '206_CD', '210_ABC', '078_EF', '182_ABC']"
02_16_33_17,0.8166666666666667,"['001_DEF', '003_GH', '005_KL', '006_ABC', '006_DEF', '007_ABC', '007_DEF', '009_ABC', '009_DEF', '013_AB', '014_AB', '020_AB', '021_DEF', '025_CD', '026_DEF', '028_EF', '029_ABC', '034_EF', '037_DEF', '044_ABC', '045_DEF', '047_EF', '048_DEF', '048_G', '049_GHK', '049_L', '059_AB', '061_ABC', '062_ABC', '063_ABC', '064_ABC', '065_DEF', '068_ABC', '073_ABC', '081_ABC', '084_ABC', '084_DEF', '091_DE', '092_DEF', '099_ABC', '099_GHK', '100_DEF', '102_AB', '104_EF', '108_CD', '110_ABC', '111_EF', '119_GHK', '120_ABC', '123_CD', '124_EF', '125_ABC', '127_DEF', '129_ABC', '132_DEF', '133_GH', '134_FGH', '141_CD', '142_DEF', '143_AB', '144_AB', '146_ABC', '148_ABC', '151_AB', '152_DEF', '159_ABC', '160_C', '163_DEF', '165_AB', '167_CD', '167_EF', '171_L', '172_KL', '174_ABC', '175_ABC', '178_DE', '180_AB', '186_ABC', '186_GH', '187_ABC', '189_EF', '192_DEF', '194_DEF', '195_CD', '199_ABC', '204_ABC', '205_ABC', '205_DEF', '209_KL', '093_CD', '123_EF', '151_CD', '171_M', '174_DEF', '197_ABC', '213_DEF', '213_GHK', '114_CD', '089_CD', '120_DEF', '154_ABC', '168_ABC', '183_ABC', '136_DE', '013_CD', '024_ABC', '028_CD', '049_DEF', '050_ABC', '053_GH', '054_DEF', '070_DEF', '080_G', '085_CDE', '085_F', '095_ABC', '095_DEF', '105_DEF', '105_GHK', '107_GHK', '116_AB', '124_CD', '137_GHK', '139_GH', '153_DEF', '169_GH', '180_CD', '188_DEF', '203_GHK', '210_GHK', '210_L', '213_LMN', '191_EFG']"
02_16_40_03,0.7166666666666667,"['002_ABC', '002_G', '003_GH', '004_ABC', '010_DEF', '012_CD', '014_EF', '016_ABC', '016_DEF', '016_GH', '016_KL', '017_DEF', '019_ABC', '019_DEF', '023_ABC', '023_DEF', '026_ABC', '027_HKL', '030_EF', '034_AB', '036_CD', '036_EF', '037_DEF', '042_DE', '044_ABC', '046_GH', '048_G', '059_CD', '059_EF', '061_DEF', '064_DEF', '065_DEF', '066_ABC', '066_DEF', '066_GH', '072_ABC', '073_ABC', '075_DEF', '077_ABC', '077_DEF', '081_ABC', '082_ABC', '082_DEF', '083_ABC', '084_ABC', '087_DEF', '088_DEF', '091_AB', '091_DE', '093_AB', '096_DEF', '098_LMN', '099_ABC', '099_DEF', '099_GHK', '103_DEF', '104_CD', '109_ABC', '111_CD', '124_EF', '125_DEF', '127_ABC', '128_DEF', '134_DE', '140_ABC', '140_KL', '144_AB', '145_ABC', '145_LMN', '146_ABC', '148_ABC', '151_AB', '151_EF', '160_C', '160_H', '169_ABC', '171_A', '171_B', '171_F', '171_G', '171_H', '171_K', '172_ABC', '173_FGH', '174_ABC', '177_DEF', '181_G', '189_EF', '190_ABC', '190_DEF', '191_CD', '198_EF', '205_ABC', '209_KL', '212_ABC', '212_DEF', '213_ABC', '080_DEF', '093_CD', '174_DEF', '187_DEF', '192_ABC', '069_AB', '124_AB', '154_ABC', '172_GH', '183_ABC', '049_DEF', '050_ABC', '060_DEF', '071_KL', '085_CDE', '100_ABC', '107_ABC', '107_L', '116_AB', '134_KL', '137_LMM', '138_AB', '143_C', '153_ABC', '153_DEF', '162_ABC', '172_DEF', '196_ABC', '203_LMN', '205_GH', '207_DE', '207_FG', '210_DEF', '210_L', '182_ABC', '191_AB']"
02_16_46_49,0.0,"['003_GH', '004_DEF', '006_DEF', '008_GHK', '010_DEF', '010_KL', '011_ABC', '016_DEF', '017_DEF', '021_DEF', '023_ABC', '023_DEF', '025_CD', '030_AB', '030_CD', '030_GH', '033_GH', '034_AB', '036_AB', '037_DEF', '038_FGH', '042_ABC', '044_ABC', '046_AB', '046_EF', '048_G', '049_ABC', '058_KL', '059_EF', '061_DEF', '064_GHK', '065_DEF', '071_FGH', '073_ABC', '075_ABC', '077_DEF', '081_ABC', '081_DEF', '083_DEF', '086_CD', '090_DEF', '090_GH', '091_DE', '092_DEF', '099_ABC', '099_GHK', '100_DEF', '102_AB', '102_GH', '103_ABC', '104_EF', '108_CD', '109_ABC', '110_ABC', '111_AB', '111_CD', '111_EF', '118_ABC', '121_CD', '125_DEF', '126_AB', '127_DEF', '133_GH', '134_ABC', '140_GH', '140_KL', '143_AB', '144_AB', '145_ABC', '145_GHK', '149_DEF', '151_AB', '151_EF', '156_DEF', '169_DEF', '171_C', '171_G', '172_ABC', '173_DE', '174_ABC', '178_DE', '181_EF', '185_DEF', '187_ABC', '191_CD', '197_DEF', '203_DEF', '204_DEF', '205_ABC', '205_DEF', '208_DEF', '209_KL', '212_DEF', '161_DEF', '167_AB', '201_KL', '063_DEF', '089_CD', '124_AB', '154_ABC', '168_ABC', '013_CD', '028_CD', '060_ABC', '060_DEF', '070_GHK', '072_DEF', '085_CDE', '085_F', '090_ABC', '095_DEF', '100_ABC', '102_KL', '105_GHK', '107_DEF', '107_GHK', '112_DEF', '116_AB', '124_CD', '134_KL', '138_AB', '147_ABC', '150_GH', '153_ABC', '163_ABC', '166_DEF', '193_EFG', '201_ABC', '203_GHK', '208_ABC', '210_GHK', '191_AB', '191_EFG']"
02_16_53_31,0.3333333333333333,"['002_ABC', '003_GH', '006_ABC', '007_DEF', '010_ABC', '010_DEF', '010_GH', '011_ABC', '012_AB', '014_AB', '014_CD', '015_ZZZ', '016_DEF', '017_DEF', '020_AB', '022_CD', '023_DEF', '026_ABC', '026_DEF', '030_AB', '030_CD', '036_AB', '036_CD', '037_DEF', '038_DE', '038_FGH', '039_DEF', '040_ABC', '041_ABC', '041_DEF', '043_CD', '044_ABC', '045_ABC', '046_CD', '046_EF', '047_AB', '048_G', '049_ABC', '054_KL', '058_DEF', '063_ABC', '064_GHK', '064_LMN', '065_DEF', '067_AB', '070_LMN', '073_ABC', '074_ABC', '077_KL', '081_ABC', '086_AB', '088_GH', '091_AB', '091_DE', '093_AB', '094_ABC', '097_ABC', '099_ABC', '099_GHK', '100_DEF', '101_ABC', '103_DEF', '104_CD', '109_ABC', '111_EF', '113_ABC', '115_ABC', '118_DEF', '120_ABC', '122_DEF', '124_EF', '126_AB', '129_ABC', '131_EF', '134_ABC', '134_FGH', '141_AB', '141_CD', '141_EF', '144_AB', '145_GHK', '145_LMN', '148_ABC', '150_ABC', '151_AB', '159_ABC', '159_DEF', '165_AB', '170_GH', '171_B', '172_KL', '177_DEF', '178_FGH', '179_DEF', '180_AB', '181_G', '182_DEF', '187_ABC', '197_DEF', '198_EF', '204_DEF', '205_ABC', '209_KL', '211_ZZZ', '123_EF', '128_ABC', '132_ABC', '151_CD', '197_ABC', '005_GH', '102_MN', '117_ABC', '154_ABC', '172_GH', '136_DE', '051_GH', '054_DEF', '056_DEF', '074_DEF', '085_CDE', '102_KL', '106_ABC', '107_ABC', '116_AB', '119_DEF', '143_F', '163_ABC', '169_GH', '172_DEF', '179_GH', '193_ABCD', '201_DEF', '206_EF']"
02_17_00_15,0.1166666666666666,"['001_DEF', '002_DEF', '003_GH', '005_ABC', '006_G', '009_GH', '010_DEF', '010_KL', '012_CD', '014_EF', '016_ABC', '019_ABC', '019_DEF', '022_AB', '022_EF', '023_DEF', '026_DEF', '030_AB', '031_DE', '033_GH', '033_KL', '035_KL', '037_A', '037_BC', '037_DEF', '040_ABC', '042_DE', '044_ABC', '045_ABC', '047_AB', '047_CD', '048_DEF', '048_G', '058_GH', '059_CD', '059_EF', '065_ABC', '065_DEF', '066_ABC', '067_AB', '073_ABC', '077_ABC', '081_ABC', '084_DEF', '089_EF', '090_DEF', '091_DE', '092_DEF', '094_DEF', '099_ABC', '099_GHK', '100_DEF', '101_ABC', '102_GH', '111_AB', '115_DEF', '120_GH', '127_ABC', '128_KL', '129_ABC', '135_DEF', '136_FG', '140_ABC', '141_CD', '142_ABC', '143_AB', '143_DE', '144_AB', '145_GHK', '145_LMN', '151_AB', '158_AB', '159_ABC', '165_AB', '169_DEF', '170_GH', '171_A', '171_D', '171_K', '171_L', '172_KL', '177_DEF', '181_EF', '181_G', '185_ABC', '186_ABC', '189_AB', '189_CD', '190_DEF', '198_EF', '199_DEF', '204_DEF', '205_ABC', '205_DEF', '209_KL', '212_DEF', '093_CD', '102_EF', '201_KL', '069_E', '124_AB', '154_ABC', '166_ABC', '178_KL', '013_EF', '025_AB', '057_ABC', '058_ABC', '070_GHK', '071_DE', '080_G', '085_CDE', '085_F', '090_ABC', '102_KL', '107_ABC', '112_DEF', '116_AB', '119_DEF', '124_CD', '126_CD', '137_GHK', '143_C', '143_F', '146_DEF', '155_ABC', '188_DEF', '193_ABCD', '193_EFG', '203_GHK', '205_GH', '210_L', '191_EFG']"
02_17_07_04,0.0,"['002_ABC', '003_GH', '005_DEF', '005_KL', '006_ABC', '007_DEF', '010_GH', '011_ABC', '014_AB', '014_EF', '017_DEF', '019_ABC', '022_CD', '026_DEF', '030_CD', '030_EF', '033_GH', '034_EF', '036_CD', '036_EF', '037_A', '037_BC', '037_DEF', '038_DE', '039_ABC', '042_ABC', '044_ABC', '048_DEF', '048_G', '049_ABC', '051_DEF', '054_GH', '059_CD', '065_ABC', '065_DEF', '066_ABC', '066_DEF', '068_ABC', '073_ABC', '080_ABC', '081_ABC', '082_DEF', '084_ABC', '088_GH', '090_DEF', '091_DE', '093_AB', '097_ABC', '099_ABC', '099_GHK', '102_AB', '103_ABC', '105_ABC', '111_CD', '113_ABC', '114_AB', '119_GHK', '125_DEF', '127_DEF', '131_EF', '134_DE', '134_FGH', '136_FG', '140_DEF', '140_GH', '144_AB', '144_EF', '146_ABC', '150_ABC', '151_AB', '152_DEF', '155_DEF', '156_DEF', '158_CD', '165_AB', '167_EF', '169_ABC', '169_DEF', '171_L', '171_N', '180_AB', '181_AB', '183_DEF', '189_CD', '190_ABC', '190_DEF', '191_CD', '205_ABC', '209_KL', '089_AB', '123_EF', '161_DEF', '167_AB', '187_DEF', '192_ABC', '154_ABC', '168_ABC', '178_KL', '104_AB', '136_DE', '024_ABC', '025_AB', '028_AB', '028_CD', '031_ABC', '040_DEF', '049_DEF', '057_DEF', '060_DEF', '070_ABC', '071_ABC', '080_G', '085_CDE', '085_F', '106_ABC', '107_DEF', '112_DEF', '116_AB', '117_KL', '126_EF', '138_AB', '139_DEF', '143_C', '163_ABC', '168_DEF', '169_GH', '172_DEF', '180_CD', '188_DEF', '193_EFG', '198_CD', '206_CD', '210_DEF']"
02_17_13_52,0.7666666666666667,"['002_ABC', '002_G', '003_GH', '005_KL', '006_DEF', '010_GH', '013_AB', '014_AB', '014_CD', '016_GH', '017_DEF', '018_DEF', '019_ABC', '019_DEF', '026_DEF', '033_ABC', '034_CD', '035_DEF', '036_AB', '037_A', '037_DEF', '038_DE', '041_DEF', '043_AB', '044_ABC', '047_AB', '048_G', '049_GHK', '053_ABC', '061_ABC', '062_ABC', '064_GHK', '065_ABC', '065_DEF', '068_ABC', '068_DEF', '073_ABC', '073_DEF', '077_ABC', '077_GH', '077_KL', '081_ABC', '083_DEF', '087_DEF', '088_DEF', '088_KL', '089_EF', '090_GH', '091_AB', '091_DE', '092_ABC', '094_DEF', '096_DEF', '097_ABC', '099_ABC', '099_GHK', '102_GH', '108_CD', '109_ABC', '111_CD', '113_ABC', '118_ABC', '120_GH', '124_EF', '125_ABC', '131_EF', '132_DEF', '133_GH', '136_FG', '140_DEF', '140_GH', '142_DEF', '143_AB', '144_AB', '145_DEF', '151_AB', '152_ABC', '158_CD', '159_ABC', '159_DEF', '160_N', '161_ABC', '163_DEF', '165_CDE', '170_DEF', '171_H', '172_ABC', '173_ABC', '174_ABC', '175_DEF', '178_DE', '178_FGH', '181_CD', '182_DEF', '185_DEF', '204_DEF', '205_ABC', '209_KL', '212_ABC', '080_DEF', '139_KL', '156_ABC', '187_DEF', '160_E', '201_KL', '063_DEF', '069_AB', '102_MN', '154_ABC', '168_ABC', '180_EFG', '104_AB', '013_CD', '050_DEF', '054_ABC', '070_ABC', '074_DEF', '085_CDE', '102_KL', '108_AB', '116_AB', '117_DE', '137_LMM', '139_ABC', '143_F', '153_DEF', '169_GH', '179_GH', '202_ABC', '203_GHK', '205_GH', '210_DEF', '213_LMN']"
02_17_20_41,0.25,"['001_ABC', '003_DEF', '003_GH', '005_ABC', '005_DEF', '005_KL', '006_ABC', '010_KL', '012_E', '014_CD', '014_EF', '016_GH', '017_DEF', '018_DEF', '019_DEF', '025_CD', '027_ABC', '034_CD', '036_AB', '036_EF', '037_DEF', '044_ABC', '045_ABC', '046_CD', '047_AB', '048_G', '053_ABC', '058_DEF', '059_CD', '061_DEF', '065_ABC', '065_DEF', '073_ABC', '076_EF', '077_DEF', '077_KL', '078_CD', '081_ABC', '082_ABC', '087_DEF', '089_EF', '091_AB', '091_DE', '099_ABC', '099_GHK', '100_DEF', '102_AB', '103_DEF', '104_CD', '104_EF', '105_ABC', '110_ABC', '110_DEF', '111_CD', '111_EF', '115_ABC', '118_ABC', '120_ABC', '124_EF', '126_AB', '130_DEF', '131_EF', '134_DE', '136_FG', '140_ABC', '140_GH', '144_AB', '151_AB', '152_ABC', '158_AB', '159_ABC', '163_DEF', '167_EF', '169_ABC', '169_DEF', '170_GH', '171_C', '171_L', '181_EF', '181_G', '182_DEF', '184_ZZZ', '185_ABC', '189_AB', '198_AB', '198_EF', '199_DEF', '204_DEF', '205_ABC', '209_ABC', '209_KL', '080_DEF', '102_EF', '161_DEF', '170_KL', '197_ABC', '213_DEF', '213_GHK', '114_CD', '005_GH', '063_DEF', '102_MN', '120_DEF', '124_AB', '154_ABC', '104_AB', '024_ABC', '025_AB', '028_CD', '048_ABC', '049_DEF', '054_ABC', '055_DEF', '060_ABC', '070_ABC', '085_CDE', '085_F', '102_CD', '107_L', '116_AB', '139_ABC', '146_DEF', '150_KL', '163_ABC', '172_DEF', '203_ABC', '203_GHK', '205_GH', '207_ABC', '207_FG', '210_L', '191_AB', '191_EFG']"
02_17_27_36,0.05,"['001_DEF', '002_G', '003_GH', '005_ABC', '005_KL', '006_G', '010_DEF', '010_KL', '011_ABC', '013_AB', '014_EF', '016_ABC', '017_ABC', '019_ABC', '020_AB', '022_CD', '025_CD', '027_HKL', '028_EF', '030_AB', '030_GH', '033_DEF', '033_KL', '034_AB', '037_DEF', '038_DE', '040_ABC', '041_ABC', '041_DEF', '044_ABC', '044_DEF', '046_AB', '047_AB', '047_EF', '048_G', '049_L', '051_ABC', '051_DEF', '061_ABC', '063_ABC', '064_GHK', '064_LMN', '065_DEF', '066_DEF', '068_ABC', '073_ABC', '074_ABC', '081_ABC', '082_ABC', '083_DEF', '085_AB', '091_DE', '098_LMN', '099_ABC', '099_GHK', '110_ABC', '110_DEF', '111_AB', '111_EF', '115_ABC', '115_DEF', '118_ABC', '119_L', '121_CD', '125_DEF', '126_AB', '129_DEF', '131_CD', '132_DEF', '133_ABC', '138_CD', '141_CD', '144_AB', '144_EF', '145_GHK', '146_ABC', '148_DEF', '151_AB', '152_DEF', '163_DEF', '167_CD', '169_ABC', '171_D', '171_G', '172_ABC', '174_ABC', '177_DEF', '178_ABC', '181_AB', '181_CD', '182_DEF', '184_ZZZ', '190_ABC', '194_DEF', '199_DEF', '204_ABC', '205_ABC', '209_KL', '211_ZZZ', '139_KL', '156_ABC', '187_DEF', '209_DEF', '069_AB', '102_MN', '124_AB', '154_ABC', '178_KL', '136_DE', '200_AB', '013_CD', '028_CD', '049_DEF', '054_DEF', '056_ABC', '071_KL', '080_G', '085_CDE', '090_ABC', '097_DEF', '116_AB', '117_DE', '124_CD', '134_KL', '138_AB', '139_DEF', '163_ABC', '164_ABC', '169_GH', '186_DEF', '196_ABC', '198_CD', '203_ABC']"
02_17_34_19,0.0333333333333333,"['003_GH', '005_KL', '008_ABC', '012_CD', '016_ABC', '016_GH', '017_ABC', '022_CD', '022_EF', '025_CD', '030_CD', '030_GH', '033_GH', '034_EF', '035_KL', '037_DEF', '044_ABC', '047_AB', '048_DEF', '048_G', '049_ABC', '049_GHK', '053_DEF', '054_GH', '065_DEF', '066_ABC', '073_ABC', '074_ABC', '075_DEF', '078_AB', '081_ABC', '082_DEF', '085_AB', '090_DEF', '091_DE', '096_ABC', '099_ABC', '099_GHK', '101_DEF', '103_DEF', '108_EF', '119_L', '122_DEF', '125_DEF', '129_ABC', '131_AB', '131_CD', '131_EF', '132_DEF', '136_FG', '138_CD', '140_ABC', '140_DEF', '141_EF', '142_DEF', '143_DE', '144_AB', '145_ABC', '145_GHK', '146_ABC', '147_DEF', '149_DEF', '151_AB', '158_CD', '159_DEF', '160_M', '160_N', '165_AB', '169_DEF', '170_ABC', '171_D', '171_E', '171_K', '177_DEF', '179_DEF', '183_DEF', '185_ABC', '189_AB', '190_ABC', '194_DEF', '195_AB', '198_AB', '199_ABC', '204_ABC', '204_DEF', '205_ABC', '205_DEF', '209_KL', '161_DEF', '171_M', '213_DEF', '005_GH', '031_F', '154_ABC', '168_ABC', '172_GH', '200_AB', '028_CD', '049_DEF', '050_ABC', '050_DEF', '054_ABC', '057_DEF', '060_ABC', '070_ABC', '070_GHK', '071_KL', '085_CDE', '085_F', '087_ABC', '090_ABC', '097_DEF', '107_GHK', '116_AB', '121_AB', '126_CD', '126_EF', '143_F', '150_GH', '150_KL', '160_G', '162_DEF', '179_GH', '180_CD', '188_DEF', '198_CD', '203_ABC', '203_LMN', '207_ABC', '208_ABC', '210_ABC', '113_DEF', '191_AB']"
02_17_41_02,0.2166666666666666,"['002_DEF', '002_G', '003_GH', '004_GHK', '007_ABC', '010_GH', '013_AB', '022_CD', '026_DEF', '029_ABC', '030_CD', '032_AB', '034_EF', '037_BC', '037_DEF', '038_DE', '038_FGH', '039_DEF', '041_ABC', '044_ABC', '046_EF', '047_AB', '047_EF', '048_G', '053_DEF', '054_GH', '058_DEF', '059_AB', '059_CD', '062_ABC', '064_ABC', '065_DEF', '067_AB', '070_LMN', '072_ABC', '073_ABC', '076_ABD', '077_DEF', '077_GH', '077_KL', '081_ABC', '081_DEF', '082_DEF', '083_ABC', '084_ABC', '084_DEF', '086_AB', '086_EF', '089_EF', '090_GH', '091_DE', '094_ABC', '097_ABC', '099_ABC', '099_DEF', '099_GHK', '101_ABC', '103_ABC', '103_DEF', '105_ABC', '108_CD', '110_ABC', '111_AB', '121_CD', '125_DEF', '127_DEF', '130_DEF', '134_DE', '140_GH', '141_EF', '142_ABC', '142_DEF', '144_AB', '145_DEF', '147_DEF', '150_DEF', '151_AB', '152_DEF', '160_H', '160_L', '167_EF', '171_C', '175_ABC', '175_DEF', '178_ABC', '178_DE', '178_FGH', '182_DEF', '185_DEF', '187_ABC', '188_ABC', '191_CD', '194_ABC', '196_DE', '197_DEF', '205_ABC', '208_DEF', '209_KL', '213_ABC', '076_C', '089_AB', '093_CD', '132_ABC', '151_CD', '161_DEF', '187_DEF', '209_DEF', '089_CD', '154_ABC', '178_KL', '013_CD', '031_ABC', '048_ABC', '050_ABC', '050_DEF', '056_ABC', '060_ABC', '062_DEF', '074_GH', '085_CDE', '090_ABC', '116_AB', '121_AB', '133_DEF', '137_DEF', '138_AB', '147_ABC', '153_DEF', '163_ABC', '205_GH', '206_CD', '210_DEF', '213_LMN']"
02_17_47_53,0.8,"['001_DEF', '003_GH', '006_ABC', '008_DEF', '008_GHK', '010_KL', '014_AB', '014_EF', '019_ABC', '023_DEF', '026_ABC', '030_AB', '030_CD', '030_EF', '034_CD', '036_CD', '037_DEF', '038_ABC', '041_ABC', '042_ABC', '044_ABC', '044_DEF', '046_CD', '046_EF', '048_G', '049_GHK', '053_ABC', '061_DEF', '062_ABC', '065_DEF', '066_DEF', '070_LMN', '073_ABC', '081_ABC', '082_ABC', '085_AB', '086_AB', '087_DEF', '088_DEF', '089_EF', '091_AB', '091_DE', '092_ABC', '094_DEF', '097_ABC', '099_ABC', '099_GHK', '104_EF', '108_EF', '111_AB', '114_EF', '121_CD', '124_EF', '125_ABC', '125_DEF', '129_DEF', '130_DEF', '131_AB', '131_EF', '133_ABC', '134_DE', '138_CD', '142_ABC', '142_DEF', '144_AB', '144_CD', '147_DEF', '148_ABC', '151_AB', '160_B', '160_M', '165_CDE', '171_D', '171_F', '171_N', '175_ABC', '178_FGH', '181_CD', '183_DEF', '185_DEF', '186_ABC', '187_ABC', '191_CD', '192_DEF', '198_AB', '199_ABC', '205_ABC', '205_KL', '208_DEF', '209_ABC', '209_KL', '212_ABC', '213_ABC', '089_AB', '151_CD', '167_AB', '197_ABC', '102_MN', '154_ABC', '172_GH', '104_AB', '013_EF', '028_CD', '055_ABC', '060_ABC', '060_DEF', '069_CD', '070_GHK', '074_DEF', '085_CDE', '100_ABC', '105_GHK', '107_ABC', '107_DEF', '116_AB', '119_DEF', '124_CD', '133_DEF', '137_LMM', '139_DEF', '143_C', '147_ABC', '163_ABC', '164_ABC', '168_DEF', '176_DEF', '206_CD', '206_EF', '210_GHK', '210_L', '213_LMN', '164_DEF', '182_ABC']"
02_17_54_30,0.0166666666666666,"['001_ABC', '002_ABC', '003_ABC', '003_GH', '005_ABC', '005_DEF', '006_DEF', '008_LMN', '010_KL', '011_DEF', '012_CD', '020_CD', '022_EF', '023_ABC', '026_DEF', '030_AB', '030_EF', '030_GH', '034_CD', '034_EF', '036_CD', '036_EF', '037_A', '037_BC', '037_DEF', '043_AB', '043_CD', '044_ABC', '047_CD', '048_G', '049_L', '051_ABC', '054_GH', '061_DEF', '063_ABC', '064_LMN', '065_DEF', '073_ABC', '075_DEF', '077_KL', '081_ABC', '083_DEF', '086_CD', '087_DEF', '091_DE', '092_ABC', '099_ABC', '099_DEF', '099_GHK', '100_DEF', '101_ABC', '103_DEF', '104_EF', '108_EF', '115_ABC', '118_ABC', '118_DEF', '123_CD', '125_ABC', '125_DEF', '126_AB', '129_ABC', '131_EF', '132_DEF', '135_DEF', '140_ABC', '141_AB', '144_AB', '145_DEF', '149_DEF', '150_ABC', '151_AB', '152_ABC', '158_AB', '160_B', '167_CD', '169_ABC', '169_DEF', '171_C', '171_G', '171_H', '173_ABC', '178_FGH', '179_DEF', '183_DEF', '185_ABC', '187_ABC', '190_ABC', '190_DEF', '203_DEF', '204_ABC', '205_ABC', '205_DEF', '209_KL', '212_ABC', '213_ABC', '080_DEF', '119_ABC', '132_ABC', '156_ABC', '174_DEF', '197_ABC', '201_KL', '120_DEF', '124_AB', '154_ABC', '168_ABC', '136_DE', '013_EF', '049_DEF', '051_GH', '054_DEF', '069_CD', '070_ABC', '074_GH', '085_CDE', '095_ABC', '097_DEF', '107_ABC', '116_AB', '117_FGH', '130_ABC', '139_DEF', '143_C', '153_ABC', '188_DEF', '201_ABC', '203_LMN', '206_EF', '207_FG', '208_ABC', '213_LMN', '078_EF']"
02_18_01_26,0.6833333333333333,"['001_ABC', '002_ABC', '002_DEF', '003_GH', '006_DEF', '007_ABC', '010_ABC', '010_DEF', '010_GH', '012_E', '021_ABC', '023_DEF', '024_GH', '026_DEF', '030_EF', '031_DE', '037_DEF', '042_ABC', '044_ABC', '045_ABC', '048_G', '049_ABC', '054_KL', '058_DEF', '059_AB', '059_CD', '065_DEF', '066_ABC', '066_DEF', '067_AB', '068_DEF', '070_LMN', '072_ABC', '073_ABC', '077_ABC', '081_ABC', '081_DEF', '082_ABC', '083_ABC', '083_DEF', '084_DEF', '086_AB', '090_DEF', '091_DE', '099_ABC', '099_GHK', '102_GH', '103_DEF', '104_CD', '109_ABC', '111_AB', '115_ABC', '121_CD', '124_EF', '127_ABC', '129_DEF', '131_CD', '131_EF', '132_DEF', '133_GH', '134_DE', '135_DEF', '138_CD', '141_AB', '141_CD', '142_ABC', '142_DEF', '143_AB', '144_AB', '144_CD', '148_ABC', '151_AB', '152_DEF', '159_DEF', '160_M', '165_AB', '165_CDE', '170_GH', '171_D', '171_E', '171_K', '173_DE', '174_ABC', '176_ABC', '177_ABC', '179_ABC', '183_DEF', '185_ABC', '186_ABC', '187_ABC', '189_EF', '195_AB', '205_ABC', '205_DEF', '205_KL', '209_KL', '212_ABC', '093_CD', '102_EF', '123_EF', '151_CD', '213_GHK', '005_GH', '063_DEF', '089_CD', '154_ABC', '166_ABC', '168_ABC', '180_EFG', '013_CD', '055_ABC', '070_ABC', '070_GHK', '085_CDE', '090_ABC', '095_DEF', '107_DEF', '107_L', '108_AB', '116_AB', '117_FGH', '121_AB', '126_EF', '138_AB', '150_KL', '164_ABC', '166_DEF', '169_GH', '172_DEF', '195_EF', '210_GHK', '210_L', '078_EF']"
02_18_08_06,0.5666666666666667,"['002_ABC', '002_DEF', '003_GH', '005_KL', '011_ABC', '017_DEF', '018_ABC', '020_CD', '022_AB', '022_EF', '025_EF', '030_AB', '031_DE', '032_GH', '033_KL', '035_GH', '036_EF', '037_A', '037_DEF', '038_ABC', '039_ABC', '043_AB', '044_ABC', '046_AB', '046_CD', '048_G', '049_ABC', '059_CD', '061_ABC', '063_ABC', '065_DEF', '066_DEF', '073_ABC', '074_ABC', '076_EF', '077_ABC', '077_DEF', '077_GH', '080_ABC', '081_ABC', '082_DEF', '084_DEF', '088_ABC', '090_DEF', '091_DE', '096_ABC', '097_ABC', '099_ABC', '099_DEF', '099_GHK', '101_DEF', '103_ABC', '103_DEF', '104_CD', '108_EF', '109_ABC', '111_AB', '111_CD', '111_EF', '113_ABC', '118_ABC', '119_L', '125_ABC', '127_ABC', '129_DEF', '131_EF', '140_ABC', '142_DEF', '143_AB', '143_DE', '144_AB', '144_CD', '147_DEF', '148_ABC', '151_AB', '152_DEF', '154_CD', '158_AB', '158_CD', '159_DEF', '161_ABC', '163_DEF', '171_D', '171_F', '171_H', '171_L', '172_KL', '175_ABC', '178_DE', '183_DEF', '185_DEF', '191_CD', '194_ABC', '194_DEF', '195_AB', '195_CD', '196_DE', '204_ABC', '205_ABC', '208_DEF', '209_KL', '211_ZZZ', '098_GHK', '102_EF', '123_EF', '124_AB', '154_ABC', '178_KL', '200_AB', '025_AB', '028_CD', '070_ABC', '071_DE', '072_DEF', '074_DEF', '085_CDE', '085_F', '095_DEF', '107_L', '108_AB', '116_AB', '124_CD', '139_GH', '153_ABC', '160_D', '193_EFG', '198_CD', '202_ABC', '202_DEF', '205_GH', '213_LMN', '078_EF', '191_AB']"
02_18_14_54,0.0166666666666666,"['001_ABC', '001_DEF', '002_DEF', '003_GH', '004_DEF', '005_DEF', '007_DEF', '008_LMN', '009_DEF', '010_GH', '014_CD', '016_DEF', '019_ABC', '020_CD', '026_ABC', '026_DEF', '027_ABC', '029_ABC', '030_CD', '032_EF', '032_GH', '034_EF', '037_BC', '037_DEF', '038_DE', '038_FGH', '041_DEF', '042_ABC', '043_AB', '044_ABC', '045_DEF', '046_CD', '046_GH', '047_AB', '048_DEF', '048_G', '049_GHK', '051_DEF', '058_KL', '065_DEF', '066_ABC', '066_DEF', '070_LMN', '072_ABC', '073_ABC', '081_ABC', '083_ABC', '083_DEF', '084_ABC', '086_AB', '086_CD', '091_DE', '099_ABC', '099_GHK', '101_DEF', '108_CD', '111_CD', '111_EF', '115_ABC', '120_ABC', '123_CD', '126_AB', '127_ABC', '131_CD', '131_EF', '141_CD', '143_AB', '144_AB', '145_DEF', '148_ABC', '151_AB', '152_DEF', '158_AB', '159_ABC', '160_F', '160_K', '160_R', '169_ABC', '171_A', '171_E', '171_G', '177_DEF', '181_AB', '181_G', '182_DEF', '184_ZZZ', '194_ABC', '195_AB', '196_DE', '198_AB', '203_DEF', '205_ABC', '205_KL', '209_KL', '212_DEF', '213_ABC', '080_DEF', '123_EF', '128_ABC', '151_CD', '171_M', '174_DEF', '213_DEF', '213_GHK', '102_MN', '154_ABC', '136_DE', '054_DEF', '060_DEF', '074_DEF', '074_GH', '085_CDE', '095_DEF', '108_AB', '109_DEF', '116_AB', '124_CD', '133_DEF', '137_GHK', '143_F', '153_DEF', '157_ABC', '160_D', '162_DEF', '180_CD', '193_EFG', '201_DEF', '203_LMN', '206_CD', '206_EF', '210_ABC', '210_DEF', '191_AB']"
02_18_21_42,0.0,"['003_ABC', '003_GH', '005_DEF', '005_KL', '006_ABC', '006_DEF', '007_ABC', '010_DEF', '016_ABC', '016_DEF', '016_GH', '016_KL', '017_ABC', '017_DEF', '020_AB', '021_DEF', '023_DEF', '025_EF', '026_ABC', '033_GH', '033_KL', '034_EF', '035_GH', '037_A', '037_DEF', '038_ABC', '038_FGH', '044_ABC', '045_DEF', '046_EF', '046_GH', '048_G', '049_ABC', '049_GHK', '059_CD', '065_DEF', '066_ABC', '073_ABC', '074_ABC', '075_ABC', '076_ABD', '077_ABC', '080_ABC', '081_ABC', '082_DEF', '083_DEF', '086_AB', '087_DEF', '090_GH', '091_DE', '092_ABC', '092_DEF', '093_AB', '094_DEF', '099_ABC', '099_GHK', '100_DEF', '102_AB', '106_DEF', '108_EF', '110_DEF', '111_CD', '119_GHK', '122_DEF', '123_CD', '124_EF', '131_EF', '134_ABC', '138_CD', '144_AB', '151_AB', '152_ABC', '158_AB', '159_ABC', '160_M', '163_DEF', '171_H', '172_ABC', '173_ABC', '175_ABC', '177_DEF', '190_ABC', '204_DEF', '205_ABC', '205_KL', '209_GH', '209_KL', '212_DEF', '102_EF', '151_CD', '167_AB', '197_ABC', '005_GH', '031_F', '063_DEF', '120_DEF', '154_ABC', '172_GH', '180_EFG', '183_ABC', '013_CD', '028_AB', '040_DEF', '049_DEF', '057_DEF', '058_ABC', '071_KL', '072_DEF', '074_DEF', '080_G', '085_CDE', '085_F', '087_ABC', '107_ABC', '108_AB', '109_DEF', '116_AB', '139_DEF', '143_F', '146_DEF', '150_GH', '150_KL', '153_DEF', '163_ABC', '169_GH', '172_DEF', '180_CD', '193_EFG', '202_DEF', '205_GH', '206_EF', '207_ABC', '210_GHK']"
02_18_28_32,0.7,"['002_G', '003_GH', '004_LMN', '006_DEF', '010_ABC', '010_GH', '012_CD', '013_AB', '014_AB', '014_CD', '016_KL', '019_ABC', '019_DEF', '024_KL', '029_ABC', '032_EF', '033_DEF', '034_CD', '034_EF', '035_GH', '037_DEF', '038_ABC', '039_ABC', '044_ABC', '045_ABC', '046_AB', '046_CD', '046_EF', '048_DEF', '048_G', '049_L', '051_ABC', '052_DEF', '054_GH', '059_AB', '065_DEF', '066_DEF', '070_LMN', '073_ABC', '073_DEF', '077_KL', '080_ABC', '081_ABC', '083_DEF', '085_AB', '088_ABC', '090_GH', '091_DE', '093_AB', '097_ABC', '099_ABC', '099_GHK', '100_DEF', '108_EF', '110_ABC', '110_DEF', '118_ABC', '119_GHK', '125_DEF', '132_DEF', '134_DE', '134_FGH', '138_CD', '140_DEF', '140_KL', '144_AB', '144_EF', '145_DEF', '146_ABC', '151_AB', '152_DEF', '159_DEF', '165_CDE', '167_CD', '171_D', '172_ABC', '172_KL', '175_ABC', '177_DEF', '178_ABC', '179_ABC', '181_CD', '181_G', '183_DEF', '189_AB', '191_CD', '198_EF', '204_DEF', '205_ABC', '209_GH', '209_KL', '212_DEF', '080_DEF', '102_EF', '132_ABC', '187_DEF', '192_ABC', '201_KL', '063_DEF', '089_CD', '124_AB', '154_ABC', '168_ABC', '025_AB', '028_AB', '040_DEF', '050_ABC', '055_ABC', '069_F', '070_DEF', '070_GHK', '072_DEF', '074_DEF', '080_G', '085_CDE', '090_ABC', '095_ABC', '097_DEF', '100_ABC', '102_KL', '105_DEF', '107_DEF', '107_GHK', '116_AB', '121_AB', '133_DEF', '137_DEF', '137_GHK', '179_GH', '188_DEF', '201_ABC', '207_DE', '182_ABC']"
02_18_35_14,0.8,"['003_GH', '006_DEF', '007_ABC', '008_DEF', '010_ABC', '010_DEF', '010_KL', '012_CD', '021_DEF', '022_AB', '022_EF', '023_ABC', '023_DEF', '026_DEF', '028_EF', '029_DEF', '030_EF', '033_KL', '034_EF', '035_GH', '036_EF', '037_A', '037_DEF', '038_ABC', '038_FGH', '044_ABC', '046_AB', '047_AB', '048_DEF', '048_G', '058_DEF', '062_ABC', '065_DEF', '067_AB', '068_DEF', '073_ABC', '073_DEF', '077_DEF', '078_CD', '081_ABC', '082_DEF', '083_ABC', '084_ABC', '088_DEF', '091_AB', '091_DE', '092_DEF', '093_AB', '094_DEF', '096_ABC', '097_ABC', '098_LMN', '099_ABC', '099_GHK', '102_AB', '102_GH', '104_CD', '109_ABC', '111_AB', '113_ABC', '125_DEF', '127_DEF', '132_DEF', '134_ABC', '134_FGH', '140_ABC', '140_KL', '143_AB', '144_AB', '145_DEF', '148_ABC', '151_AB', '152_ABC', '154_CD', '158_CD', '159_DEF', '160_B', '165_AB', '169_DEF', '171_A', '171_E', '171_H', '171_N', '178_FGH', '179_DEF', '180_AB', '184_ZZZ', '186_GH', '189_AB', '198_AB', '203_DEF', '204_ABC', '205_ABC', '209_ABC', '209_KL', '212_DEF', '213_ABC', '080_DEF', '132_ABC', '161_DEF', '187_DEF', '069_AB', '154_ABC', '183_ABC', '136_DE', '013_CD', '025_AB', '028_CD', '031_ABC', '051_GH', '056_DEF', '069_CD', '071_KL', '080_G', '085_CDE', '085_F', '116_AB', '121_AB', '124_CD', '126_CD', '133_DEF', '143_F', '164_ABC', '166_DEF', '168_DEF', '172_DEF', '179_GH', '193_EFG', '202_ABC', '202_DEF', '203_GHK', '210_L', '191_EFG']"
02_18_42_00,0.7833333333333333,"['003_GH', '004_DEF', '006_G', '007_ABC', '009_DEF', '010_KL', '012_AB', '012_E', '014_AB', '014_EF', '016_ABC', '017_ABC', '017_DEF', '018_ABC', '022_CD', '023_DEF', '026_DEF', '028_EF', '030_EF', '031_DE', '033_ABC', '033_DEF', '033_KL', '034_EF', '037_DEF', '039_DEF', '044_ABC', '045_ABC', '046_AB', '046_EF', '046_GH', '048_DEF', '048_G', '049_ABC', '051_DEF', '061_ABC', '065_ABC', '065_DEF', '066_DEF', '066_GH', '067_AB', '068_ABC', '072_ABC', '073_ABC', '073_DEF', '074_ABC', '076_EF', '077_DEF', '081_ABC', '083_ABC', '084_ABC', '084_DEF', '087_DEF', '091_DE', '092_DEF', '099_ABC', '099_DEF', '099_GHK', '108_CD', '108_EF', '112_ABC', '114_AB', '118_DEF', '120_GH', '123_CD', '124_EF', '127_DEF', '134_FGH', '135_ABC', '140_ABC', '141_EF', '143_DE', '144_AB', '144_CD', '145_ABC', '145_DEF', '146_ABC', '149_DEF', '151_AB', '152_ABC', '161_ABC', '167_EF', '170_GH', '171_C', '171_L', '171_N', '177_DEF', '178_FGH', '179_DEF', '180_AB', '183_DEF', '188_ABC', '189_AB', '189_EF', '197_DEF', '199_DEF', '205_ABC', '205_KL', '209_KL', '212_DEF', '093_CD', '098_GHK', '171_M', '209_DEF', '213_DEF', '124_AB', '154_ABC', '168_ABC', '172_GH', '025_AB', '027_DE', '040_DEF', '051_GH', '054_DEF', '069_CD', '070_DEF', '071_DE', '085_CDE', '085_F', '097_DEF', '116_AB', '121_AB', '134_KL', '150_GH', '164_ABC', '166_DEF', '179_GH', '188_DEF', '202_ABC', '203_ABC', '207_DE', '210_DEF', '191_EFG']"
02_18_48_38,0.1333333333333333,"['001_DEF', '003_GH', '005_KL', '006_G', '008_ABC', '019_ABC', '020_AB', '022_CD', '025_EF', '027_ABC', '030_CD', '030_EF', '033_KL', '035_GH', '037_A', '037_DEF', '038_ABC', '038_FGH', '042_ABC', '042_DE', '044_ABC', '046_AB', '046_EF', '047_CD', '048_G', '054_GH', '058_GH', '058_KL', '059_EF', '061_ABC', '065_DEF', '066_ABC', '066_GH', '072_ABC', '073_ABC', '073_DEF', '077_ABC', '078_AB', '078_CD', '079_DEF', '081_ABC', '086_CD', '089_EF', '090_DEF', '091_DE', '096_ABC', '097_ABC', '099_ABC', '099_GHK', '100_DEF', '103_ABC', '103_DEF', '108_CD', '111_CD', '118_ABC', '119_L', '123_CD', '124_EF', '127_ABC', '129_ABC', '129_DEF', '131_CD', '131_EF', '132_DEF', '133_GH', '135_DEF', '140_DEF', '140_KL', '141_AB', '144_AB', '145_LMN', '146_ABC', '151_AB', '151_EF', '152_DEF', '158_CD', '159_DEF', '160_K', '165_AB', '169_DEF', '171_A', '171_B', '171_F', '172_KL', '175_DEF', '178_ABC', '181_AB', '181_CD', '189_EF', '194_ABC', '194_DEF', '199_ABC', '199_DEF', '204_ABC', '205_ABC', '205_DEF', '209_KL', '161_DEF', '167_AB', '171_M', '005_GH', '031_F', '154_ABC', '160_P', '168_ABC', '013_CD', '013_EF', '031_ABC', '056_DEF', '060_DEF', '062_DEF', '069_CD', '085_CDE', '087_ABC', '090_ABC', '100_ABC', '102_CD', '107_ABC', '107_GHK', '107_L', '112_DEF', '116_AB', '121_AB', '126_EF', '130_ABC', '139_ABC', '163_ABC', '195_EF', '201_ABC', '203_ABC', '206_CD', '208_ABC', '213_LMN']"
02_18_55_30,0.2833333333333333,"['003_GH', '005_DEF', '006_ABC', '006_DEF', '006_G', '008_ABC', '010_DEF', '010_KL', '012_E', '014_AB', '014_CD', '016_DEF', '027_HKL', '028_EF', '029_ABC', '030_AB', '032_AB', '033_GH', '033_KL', '034_AB', '036_EF', '037_A', '037_DEF', '042_DE', '043_CD', '044_ABC', '045_DEF', '046_AB', '047_CD', '048_DEF', '048_G', '049_GHK', '051_ABC', '051_DEF', '052_DEF', '064_ABC', '065_DEF', '068_ABC', '068_DEF', '073_ABC', '076_EF', '077_DEF', '080_ABC', '081_ABC', '082_DEF', '083_ABC', '086_AB', '091_AB', '091_DE', '097_ABC', '099_ABC', '099_GHK', '103_DEF', '108_EF', '109_ABC', '110_ABC', '111_EF', '113_ABC', '114_EF', '115_ABC', '115_DEF', '120_GH', '123_CD', '126_AB', '129_DEF', '130_DEF', '131_AB', '136_FG', '140_DEF', '140_KL', '142_ABC', '142_DEF', '144_AB', '145_DEF', '151_AB', '151_EF', '152_ABC', '156_DEF', '160_F', '160_N', '169_ABC', '171_E', '171_K', '171_L', '173_DE', '173_FGH', '174_ABC', '176_ABC', '177_DEF', '179_DEF', '181_EF', '181_G', '182_DEF', '183_DEF', '185_DEF', '190_DEF', '191_CD', '195_CD', '199_DEF', '204_DEF', '205_ABC', '209_KL', '211_ZZZ', '151_CD', '201_KL', '005_GH', '063_DEF', '154_ABC', '104_AB', '025_AB', '028_AB', '050_ABC', '050_DEF', '062_DEF', '070_ABC', '070_DEF', '072_DEF', '085_CDE', '085_F', '090_ABC', '107_ABC', '109_DEF', '116_AB', '119_DEF', '121_AB', '138_AB', '146_DEF', '169_GH', '208_ABC', '210_ABC', '210_DEF', '113_DEF', '191_EFG']"
02_19_02_20,0.0166666666666666,"['001_DEF', '002_G', '003_DEF', '003_GH', '005_DEF', '006_G', '007_ABC', '007_DEF', '009_GH', '012_AB', '012_E', '013_AB', '016_ABC', '019_ABC', '019_DEF', '024_DEF', '029_ABC', '029_DEF', '030_AB', '033_DEF', '033_KL', '034_AB', '034_CD', '034_EF', '035_KL', '036_AB', '037_A', '037_DEF', '038_FGH', '044_ABC', '044_DEF', '045_DEF', '046_EF', '048_DEF', '048_G', '049_L', '054_GH', '059_AB', '061_DEF', '065_DEF', '068_DEF', '073_ABC', '079_DEF', '080_ABC', '081_ABC', '084_ABC', '084_DEF', '088_DEF', '088_GH', '091_DE', '094_DEF', '096_DEF', '099_ABC', '099_GHK', '102_AB', '103_DEF', '109_ABC', '111_AB', '118_DEF', '120_GH', '126_AB', '127_DEF', '128_KL', '130_DEF', '131_CD', '132_DEF', '133_ABC', '134_DE', '134_FGH', '140_GH', '141_EF', '143_AB', '144_AB', '145_LMN', '146_ABC', '151_AB', '167_CD', '169_ABC', '171_C', '171_F', '171_L', '171_N', '174_ABC', '179_DEF', '180_AB', '182_DEF', '184_ZZZ', '185_DEF', '186_GH', '188_ABC', '189_AB', '189_EF', '194_ABC', '197_DEF', '198_AB', '198_EF', '204_ABC', '205_ABC', '205_DEF', '209_KL', '093_CD', '151_CD', '161_DEF', '005_GH', '154_ABC', '172_GH', '025_AB', '048_ABC', '056_ABC', '070_GHK', '071_KL', '074_DEF', '080_G', '085_CDE', '102_CD', '102_KL', '105_DEF', '107_ABC', '107_GHK', '107_L', '116_AB', '126_CD', '147_ABC', '150_GH', '155_ABC', '162_ABC', '196_ABC', '198_CD', '207_ABC', '208_ABC', '210_DEF', '164_DEF', '191_EFG']"
02_19_09_05,0.1,"['002_G', '003_ABC', '003_GH', '005_ABC', '005_KL', '007_DEF', '009_DEF', '011_ABC', '012_CD', '016_ABC', '019_ABC', '022_AB', '023_DEF', '025_EF', '029_DEF', '032_CD', '033_DEF', '034_CD', '036_CD', '037_DEF', '038_DE', '038_FGH', '040_ABC', '042_ABC', '043_AB', '044_ABC', '046_EF', '046_GH', '047_AB', '047_EF', '048_G', '054_GH', '062_ABC', '065_DEF', '066_ABC', '066_GH', '073_ABC', '081_ABC', '085_AB', '086_CD', '087_DEF', '091_DE', '092_DEF', '096_ABC', '096_DEF', '099_ABC', '099_DEF', '099_GHK', '101_ABC', '105_ABC', '108_CD', '109_ABC', '110_ABC', '118_ABC', '121_CD', '126_AB', '127_DEF', '129_ABC', '130_DEF', '133_ABC', '134_ABC', '134_DE', '135_DEF', '140_GH', '143_AB', '144_AB', '149_DEF', '150_ABC', '151_AB', '152_ABC', '152_DEF', '159_DEF', '161_ABC', '165_AB', '167_EF', '169_DEF', '170_ABC', '171_C', '171_K', '171_L', '172_KL', '175_ABC', '175_DEF', '178_FGH', '181_AB', '181_G', '182_DEF', '185_DEF', '190_DEF', '191_CD', '194_DEF', '205_ABC', '209_KL', '212_DEF', '098_GHK', '123_EF', '197_ABC', '213_GHK', '201_KL', '031_F', '102_MN', '120_DEF', '124_AB', '154_ABC', '200_AB', '003_KL', '054_ABC', '054_DEF', '055_ABC', '070_ABC', '070_DEF', '072_DEF', '085_CDE', '098_DEF', '106_ABC', '107_ABC', '107_DEF', '107_L', '116_AB', '119_DEF', '121_AB', '134_KL', '143_C', '150_GH', '155_ABC', '162_ABC', '202_ABC', '203_LMN', '207_FG', '210_L', '213_LMN', '182_ABC', '191_EFG']"
02_19_15_52,0.7166666666666667,"['002_G', '003_GH', '005_ABC', '005_DEF', '005_KL', '006_G', '012_AB', '012_CD', '012_E', '014_EF', '015_ZZZ', '017_DEF', '019_DEF', '020_CD', '021_DEF', '028_EF', '030_CD', '031_DE', '033_KL', '034_EF', '037_BC', '037_DEF', '038_FGH', '042_DE', '044_ABC', '046_CD', '048_G', '053_ABC', '059_CD', '059_EF', '062_ABC', '063_ABC', '064_GHK', '065_DEF', '066_DEF', '066_GH', '070_LMN', '073_ABC', '077_ABC', '081_ABC', '081_DEF', '084_ABC', '084_DEF', '086_EF', '087_DEF', '089_EF', '091_AB', '091_DE', '096_ABC', '096_DEF', '099_ABC', '099_GHK', '100_DEF', '101_DEF', '104_CD', '104_EF', '106_DEF', '108_CD', '108_EF', '110_ABC', '113_ABC', '115_ABC', '118_DEF', '121_CD', '122_DEF', '127_ABC', '128_GH', '132_DEF', '134_ABC', '135_ABC', '135_DEF', '136_FG', '138_CD', '144_AB', '145_DEF', '147_DEF', '151_AB', '158_CD', '159_DEF', '160_N', '163_DEF', '165_AB', '167_CD', '171_A', '171_G', '173_DE', '175_DEF', '177_DEF', '178_FGH', '180_AB', '183_DEF', '189_CD', '194_DEF', '198_EF', '204_ABC', '205_ABC', '205_KL', '209_KL', '213_ABC', '093_CD', '119_ABC', '161_DEF', '167_AB', '005_GH', '063_DEF', '120_DEF', '154_ABC', '013_CD', '040_DEF', '054_DEF', '055_ABC', '060_ABC', '069_F', '072_DEF', '085_CDE', '097_DEF', '102_CD', '116_AB', '117_FGH', '117_KL', '126_EF', '146_DEF', '155_ABC', '166_DEF', '168_DEF', '172_DEF', '188_DEF', '203_ABC', '207_ABC', '207_DE', '210_GHK', '164_DEF', '182_ABC']"
02_19_22_40,0.1333333333333333,"['001_DEF', '002_ABC', '003_GH', '004_GHK', '006_ABC', '007_ABC', '010_DEF', '013_AB', '017_DEF', '021_ABC', '022_EF', '024_DEF', '025_CD', '033_DEF', '033_GH', '034_AB', '036_CD', '037_DEF', '038_FGH', '041_DEF', '043_CD', '044_ABC', '047_EF', '048_DEF', '048_G', '051_DEF', '061_DEF', '064_DEF', '065_DEF', '068_DEF', '072_ABC', '073_ABC', '076_ABD', '077_KL', '081_ABC', '083_DEF', '084_DEF', '085_AB', '086_CD', '088_ABC', '088_DEF', '091_AB', '091_DE', '092_DEF', '094_ABC', '099_ABC', '099_GHK', '104_CD', '109_ABC', '111_CD', '118_ABC', '119_GHK', '124_EF', '125_ABC', '125_DEF', '126_AB', '127_ABC', '129_ABC', '131_EF', '136_FG', '140_DEF', '140_KL', '141_AB', '142_DEF', '143_DE', '144_AB', '151_AB', '152_ABC', '152_DEF', '158_AB', '158_CD', '159_ABC', '160_F', '160_L', '160_R', '161_ABC', '165_AB', '165_CDE', '167_CD', '167_EF', '170_DEF', '170_GH', '171_A', '171_E', '171_L', '171_N', '172_ABC', '175_ABC', '175_DEF', '179_DEF', '189_AB', '189_CD', '195_AB', '196_DE', '197_DEF', '205_ABC', '205_DEF', '209_KL', '212_ABC', '213_ABC', '089_AB', '102_EF', '132_ABC', '139_KL', '167_AB', '174_DEF', '031_F', '102_MN', '154_ABC', '104_AB', '035_ABC', '048_ABC', '050_ABC', '051_GH', '072_DEF', '085_CDE', '085_F', '087_ABC', '097_DEF', '102_CD', '107_ABC', '116_AB', '130_ABC', '134_KL', '143_C', '147_ABC', '153_ABC', '160_D', '163_ABC', '168_DEF', '169_GH', '210_GHK', '113_DEF']"
02_19_29_25,0.0,"['002_ABC', '002_G', '003_GH', '004_DEF', '005_DEF', '012_AB', '012_E', '014_AB', '014_EF', '016_ABC', '030_EF', '034_AB', '036_AB', '037_BC', '037_DEF', '042_DE', '044_ABC', '048_G', '049_GHK', '058_KL', '059_EF', '065_DEF', '066_DEF', '066_GH', '070_LMN', '072_ABC', '073_ABC', '073_DEF', '074_ABC', '077_ABC', '077_KL', '081_ABC', '082_DEF', '083_ABC', '084_DEF', '087_DEF', '088_ABC', '089_EF', '091_DE', '094_ABC', '097_ABC', '099_ABC', '099_GHK', '103_DEF', '104_EF', '105_ABC', '106_DEF', '111_CD', '111_EF', '115_ABC', '115_DEF', '120_ABC', '122_DEF', '124_EF', '127_ABC', '128_KL', '131_EF', '134_ABC', '134_FGH', '140_DEF', '141_AB', '141_EF', '142_ABC', '142_DEF', '144_AB', '145_DEF', '145_GHK', '146_ABC', '149_DEF', '151_AB', '151_EF', '152_DEF', '154_CD', '160_B', '160_H', '165_AB', '167_CD', '169_ABC', '171_C', '173_KL', '175_DEF', '178_ABC', '181_AB', '181_CD', '181_EF', '185_DEF', '189_CD', '190_ABC', '190_DEF', '191_CD', '194_ABC', '194_DEF', '198_AB', '204_DEF', '205_ABC', '209_ABC', '209_KL', '161_DEF', '187_DEF', '197_ABC', '213_GHK', '069_E', '102_MN', '154_ABC', '172_GH', '104_AB', '200_AB', '024_ABC', '049_DEF', '050_ABC', '055_DEF', '060_ABC', '069_F', '070_DEF', '072_DEF', '074_DEF', '080_G', '085_CDE', '085_F', '095_ABC', '097_DEF', '116_AB', '137_DEF', '153_DEF', '176_DEF', '180_CD', '202_ABC', '202_DEF', '205_GH', '206_CD', '207_FG', '210_GHK', '182_ABC']"
02_19_36_13,0.6166666666666667,"['002_G', '003_GH', '014_EF', '017_ABC', '017_DEF', '020_CD', '023_ABC', '025_EF', '029_DEF', '032_GH', '033_ABC', '034_AB', '034_CD', '035_KL', '036_AB', '037_DEF', '039_DEF', '040_ABC', '043_AB', '044_ABC', '045_ABC', '048_DEF', '048_G', '058_GH', '065_DEF', '068_ABC', '072_ABC', '073_ABC', '073_DEF', '074_ABC', '080_ABC', '081_ABC', '081_DEF', '089_EF', '091_DE', '092_DEF', '096_ABC', '096_DEF', '097_ABC', '099_ABC', '099_GHK', '102_AB', '103_ABC', '110_DEF', '113_ABC', '123_CD', '125_DEF', '126_AB', '131_AB', '131_EF', '132_DEF', '133_GH', '134_DE', '140_ABC', '140_GH', '142_DEF', '144_AB', '144_EF', '145_GHK', '148_ABC', '151_AB', '152_ABC', '155_DEF', '156_DEF', '158_CD', '159_DEF', '160_F', '171_A', '171_D', '171_E', '172_KL', '173_ABC', '174_ABC', '179_ABC', '180_AB', '181_G', '183_DEF', '185_ABC', '185_DEF', '189_CD', '191_CD', '195_AB', '197_DEF', '198_AB', '198_EF', '199_DEF', '205_ABC', '208_DEF', '209_ABC', '209_KL', '093_CD', '123_EF', '161_DEF', '174_DEF', '201_KL', '031_F', '089_CD', '102_MN', '154_ABC', '028_CD', '031_ABC', '040_DEF', '054_ABC', '054_DEF', '070_ABC', '070_DEF', '074_DEF', '085_CDE', '102_CD', '105_DEF', '106_ABC', '107_DEF', '116_AB', '121_AB', '124_CD', '126_CD', '126_EF', '139_ABC', '143_F', '146_DEF', '147_ABC', '153_ABC', '155_ABC', '169_GH', '172_DEF', '176_DEF', '180_CD', '188_DEF', '203_ABC', '203_GHK', '206_EF', '210_DEF', '210_L']"
02_19_42_52,0.5833333333333334,"['001_ABC', '002_G', '003_GH', '004_GHK', '005_ABC', '005_DEF', '005_KL', '008_ABC', '014_EF', '020_CD', '022_CD', '023_DEF', '025_EF', '032_EF', '032_GH', '033_DEF', '033_GH', '036_EF', '037_A', '037_DEF', '041_ABC', '043_CD', '044_ABC', '044_DEF', '046_EF', '046_GH', '047_AB', '047_CD', '048_G', '049_ABC', '061_DEF', '063_ABC', '064_LMN', '065_DEF', '068_ABC', '070_LMN', '071_FGH', '073_ABC', '077_ABC', '077_DEF', '077_KL', '078_CD', '079_DEF', '081_ABC', '082_DEF', '083_DEF', '084_ABC', '084_DEF', '090_DEF', '091_AB', '091_DE', '092_DEF', '094_DEF', '099_ABC', '099_GHK', '100_DEF', '103_DEF', '108_CD', '108_EF', '118_DEF', '120_ABC', '121_CD', '122_DEF', '125_DEF', '131_AB', '133_ABC', '140_KL', '144_AB', '151_AB', '152_DEF', '159_DEF', '163_DEF', '165_AB', '171_C', '171_F', '172_ABC', '175_DEF', '178_FGH', '181_G', '189_AB', '189_CD', '194_ABC', '196_DE', '199_ABC', '205_ABC', '205_KL', '209_KL', '102_EF', '123_EF', '151_CD', '187_DEF', '213_GHK', '114_CD', '063_DEF', '089_CD', '154_ABC', '180_EFG', '104_AB', '013_CD', '025_AB', '035_ABC', '040_DEF', '050_DEF', '051_GH', '055_DEF', '058_ABC', '069_CD', '071_ABC', '074_DEF', '085_CDE', '095_ABC', '107_GHK', '116_AB', '117_KL', '121_AB', '124_CD', '133_DEF', '134_KL', '139_ABC', '147_ABC', '153_DEF', '163_ABC', '164_ABC', '168_DEF', '179_GH', '186_DEF', '193_ABCD', '196_ABC', '202_ABC', '202_DEF', '208_ABC', '210_L', '182_ABC']"
02_19_49_42,0.4666666666666667,"['002_ABC', '003_GH', '005_ABC', '005_KL', '006_DEF', '010_KL', '011_DEF', '013_AB', '016_ABC', '016_KL', '022_AB', '029_ABC', '030_GH', '033_GH', '035_GH', '037_DEF', '038_DE', '043_AB', '043_CD', '044_ABC', '046_AB', '047_AB', '048_G', '049_ABC', '051_DEF', '054_GH', '058_KL', '061_ABC', '065_DEF', '066_GH', '067_AB', '070_LMN', '073_ABC', '074_ABC', '076_ABD', '077_ABC', '081_ABC', '083_ABC', '083_DEF', '089_EF', '090_DEF', '090_GH', '091_AB', '091_DE', '094_ABC', '099_ABC', '099_GHK', '101_ABC', '102_AB', '102_GH', '103_ABC', '103_DEF', '108_CD', '108_EF', '118_DEF', '124_EF', '129_ABC', '129_DEF', '131_CD', '134_ABC', '134_DE', '135_ABC', '136_FG', '140_DEF', '141_AB', '142_ABC', '144_AB', '144_CD', '145_LMN', '147_DEF', '150_ABC', '151_AB', '151_EF', '152_ABC', '155_DEF', '158_CD', '159_ABC', '159_DEF', '167_CD', '171_G', '171_N', '173_DE', '173_FGH', '175_DEF', '177_ABC', '177_DEF', '181_AB', '189_CD', '194_ABC', '195_AB', '205_ABC', '205_DEF', '209_ABC', '209_KL', '213_ABC', '093_CD', '102_EF', '161_DEF', '167_AB', '197_ABC', '213_GHK', '005_GH', '063_DEF', '069_AB', '089_CD', '154_ABC', '166_ABC', '104_AB', '025_AB', '031_ABC', '040_DEF', '049_DEF', '053_GH', '054_DEF', '060_ABC', '069_CD', '080_G', '085_CDE', '085_F', '087_ABC', '100_ABC', '107_L', '116_AB', '133_DEF', '143_F', '147_ABC', '150_KL', '162_ABC', '168_DEF', '193_EFG', '202_DEF', '208_ABC', '210_DEF']"
02_19_56_25,0.6166666666666667,"['001_ABC', '003_GH', '005_ABC', '010_ABC', '010_DEF', '016_DEF', '019_ABC', '024_KL', '029_DEF', '032_AB', '033_DEF', '033_KL', '034_EF', '037_A', '037_DEF', '038_FGH', '040_ABC', '043_CD', '044_ABC', '047_AB', '048_DEF', '048_G', '051_DEF', '053_DEF', '061_ABC', '061_DEF', '062_ABC', '065_DEF', '070_LMN', '073_ABC', '074_ABC', '077_GH', '081_ABC', '082_ABC', '083_ABC', '083_DEF', '086_EF', '088_KL', '090_DEF', '091_DE', '094_ABC', '094_DEF', '099_ABC', '099_GHK', '102_GH', '103_ABC', '104_CD', '109_ABC', '111_AB', '114_EF', '119_GHK', '120_ABC', '121_CD', '129_ABC', '129_DEF', '130_DEF', '133_ABC', '140_ABC', '142_DEF', '143_AB', '144_AB', '144_EF', '145_LMN', '148_ABC', '150_DEF', '151_AB', '152_DEF', '158_AB', '160_K', '161_ABC', '165_AB', '171_E', '171_H', '171_N', '172_ABC', '173_ABC', '178_FGH', '184_ZZZ', '185_ABC', '188_ABC', '189_AB', '189_CD', '192_DEF', '195_CD', '196_DE', '199_ABC', '205_ABC', '205_DEF', '205_KL', '209_KL', '093_CD', '139_KL', '167_AB', '171_M', '187_DEF', '197_ABC', '089_CD', '102_MN', '120_DEF', '154_ABC', '166_ABC', '172_GH', '178_KL', '013_CD', '013_EF', '025_AB', '027_DE', '048_ABC', '051_GH', '054_ABC', '060_ABC', '062_DEF', '070_GHK', '074_DEF', '085_CDE', '095_ABC', '095_DEF', '116_AB', '133_DEF', '137_ABC', '138_AB', '139_DEF', '143_C', '160_D', '163_ABC', '168_DEF', '169_GH', '188_DEF', '202_ABC', '205_GH', '210_ABC', '164_DEF', '191_AB']"
02_20_03_15,0.0333333333333333,"['003_GH', '005_KL', '006_DEF', '006_G', '007_DEF', '008_LMN', '009_GH', '010_ABC', '012_AB', '012_CD', '013_AB', '014_CD', '016_KL', '017_DEF', '019_ABC', '019_DEF', '023_DEF', '026_ABC', '028_EF', '030_AB', '033_DEF', '034_AB', '036_EF', '037_DEF', '038_ABC', '044_ABC', '046_AB', '048_G', '049_GHK', '054_GH', '054_KL', '065_ABC', '065_DEF', '071_FGH', '073_ABC', '073_DEF', '075_DEF', '076_EF', '081_ABC', '086_AB', '087_DEF', '090_DEF', '091_DE', '092_ABC', '093_AB', '094_DEF', '099_ABC', '099_GHK', '101_ABC', '101_DEF', '109_ABC', '110_ABC', '111_AB', '111_EF', '114_EF', '115_ABC', '115_DEF', '127_ABC', '128_KL', '129_DEF', '130_DEF', '132_DEF', '134_ABC', '143_AB', '144_AB', '151_AB', '160_A', '163_DEF', '167_CD', '169_DEF', '171_B', '171_C', '171_N', '172_ABC', '175_DEF', '179_DEF', '185_DEF', '186_GH', '188_ABC', '189_AB', '194_DEF', '195_AB', '196_DE', '198_EF', '204_ABC', '205_ABC', '205_DEF', '205_KL', '208_DEF', '209_KL', '076_C', '167_AB', '154_ABC', '178_KL', '180_EFG', '013_CD', '013_EF', '025_AB', '054_ABC', '062_DEF', '070_ABC', '070_DEF', '071_DE', '085_CDE', '087_ABC', '090_ABC', '095_ABC', '097_DEF', '100_ABC', '102_KL', '105_DEF', '107_GHK', '107_L', '109_DEF', '116_AB', '117_KL', '126_EF', '130_ABC', '137_GHK', '143_C', '153_DEF', '163_ABC', '164_ABC', '168_DEF', '172_DEF', '188_DEF', '193_EFG', '196_ABC', '201_GH', '202_DEF', '203_LMN', '207_DE', '210_DEF']"
02_20_10_03,0.2833333333333333,"['002_ABC', '002_DEF', '003_GH', '005_ABC', '010_ABC', '013_AB', '017_DEF', '022_CD', '022_EF', '026_DEF', '028_EF', '029_ABC', '030_AB', '031_DE', '032_EF', '033_ABC', '034_AB', '034_EF', '035_DEF', '035_KL', '037_DEF', '038_DE', '041_DEF', '043_AB', '043_CD', '044_ABC', '044_DEF', '045_ABC', '046_EF', '048_G', '053_DEF', '059_CD', '061_ABC', '065_DEF', '066_DEF', '068_ABC', '073_ABC', '080_ABC', '081_ABC', '082_ABC', '084_DEF', '088_DEF', '091_AB', '091_DE', '093_AB', '098_LMN', '099_ABC', '099_GHK', '102_AB', '111_CD', '111_EF', '114_EF', '115_ABC', '118_ABC', '118_DEF', '124_EF', '125_ABC', '126_AB', '127_DEF', '129_ABC', '129_DEF', '131_CD', '131_EF', '133_GH', '134_FGH', '135_DEF', '140_DEF', '141_AB', '144_AB', '145_DEF', '145_GHK', '146_ABC', '148_ABC', '151_AB', '151_EF', '160_F', '160_L', '163_DEF', '167_CD', '167_EF', '169_ABC', '171_D', '171_F', '171_G', '171_K', '172_KL', '175_ABC', '181_AB', '183_DEF', '185_DEF', '187_ABC', '189_AB', '189_CD', '196_DE', '199_ABC', '203_DEF', '205_ABC', '209_KL', '212_ABC', '128_ABC', '161_DEF', '174_DEF', '192_ABC', '213_GHK', '031_F', '120_DEF', '154_ABC', '013_EF', '054_DEF', '057_ABC', '058_ABC', '070_DEF', '070_GHK', '085_CDE', '090_ABC', '102_CD', '108_AB', '116_AB', '126_CD', '130_ABC', '137_GHK', '164_ABC', '188_DEF', '193_ABCD', '202_ABC', '205_GH', '207_ABC', '207_DE', '210_ABC', '213_LMN', '113_DEF', '191_AB', '191_EFG']"
02_20_16_45,0.0,"['002_ABC', '002_DEF', '003_GH', '010_DEF', '012_AB', '012_E', '014_AB', '022_AB', '024_KL', '028_EF', '029_DEF', '030_EF', '030_GH', '033_KL', '034_EF', '036_AB', '037_DEF', '038_ABC', '038_DE', '041_ABC', '042_ABC', '042_DE', '044_ABC', '046_AB', '046_CD', '047_AB', '048_DEF', '048_G', '053_ABC', '059_EF', '061_ABC', '063_ABC', '064_DEF', '065_DEF', '066_ABC', '067_AB', '068_ABC', '068_DEF', '073_ABC', '077_KL', '081_ABC', '084_ABC', '085_AB', '091_DE', '092_DEF', '094_ABC', '099_ABC', '099_DEF', '099_GHK', '100_DEF', '103_ABC', '106_DEF', '108_EF', '115_DEF', '121_CD', '123_CD', '124_EF', '127_ABC', '130_DEF', '135_DEF', '140_DEF', '142_ABC', '144_AB', '144_EF', '145_GHK', '146_ABC', '147_DEF', '148_DEF', '151_AB', '152_ABC', '158_AB', '159_ABC', '160_A', '167_EF', '171_E', '171_H', '171_L', '172_ABC', '175_DEF', '176_GHK', '177_DEF', '188_ABC', '189_AB', '189_EF', '190_DEF', '192_DEF', '197_DEF', '198_AB', '199_DEF', '205_ABC', '209_ABC', '209_KL', '213_ABC', '080_DEF', '089_AB', '102_EF', '161_DEF', '171_M', '187_DEF', '197_ABC', '201_KL', '154_ABC', '180_EFG', '025_AB', '048_ABC', '056_DEF', '060_DEF', '069_F', '074_DEF', '085_CDE', '087_ABC', '097_DEF', '105_GHK', '107_ABC', '107_DEF', '107_L', '109_DEF', '116_AB', '126_CD', '130_ABC', '138_AB', '143_C', '143_F', '150_KL', '157_ABC', '163_ABC', '180_CD', '193_EFG', '201_GH', '203_ABC', '207_DE', '210_ABC', '164_DEF']"
02_20_23_32,0.0,"['003_GH', '005_DEF', '005_KL', '006_G', '007_DEF', '010_ABC', '010_DEF', '010_KL', '013_AB', '017_DEF', '019_DEF', '022_EF', '028_EF', '030_CD', '030_EF', '031_DE', '033_GH', '037_A', '037_DEF', '038_DE', '040_ABC', '043_CD', '044_ABC', '046_AB', '046_CD', '048_G', '049_GHK', '058_GH', '059_AB', '061_DEF', '065_DEF', '068_DEF', '070_LMN', '073_ABC', '074_ABC', '077_ABC', '080_ABC', '081_ABC', '084_ABC', '088_KL', '089_EF', '091_AB', '091_DE', '092_DEF', '096_ABC', '099_ABC', '099_GHK', '103_ABC', '108_CD', '108_EF', '111_AB', '111_EF', '113_ABC', '115_DEF', '119_L', '120_ABC', '120_GH', '121_CD', '125_ABC', '126_AB', '128_GH', '129_DEF', '131_AB', '134_FGH', '140_KL', '142_ABC', '144_AB', '145_LMN', '151_AB', '154_CD', '159_ABC', '163_DEF', '169_DEF', '170_DEF', '170_GH', '171_F', '171_N', '172_KL', '173_DE', '177_ABC', '181_EF', '184_ZZZ', '187_ABC', '188_ABC', '190_ABC', '190_DEF', '194_DEF', '204_DEF', '205_ABC', '209_GH', '209_KL', '089_AB', '098_GHK', '151_CD', '171_M', '160_E', '005_GH', '102_MN', '124_AB', '154_ABC', '180_EFG', '136_DE', '013_CD', '013_EF', '025_AB', '048_ABC', '054_ABC', '060_DEF', '071_DE', '071_KL', '074_GH', '085_CDE', '085_F', '087_ABC', '107_DEF', '107_GHK', '107_L', '116_AB', '121_AB', '133_DEF', '134_KL', '143_F', '157_ABC', '160_D', '162_ABC', '163_ABC', '166_DEF', '180_CD', '193_EFG', '202_DEF', '210_L', '182_ABC', '191_EFG']"
02_20_30_24,0.3,"['001_ABC', '002_DEF', '002_G', '003_ABC', '003_GH', '004_LMN', '006_ABC', '010_ABC', '012_E', '013_AB', '014_CD', '014_EF', '020_AB', '022_AB', '026_ABC', '026_DEF', '028_EF', '029_ABC', '029_DEF', '030_GH', '031_DE', '033_ABC', '034_EF', '037_DEF', '041_DEF', '044_ABC', '045_DEF', '047_AB', '048_G', '049_GHK', '058_KL', '065_ABC', '065_DEF', '066_ABC', '073_ABC', '073_DEF', '077_KL', '081_ABC', '081_DEF', '082_DEF', '083_ABC', '084_ABC', '090_GH', '091_DE', '092_DEF', '099_ABC', '099_GHK', '104_EF', '108_CD', '110_DEF', '115_DEF', '122_DEF', '126_AB', '129_DEF', '131_AB', '131_CD', '131_EF', '134_FGH', '135_ABC', '135_DEF', '138_CD', '140_DEF', '141_EF', '143_DE', '144_AB', '144_CD', '146_ABC', '147_DEF', '148_DEF', '149_DEF', '151_AB', '151_EF', '158_AB', '158_CD', '159_DEF', '160_L', '165_CDE', '167_CD', '169_DEF', '171_B', '171_E', '171_G', '177_ABC', '178_FGH', '182_DEF', '183_DEF', '186_ABC', '187_ABC', '197_DEF', '205_ABC', '209_KL', '098_GHK', '187_DEF', '213_DEF', '213_GHK', '031_F', '063_DEF', '124_AB', '154_ABC', '166_ABC', '136_DE', '003_KL', '013_EF', '025_AB', '040_DEF', '049_DEF', '054_ABC', '069_CD', '069_F', '085_CDE', '087_ABC', '106_ABC', '107_L', '109_DEF', '116_AB', '130_ABC', '137_DEF', '138_AB', '146_DEF', '150_GH', '155_ABC', '169_GH', '188_DEF', '195_EF', '201_ABC', '202_DEF', '203_ABC', '206_EF', '210_DEF', '210_L', '164_DEF', '182_ABC', '191_AB']"
02_20_37_09,0.0,"['003_GH', '005_ABC', '005_KL', '006_G', '007_ABC', '008_ABC', '008_DEF', '011_DEF', '014_AB', '016_KL', '022_AB', '022_CD', '024_DEF', '026_ABC', '029_ABC', '029_DEF', '030_AB', '030_EF', '031_DE', '032_CD', '032_GH', '033_DEF', '034_AB', '035_DEF', '036_CD', '037_BC', '037_DEF', '040_ABC', '043_CD', '044_ABC', '045_DEF', '046_AB', '046_GH', '048_G', '052_ABC', '059_AB', '065_DEF', '066_GH', '067_AB', '068_ABC', '072_ABC', '073_ABC', '074_ABC', '078_AB', '081_ABC', '082_DEF', '083_ABC', '084_ABC', '085_AB', '089_EF', '090_DEF', '091_DE', '092_ABC', '092_DEF', '099_ABC', '099_GHK', '100_DEF', '101_ABC', '103_ABC', '108_EF', '113_ABC', '120_GH', '123_CD', '125_DEF', '126_AB', '129_ABC', '131_EF', '133_GH', '134_DE', '140_GH', '141_AB', '141_EF', '143_DE', '144_AB', '144_EF', '145_DEF', '149_DEF', '151_AB', '159_ABC', '160_R', '163_DEF', '169_ABC', '169_DEF', '171_B', '171_E', '171_G', '171_K', '171_L', '173_KL', '179_ABC', '179_DEF', '180_AB', '181_CD', '189_EF', '197_DEF', '205_ABC', '209_KL', '093_CD', '102_EF', '119_ABC', '132_ABC', '151_CD', '170_KL', '213_DEF', '031_F', '102_MN', '124_AB', '154_ABC', '104_AB', '013_EF', '035_ABC', '054_ABC', '054_DEF', '060_ABC', '060_DEF', '062_DEF', '070_ABC', '070_DEF', '074_DEF', '080_G', '085_CDE', '116_AB', '121_AB', '126_CD', '139_GH', '147_ABC', '172_DEF', '193_ABCD', '198_CD', '201_DEF', '205_GH', '208_ABC', '182_ABC']"
02_20_44_00,0.0333333333333333,"['002_G', '003_GH', '004_LMN', '005_KL', '009_DEF', '013_AB', '014_AB', '014_CD', '016_ABC', '016_DEF', '016_KL', '017_ABC', '019_ABC', '020_AB', '020_CD', '022_CD', '022_EF', '023_DEF', '025_CD', '026_ABC', '027_HKL', '034_AB', '035_KL', '037_DEF', '038_DE', '038_FGH', '044_ABC', '048_G', '051_DEF', '054_GH', '065_DEF', '066_GH', '068_DEF', '070_LMN', '073_ABC', '076_ABD', '077_DEF', '081_ABC', '081_DEF', '082_DEF', '084_ABC', '085_AB', '088_GH', '090_DEF', '091_DE', '092_ABC', '093_AB', '096_DEF', '099_ABC', '099_GHK', '100_DEF', '102_AB', '106_DEF', '111_AB', '111_CD', '118_DEF', '121_CD', '122_DEF', '129_DEF', '134_DE', '138_CD', '140_DEF', '140_GH', '141_AB', '144_AB', '146_ABC', '148_ABC', '151_AB', '160_K', '160_L', '165_AB', '167_EF', '171_A', '171_N', '175_ABC', '175_DEF', '177_DEF', '178_FGH', '179_DEF', '183_DEF', '184_ZZZ', '186_ABC', '189_EF', '197_DEF', '198_AB', '198_EF', '199_DEF', '205_ABC', '209_KL', '212_ABC', '212_DEF', '139_KL', '174_DEF', '209_DEF', '213_DEF', '114_CD', '154_ABC', '172_GH', '178_KL', '013_CD', '025_AB', '050_ABC', '051_GH', '054_ABC', '054_DEF', '055_ABC', '055_DEF', '070_GHK', '074_GH', '085_CDE', '085_F', '087_ABC', '100_ABC', '102_CD', '107_GHK', '108_AB', '116_AB', '117_KL', '126_CD', '133_DEF', '143_F', '147_ABC', '160_D', '168_DEF', '172_DEF', '180_CD', '193_ABCD', '196_ABC', '202_DEF', '206_EF', '207_FG', '210_GHK', '182_ABC']"
02_20_50_45,0.0,"['002_ABC', '002_G', '003_GH', '005_DEF', '006_ABC', '006_G', '009_DEF', '010_DEF', '014_AB', '014_CD', '016_DEF', '018_DEF', '020_CD', '024_KL', '029_DEF', '036_CD', '036_EF', '037_DEF', '040_ABC', '043_AB', '044_ABC', '045_ABC', '047_EF', '048_G', '054_GH', '059_AB', '065_DEF', '073_ABC', '077_GH', '079_DEF', '081_ABC', '082_DEF', '086_CD', '086_EF', '088_GH', '089_EF', '090_DEF', '091_DE', '099_ABC', '099_GHK', '101_DEF', '104_CD', '106_DEF', '110_DEF', '111_AB', '111_CD', '111_EF', '113_ABC', '118_DEF', '119_L', '121_CD', '122_DEF', '123_CD', '125_ABC', '127_DEF', '128_DEF', '130_DEF', '131_CD', '132_DEF', '135_ABC', '140_DEF', '140_KL', '144_AB', '144_EF', '145_ABC', '145_DEF', '145_GHK', '148_ABC', '148_DEF', '149_DEF', '151_AB', '152_DEF', '159_DEF', '160_H', '160_R', '169_ABC', '171_C', '171_E', '171_F', '171_N', '172_ABC', '172_KL', '173_FGH', '177_ABC', '178_FGH', '181_G', '182_DEF', '183_DEF', '185_ABC', '188_ABC', '189_AB', '189_CD', '190_DEF', '198_AB', '205_ABC', '205_KL', '209_KL', '212_DEF', '093_CD', '139_KL', '171_M', '197_ABC', '209_DEF', '063_DEF', '154_ABC', '168_ABC', '013_EF', '035_ABC', '040_DEF', '049_DEF', '050_ABC', '051_GH', '054_DEF', '055_DEF', '056_ABC', '071_ABC', '085_CDE', '090_ABC', '107_L', '109_DEF', '116_AB', '126_CD', '130_ABC', '133_DEF', '138_AB', '160_D', '163_ABC', '168_DEF', '205_GH', '206_EF', '210_ABC', '164_DEF', '182_ABC']"
02_20_57_32,0.4,"['002_G', '003_ABC', '003_GH', '006_DEF', '007_ABC', '009_GH', '010_ABC', '010_DEF', '010_GH', '012_AB', '015_ZZZ', '016_ABC', '016_DEF', '018_ABC', '020_CD', '023_DEF', '024_GH', '029_ABC', '030_CD', '030_GH', '033_GH', '034_AB', '035_KL', '036_CD', '037_BC', '037_DEF', '038_DE', '038_FGH', '041_DEF', '044_ABC', '044_DEF', '045_ABC', '047_EF', '048_G', '049_L', '051_DEF', '054_KL', '065_DEF', '066_DEF', '067_AB', '070_LMN', '073_ABC', '077_ABC', '077_GH', '077_KL', '081_ABC', '084_ABC', '088_KL', '090_DEF', '091_AB', '091_DE', '099_ABC', '099_GHK', '101_DEF', '102_GH', '103_ABC', '104_CD', '108_CD', '111_EF', '113_ABC', '115_DEF', '119_L', '123_CD', '124_EF', '130_DEF', '134_ABC', '140_DEF', '141_CD', '142_DEF', '143_DE', '144_AB', '146_ABC', '148_ABC', '149_DEF', '151_AB', '152_ABC', '159_DEF', '160_L', '165_AB', '169_DEF', '171_G', '171_H', '172_ABC', '174_ABC', '177_DEF', '179_ABC', '184_ZZZ', '189_CD', '194_DEF', '199_ABC', '205_ABC', '205_KL', '209_KL', '213_ABC', '080_DEF', '187_DEF', '197_ABC', '213_DEF', '069_E', '120_DEF', '124_AB', '154_ABC', '160_P', '180_EFG', '136_DE', '028_CD', '031_ABC', '050_ABC', '053_GH', '054_ABC', '055_DEF', '070_ABC', '085_CDE', '085_F', '087_ABC', '097_DEF', '102_CD', '107_DEF', '109_DEF', '116_AB', '126_EF', '133_DEF', '134_KL', '166_DEF', '193_ABCD', '196_ABC', '201_GH', '202_ABC', '207_FG', '210_ABC', '210_L', '191_AB', '191_EFG']"
02_21_04_14,0.0,"['001_DEF', '003_GH', '004_GHK', '005_DEF', '006_ABC', '009_ABC', '011_DEF', '012_AB', '014_CD', '019_ABC', '020_AB', '022_CD', '023_DEF', '033_ABC', '033_KL', '034_EF', '036_EF', '037_BC', '037_DEF', '040_ABC', '043_AB', '044_ABC', '047_CD', '048_G', '054_GH', '054_KL', '061_ABC', '065_DEF', '073_ABC', '074_ABC', '076_ABD', '077_DEF', '077_GH', '081_ABC', '082_DEF', '083_ABC', '084_ABC', '088_ABC', '090_GH', '091_AB', '091_DE', '099_ABC', '099_GHK', '101_DEF', '102_GH', '103_DEF', '108_CD', '113_ABC', '114_AB', '115_ABC', '120_ABC', '125_DEF', '127_DEF', '129_ABC', '134_FGH', '135_ABC', '136_FG', '138_CD', '141_CD', '144_AB', '145_ABC', '145_DEF', '148_ABC', '149_DEF', '151_AB', '159_ABC', '160_F', '165_CDE', '167_CD', '170_ABC', '171_A', '171_B', '171_C', '171_E', '171_H', '171_K', '171_L', '178_ABC', '179_ABC', '182_DEF', '189_AB', '189_CD', '189_EF', '190_ABC', '190_DEF', '194_DEF', '197_DEF', '198_AB', '198_EF', '199_DEF', '205_ABC', '209_GH', '209_KL', '119_ABC', '151_CD', '156_ABC', '213_DEF', '005_GH', '089_CD', '154_ABC', '178_KL', '027_DE', '028_AB', '028_CD', '035_ABC', '048_ABC', '051_GH', '054_ABC', '057_DEF', '060_DEF', '071_DE', '074_DEF', '080_G', '085_CDE', '087_ABC', '100_ABC', '107_DEF', '109_DEF', '116_AB', '126_CD', '138_AB', '147_ABC', '163_ABC', '169_GH', '172_DEF', '202_DEF', '206_CD', '206_EF', '207_DE', '208_ABC', '078_EF', '191_AB', '191_EFG']"
02_21_10_54,0.05,"['002_DEF', '003_GH', '005_DEF', '006_ABC', '007_ABC', '008_ABC', '013_AB', '014_CD', '014_EF', '016_DEF', '017_DEF', '026_ABC', '026_DEF', '030_EF', '030_GH', '033_GH', '034_CD', '034_EF', '037_DEF', '038_FGH', '041_ABC', '042_DE', '043_CD', '044_ABC', '045_ABC', '046_CD', '048_G', '061_ABC', '065_ABC', '065_DEF', '066_ABC', '066_DEF', '073_ABC', '076_EF', '077_ABC', '080_ABC', '081_ABC', '084_DEF', '086_CD', '087_DEF', '088_ABC', '088_GH', '091_DE', '093_AB', '094_ABC', '096_ABC', '096_DEF', '099_ABC', '099_GHK', '102_AB', '103_ABC', '104_EF', '109_ABC', '114_EF', '118_DEF', '124_EF', '128_DEF', '133_ABC', '140_ABC', '144_AB', '145_LMN', '146_ABC', '151_AB', '152_DEF', '156_DEF', '158_AB', '158_CD', '159_DEF', '160_C', '160_F', '161_ABC', '165_CDE', '167_EF', '171_H', '172_KL', '177_ABC', '178_ABC', '178_DE', '179_DEF', '181_EF', '187_ABC', '189_EF', '190_ABC', '191_CD', '198_EF', '205_ABC', '205_DEF', '209_KL', '102_EF', '132_ABC', '161_DEF', '187_DEF', '192_ABC', '213_DEF', '063_DEF', '120_DEF', '124_AB', '154_ABC', '172_GH', '178_KL', '136_DE', '050_ABC', '051_GH', '055_ABC', '057_DEF', '071_ABC', '085_CDE', '107_ABC', '107_DEF', '107_GHK', '108_AB', '109_DEF', '116_AB', '121_AB', '126_CD', '133_DEF', '134_KL', '138_AB', '150_KL', '153_ABC', '164_ABC', '169_GH', '179_GH', '186_DEF', '188_DEF', '193_ABCD', '195_EF', '201_DEF', '206_EF', '207_FG', '210_GHK', '213_LMN', '191_EFG']"
02_21_17_35,0.0,"['001_ABC', '003_GH', '004_ABC', '005_ABC', '008_LMN', '010_GH', '013_AB', '014_CD', '015_ZZZ', '016_DEF', '019_DEF', '020_AB', '022_EF', '024_DEF', '024_GH', '026_DEF', '030_GH', '033_GH', '036_CD', '037_DEF', '038_DE', '038_FGH', '044_ABC', '044_DEF', '047_AB', '048_G', '051_ABC', '054_KL', '058_KL', '059_AB', '065_DEF', '066_ABC', '066_GH', '068_DEF', '070_LMN', '073_ABC', '077_GH', '081_ABC', '084_ABC', '090_DEF', '091_DE', '096_DEF', '097_ABC', '099_ABC', '099_DEF', '099_GHK', '100_DEF', '102_AB', '104_EF', '108_EF', '110_ABC', '111_AB', '111_EF', '112_ABC', '115_ABC', '118_DEF', '124_EF', '125_ABC', '128_KL', '131_EF', '134_DE', '138_CD', '140_DEF', '141_AB', '143_DE', '144_AB', '145_GHK', '145_LMN', '148_ABC', '148_DEF', '151_AB', '155_DEF', '165_AB', '169_DEF', '170_GH', '171_A', '171_F', '180_AB', '181_CD', '184_ZZZ', '190_ABC', '191_CD', '198_AB', '199_DEF', '203_DEF', '205_ABC', '209_GH', '209_KL', '213_ABC', '089_AB', '098_GHK', '119_ABC', '151_CD', '171_M', '192_ABC', '213_GHK', '031_F', '089_CD', '154_ABC', '168_ABC', '178_KL', '183_ABC', '025_AB', '028_CD', '040_DEF', '048_ABC', '050_DEF', '054_ABC', '058_ABC', '070_GHK', '072_DEF', '074_DEF', '074_GH', '085_CDE', '085_F', '095_ABC', '100_ABC', '102_KL', '107_ABC', '107_GHK', '108_AB', '109_DEF', '116_AB', '126_CD', '133_DEF', '157_ABC', '169_GH', '188_DEF', '193_EFG', '196_ABC', '203_LMN', '206_EF', '164_DEF']"
02_21_24_22,0.35,"['001_DEF', '002_G', '003_GH', '005_ABC', '006_DEF', '006_G', '007_DEF', '009_ABC', '009_DEF', '010_GH', '010_KL', '011_ABC', '013_AB', '014_EF', '019_ABC', '020_CD', '026_ABC', '026_DEF', '033_ABC', '033_GH', '035_GH', '036_CD', '036_EF', '037_DEF', '038_ABC', '038_DE', '042_DE', '043_CD', '044_ABC', '047_CD', '048_G', '049_L', '053_ABC', '058_DEF', '059_AB', '059_CD', '064_GHK', '065_DEF', '066_GH', '070_LMN', '073_ABC', '073_DEF', '075_ABC', '077_DEF', '080_ABC', '081_ABC', '087_DEF', '090_DEF', '091_DE', '094_ABC', '096_DEF', '097_ABC', '098_ABC', '099_ABC', '099_GHK', '100_DEF', '103_DEF', '105_ABC', '106_DEF', '108_CD', '109_ABC', '111_CD', '111_EF', '115_DEF', '118_ABC', '127_ABC', '127_DEF', '131_CD', '134_ABC', '136_FG', '144_AB', '144_EF', '145_DEF', '145_LMN', '149_DEF', '151_AB', '151_EF', '158_AB', '159_DEF', '165_CDE', '170_ABC', '171_F', '171_H', '180_AB', '184_ZZZ', '185_ABC', '187_ABC', '189_AB', '189_EF', '191_CD', '194_DEF', '197_DEF', '205_ABC', '205_DEF', '209_KL', '076_C', '102_EF', '132_ABC', '139_KL', '187_DEF', '089_CD', '102_MN', '120_DEF', '154_ABC', '028_CD', '050_DEF', '054_DEF', '055_ABC', '055_DEF', '060_ABC', '060_DEF', '070_GHK', '074_GH', '080_G', '085_CDE', '097_DEF', '102_CD', '107_GHK', '116_AB', '138_AB', '143_F', '146_DEF', '147_ABC', '160_D', '168_DEF', '193_ABCD', '201_ABC', '206_CD', '207_ABC', '210_GHK', '213_LMN', '191_AB', '191_EFG']"
02_21_31_06,0.4333333333333333,"['001_DEF', '003_GH', '006_G', '007_DEF', '008_DEF', '011_DEF', '012_AB', '012_E', '014_CD', '016_ABC', '016_GH', '016_KL', '019_ABC', '019_DEF', '020_CD', '023_ABC', '023_DEF', '025_CD', '025_EF', '027_HKL', '028_EF', '030_EF', '030_GH', '033_DEF', '034_AB', '035_KL', '037_BC', '037_DEF', '038_DE', '040_ABC', '041_ABC', '042_ABC', '043_AB', '044_ABC', '046_AB', '047_EF', '048_G', '049_ABC', '059_AB', '061_DEF', '063_ABC', '065_DEF', '067_AB', '073_ABC', '081_ABC', '083_DEF', '084_DEF', '087_DEF', '088_DEF', '088_KL', '090_DEF', '091_DE', '094_ABC', '099_ABC', '099_GHK', '101_DEF', '104_CD', '108_CD', '108_EF', '123_CD', '127_ABC', '129_ABC', '129_DEF', '131_AB', '133_ABC', '134_ABC', '135_ABC', '140_ABC', '142_ABC', '143_DE', '144_AB', '146_ABC', '149_DEF', '151_AB', '152_ABC', '160_B', '167_CD', '169_ABC', '169_DEF', '171_G', '171_H', '173_KL', '174_ABC', '178_ABC', '181_AB', '183_DEF', '184_ZZZ', '189_CD', '191_CD', '195_AB', '197_DEF', '205_ABC', '205_DEF', '208_DEF', '209_ABC', '209_GH', '209_KL', '212_ABC', '213_ABC', '102_EF', '213_GHK', '201_KL', '031_F', '154_ABC', '172_GH', '136_DE', '031_ABC', '050_DEF', '051_GH', '055_DEF', '058_ABC', '070_ABC', '072_DEF', '085_CDE', '102_CD', '107_GHK', '109_DEF', '112_DEF', '116_AB', '117_KL', '124_CD', '134_KL', '138_AB', '169_GH', '180_CD', '201_DEF', '203_ABC', '206_CD', '210_L', '213_LMN', '164_DEF', '182_ABC', '191_AB']"
02_21_37_52,0.0,"['002_DEF', '003_GH', '005_ABC', '006_ABC', '007_DEF', '008_ABC', '010_KL', '012_AB', '012_CD', '013_AB', '014_AB', '016_DEF', '017_ABC', '020_AB', '023_DEF', '025_EF', '026_ABC', '032_CD', '033_ABC', '033_KL', '035_KL', '036_CD', '037_DEF', '041_ABC', '042_ABC', '043_CD', '044_ABC', '046_EF', '048_G', '049_ABC', '049_GHK', '049_L', '051_DEF', '053_DEF', '058_GH', '059_AB', '059_EF', '061_DEF', '063_ABC', '064_ABC', '065_ABC', '065_DEF', '072_ABC', '073_ABC', '081_ABC', '082_ABC', '083_DEF', '090_GH', '091_DE', '096_ABC', '096_DEF', '098_ABC', '099_ABC', '099_GHK', '109_ABC', '112_ABC', '114_EF', '115_DEF', '120_ABC', '128_GH', '129_ABC', '129_DEF', '131_CD', '134_FGH', '136_FG', '138_CD', '140_GH', '141_AB', '141_CD', '143_AB', '144_AB', '145_DEF', '148_ABC', '151_AB', '160_F', '165_CDE', '167_CD', '169_ABC', '171_A', '171_B', '171_H', '171_K', '171_N', '174_ABC', '177_DEF', '182_DEF', '187_ABC', '189_CD', '190_ABC', '194_ABC', '199_DEF', '205_ABC', '205_DEF', '209_KL', '212_DEF', '123_EF', '132_ABC', '139_KL', '151_CD', '171_M', '114_CD', '154_ABC', '172_GH', '183_ABC', '025_AB', '028_CD', '040_DEF', '049_DEF', '051_GH', '055_DEF', '056_DEF', '060_ABC', '072_DEF', '085_CDE', '090_ABC', '097_DEF', '105_DEF', '107_L', '108_AB', '116_AB', '126_EF', '137_LMM', '162_DEF', '168_DEF', '169_GH', '193_ABCD', '196_ABC', '203_GHK', '206_CD', '210_L', '113_DEF', '191_AB', '191_EFG']"
02_21_44_41,0.0666666666666666,"['002_DEF', '003_GH', '006_ABC', '007_ABC', '010_KL', '014_AB', '017_DEF', '019_ABC', '024_DEF', '024_GH', '026_DEF', '030_CD', '032_EF', '033_ABC', '034_CD', '035_DEF', '037_A', '037_DEF', '038_ABC', '039_DEF', '040_ABC', '042_DE', '043_AB', '044_ABC', '044_DEF', '046_EF', '047_EF', '048_G', '049_ABC', '062_ABC', '065_DEF', '073_ABC', '073_DEF', '077_KL', '080_ABC', '081_ABC', '083_DEF', '084_DEF', '088_ABC', '088_GH', '090_GH', '091_DE', '092_DEF', '098_ABC', '099_ABC', '099_GHK', '100_DEF', '103_ABC', '104_CD', '108_EF', '111_EF', '113_ABC', '118_ABC', '120_GH', '121_CD', '125_DEF', '131_EF', '132_DEF', '134_ABC', '141_CD', '141_EF', '142_ABC', '143_AB', '144_AB', '145_GHK', '145_LMN', '148_DEF', '151_AB', '160_R', '161_ABC', '163_DEF', '167_CD', '169_DEF', '171_D', '171_E', '171_G', '171_H', '172_KL', '174_ABC', '175_ABC', '178_ABC', '180_AB', '181_CD', '181_G', '190_ABC', '191_CD', '194_DEF', '195_CD', '196_DE', '198_AB', '204_DEF', '205_ABC', '205_KL', '209_KL', '213_ABC', '080_DEF', '213_DEF', '201_KL', '154_ABC', '166_ABC', '168_ABC', '183_ABC', '200_AB', '003_KL', '028_AB', '028_CD', '040_DEF', '050_ABC', '055_DEF', '070_GHK', '074_GH', '080_G', '085_CDE', '097_DEF', '100_ABC', '109_DEF', '116_AB', '124_CD', '139_GH', '143_C', '146_DEF', '150_KL', '162_DEF', '164_ABC', '196_ABC', '202_ABC', '203_LMN', '206_EF', '210_L', '213_LMN', '164_DEF', '191_AB', '191_EFG']"
02_21_51_31,0.0166666666666666,"['001_ABC', '002_G', '003_GH', '004_ABC', '005_KL', '007_DEF', '009_DEF', '010_DEF', '018_ABC', '019_DEF', '020_AB', '022_EF', '023_ABC', '023_DEF', '033_DEF', '033_GH', '035_GH', '037_A', '037_BC', '037_DEF', '044_ABC', '045_ABC', '045_DEF', '047_AB', '047_CD', '047_EF', '048_DEF', '048_G', '051_ABC', '054_GH', '063_ABC', '065_DEF', '066_ABC', '067_AB', '068_ABC', '070_LMN', '072_ABC', '073_ABC', '077_ABC', '081_ABC', '082_DEF', '083_ABC', '085_AB', '086_EF', '087_DEF', '091_AB', '091_DE', '099_ABC', '099_GHK', '108_CD', '109_ABC', '112_ABC', '115_ABC', '115_DEF', '118_ABC', '122_DEF', '124_EF', '127_DEF', '128_DEF', '131_EF', '135_DEF', '140_ABC', '140_DEF', '140_KL', '144_AB', '144_CD', '145_DEF', '145_GHK', '148_ABC', '148_DEF', '151_AB', '151_EF', '154_CD', '156_DEF', '158_AB', '159_DEF', '160_H', '171_A', '171_C', '172_KL', '175_ABC', '175_DEF', '177_ABC', '178_DE', '178_FGH', '180_AB', '181_EF', '188_ABC', '190_ABC', '192_DEF', '196_DE', '197_DEF', '204_ABC', '205_ABC', '209_KL', '080_DEF', '102_EF', '128_ABC', '161_DEF', '167_AB', '170_KL', '174_DEF', '213_DEF', '213_GHK', '069_E', '124_AB', '154_ABC', '166_ABC', '013_CD', '027_DE', '031_ABC', '040_DEF', '051_GH', '054_DEF', '055_ABC', '055_DEF', '085_CDE', '087_ABC', '097_DEF', '102_CD', '105_GHK', '107_ABC', '107_DEF', '107_GHK', '116_AB', '138_AB', '143_C', '153_ABC', '202_ABC', '205_GH', '206_CD', '208_ABC', '191_EFG']"
02_21_58_11,0.3666666666666666,"['003_ABC', '003_GH', '005_ABC', '006_DEF', '006_G', '007_ABC', '008_LMN', '009_DEF', '014_EF', '017_DEF', '022_AB', '023_ABC', '024_KL', '029_ABC', '030_GH', '033_KL', '034_CD', '034_EF', '035_KL', '037_DEF', '038_ABC', '038_FGH', '041_DEF', '043_AB', '044_ABC', '045_ABC', '045_DEF', '046_CD', '046_EF', '047_AB', '047_CD', '048_G', '054_GH', '061_ABC', '061_DEF', '064_LMN', '065_DEF', '066_DEF', '072_ABC', '073_ABC', '075_ABC', '077_GH', '081_ABC', '083_DEF', '085_AB', '086_CD', '088_DEF', '090_DEF', '090_GH', '091_DE', '092_ABC', '092_DEF', '093_AB', '094_DEF', '099_ABC', '099_GHK', '101_ABC', '101_DEF', '103_DEF', '104_CD', '106_DEF', '108_CD', '111_CD', '114_EF', '126_AB', '129_ABC', '130_DEF', '131_EF', '133_ABC', '134_DE', '140_DEF', '141_AB', '141_CD', '142_DEF', '144_AB', '144_CD', '144_EF', '147_DEF', '148_DEF', '151_AB', '159_DEF', '161_ABC', '165_AB', '169_ABC', '171_C', '171_D', '171_N', '172_KL', '175_DEF', '179_ABC', '181_CD', '182_DEF', '183_DEF', '184_ZZZ', '185_ABC', '188_ABC', '189_AB', '189_EF', '194_ABC', '194_DEF', '197_DEF', '203_DEF', '205_ABC', '208_DEF', '209_ABC', '209_KL', '212_ABC', '212_DEF', '080_DEF', '102_EF', '151_CD', '154_ABC', '160_P', '200_AB', '013_EF', '048_ABC', '057_DEF', '070_ABC', '070_GHK', '085_CDE', '109_DEF', '112_DEF', '116_AB', '130_ABC', '134_KL', '153_ABC', '169_GH', '179_GH', '201_GH', '207_FG', '210_GHK', '078_EF', '191_AB']"
02_22_04_58,0.0,"['003_GH', '005_ABC', '006_G', '007_DEF', '012_AB', '016_GH', '017_ABC', '020_AB', '022_EF', '023_ABC', '024_KL', '025_CD', '027_ABC', '029_ABC', '029_DEF', '031_DE', '033_DEF', '033_GH', '035_DEF', '036_CD', '037_DEF', '038_FGH', '039_DEF', '040_ABC', '041_DEF', '044_ABC', '045_ABC', '046_GH', '047_EF', '048_DEF', '048_G', '052_ABC', '054_KL', '063_ABC', '065_ABC', '065_DEF', '066_GH', '070_LMN', '073_ABC', '077_DEF', '081_ABC', '084_ABC', '087_DEF', '091_DE', '092_ABC', '094_ABC', '094_DEF', '096_ABC', '097_ABC', '099_ABC', '099_GHK', '101_ABC', '101_DEF', '108_CD', '110_ABC', '110_DEF', '113_ABC', '120_GH', '122_DEF', '123_CD', '124_EF', '129_ABC', '134_ABC', '134_FGH', '135_ABC', '135_DEF', '136_FG', '142_ABC', '144_AB', '145_DEF', '146_ABC', '151_AB', '158_AB', '159_DEF', '160_B', '160_F', '161_ABC', '165_AB', '170_ABC', '171_A', '171_B', '171_D', '171_E', '171_H', '171_N', '175_ABC', '177_ABC', '177_DEF', '178_ABC', '181_G', '185_ABC', '188_ABC', '189_CD', '196_DE', '197_DEF', '205_ABC', '209_KL', '212_DEF', '080_DEF', '167_AB', '192_ABC', '154_ABC', '160_P', '168_ABC', '178_KL', '200_AB', '027_FG', '028_CD', '049_DEF', '054_ABC', '085_CDE', '090_ABC', '097_DEF', '100_ABC', '105_DEF', '107_GHK', '116_AB', '117_FGH', '124_CD', '134_KL', '137_GHK', '138_AB', '147_ABC', '153_ABC', '157_ABC', '168_DEF', '198_CD', '201_GH', '203_ABC', '207_DE', '210_L', '182_ABC', '191_AB']"
02_22_11_47,0.4833333333333333,"['003_ABC', '003_GH', '005_DEF', '006_DEF', '010_GH', '012_AB', '014_AB', '014_CD', '016_KL', '018_DEF', '020_CD', '024_DEF', '025_CD', '027_HKL', '029_ABC', '031_DE', '033_KL', '035_GH', '037_DEF', '038_DE', '039_ABC', '041_ABC', '041_DEF', '042_ABC', '042_DE', '044_ABC', '046_EF', '046_GH', '047_CD', '048_G', '049_L', '054_GH', '058_KL', '059_EF', '062_ABC', '063_ABC', '064_GHK', '065_DEF', '068_ABC', '068_DEF', '072_ABC', '073_ABC', '075_ABC', '081_ABC', '089_EF', '090_GH', '091_DE', '092_DEF', '093_AB', '096_ABC', '099_ABC', '099_GHK', '101_ABC', '102_GH', '103_ABC', '104_CD', '118_ABC', '120_GH', '124_EF', '131_AB', '131_CD', '131_EF', '136_FG', '140_ABC', '144_AB', '145_ABC', '148_ABC', '151_AB', '158_AB', '159_ABC', '161_ABC', '165_AB', '167_CD', '170_DEF', '171_A', '171_F', '175_DEF', '177_ABC', '179_ABC', '179_DEF', '181_G', '183_DEF', '191_CD', '198_AB', '205_ABC', '209_KL', '212_DEF', '080_DEF', '089_AB', '167_AB', '174_DEF', '187_DEF', '192_ABC', '114_CD', '089_CD', '124_AB', '154_ABC', '172_GH', '028_AB', '040_DEF', '048_ABC', '049_DEF', '050_ABC', '055_ABC', '055_DEF', '056_ABC', '057_ABC', '060_ABC', '060_DEF', '071_KL', '080_G', '085_CDE', '095_ABC', '095_DEF', '098_DEF', '107_DEF', '108_AB', '116_AB', '124_CD', '146_DEF', '147_ABC', '153_DEF', '169_GH', '180_CD', '201_GH', '202_ABC', '202_DEF', '203_ABC', '208_ABC', '210_ABC', '210_GHK', '213_LMN', '191_AB']"
02_22_18_40,0.0333333333333333,"['002_DEF', '003_GH', '004_DEF', '005_ABC', '006_ABC', '007_ABC', '012_E', '013_AB', '014_CD', '016_ABC', '016_DEF', '023_DEF', '024_DEF', '027_ABC', '029_ABC', '030_AB', '030_CD', '031_DE', '032_CD', '032_GH', '033_DEF', '036_AB', '036_EF', '037_DEF', '038_ABC', '040_ABC', '042_ABC', '044_ABC', '048_G', '049_L', '059_EF', '065_DEF', '066_GH', '068_ABC', '071_FGH', '073_ABC', '074_ABC', '080_ABC', '081_ABC', '084_ABC', '085_AB', '087_DEF', '088_GH', '089_EF', '091_DE', '092_ABC', '096_ABC', '099_ABC', '099_GHK', '101_DEF', '102_GH', '110_DEF', '111_CD', '113_ABC', '115_ABC', '115_DEF', '118_ABC', '121_CD', '124_EF', '130_DEF', '132_DEF', '133_ABC', '134_DE', '136_FG', '141_AB', '141_EF', '142_DEF', '144_AB', '145_GHK', '150_ABC', '151_AB', '151_EF', '152_DEF', '160_K', '161_ABC', '163_DEF', '167_CD', '170_ABC', '171_B', '171_C', '171_G', '171_N', '174_ABC', '175_DEF', '177_DEF', '178_FGH', '182_DEF', '185_ABC', '186_ABC', '187_ABC', '189_CD', '190_DEF', '196_DE', '197_DEF', '198_EF', '205_ABC', '209_KL', '093_CD', '119_ABC', '167_AB', '174_DEF', '102_MN', '120_DEF', '124_AB', '154_ABC', '180_EFG', '136_DE', '013_CD', '027_DE', '048_ABC', '049_DEF', '051_GH', '054_DEF', '058_ABC', '070_ABC', '070_DEF', '071_ABC', '074_GH', '085_CDE', '095_ABC', '100_ABC', '106_ABC', '116_AB', '134_KL', '138_AB', '146_DEF', '153_ABC', '193_EFG', '202_ABC', '203_GHK', '207_DE', '208_ABC', '210_GHK']"
02_22_25_30,0.3,"['002_DEF', '003_GH', '006_G', '010_KL', '014_AB', '016_KL', '019_DEF', '022_AB', '023_ABC', '025_CD', '025_EF', '026_DEF', '033_KL', '034_EF', '035_KL', '037_DEF', '038_ABC', '044_ABC', '046_CD', '048_DEF', '048_G', '052_DEF', '059_AB', '065_DEF', '066_GH', '070_LMN', '073_ABC', '077_GH', '077_KL', '081_ABC', '082_DEF', '085_AB', '086_AB', '091_DE', '092_ABC', '094_ABC', '094_DEF', '096_ABC', '096_DEF', '097_ABC', '099_ABC', '099_GHK', '101_DEF', '111_CD', '118_ABC', '127_DEF', '129_DEF', '131_EF', '135_DEF', '136_FG', '138_CD', '140_ABC', '141_EF', '143_DE', '144_AB', '146_ABC', '149_DEF', '151_AB', '152_ABC', '158_AB', '163_DEF', '167_EF', '169_ABC', '171_A', '171_E', '171_G', '171_H', '171_L', '172_KL', '176_GHK', '177_ABC', '178_DE', '178_FGH', '185_ABC', '190_ABC', '194_ABC', '198_AB', '199_ABC', '205_ABC', '209_KL', '212_DEF', '213_ABC', '132_ABC', '151_CD', '161_DEF', '167_AB', '192_ABC', '197_ABC', '209_DEF', '213_DEF', '063_DEF', '069_E', '124_AB', '154_ABC', '166_ABC', '168_ABC', '180_EFG', '104_AB', '025_AB', '031_ABC', '040_DEF', '051_GH', '053_GH', '054_ABC', '054_DEF', '056_DEF', '062_DEF', '070_DEF', '070_GHK', '085_CDE', '087_ABC', '098_DEF', '102_CD', '106_ABC', '116_AB', '119_DEF', '124_CD', '130_ABC', '137_ABC', '157_ABC', '163_ABC', '186_DEF', '195_EF', '196_ABC', '203_ABC', '203_GHK', '203_LMN', '206_CD', '207_DE', '208_ABC', '210_ABC', '182_ABC', '191_EFG']"
02_22_32_29,0.0333333333333333,"['001_ABC', '001_DEF', '003_GH', '005_ABC', '005_KL', '007_DEF', '010_KL', '011_ABC', '012_AB', '013_AB', '014_AB', '016_DEF', '016_KL', '017_DEF', '020_CD', '021_DEF', '022_AB', '022_EF', '030_CD', '030_EF', '036_CD', '036_EF', '037_A', '037_BC', '037_DEF', '038_DE', '039_ABC', '040_ABC', '044_ABC', '044_DEF', '045_DEF', '046_EF', '048_G', '054_GH', '065_ABC', '065_DEF', '073_ABC', '074_ABC', '077_GH', '077_KL', '081_ABC', '084_ABC', '091_DE', '092_ABC', '097_ABC', '099_ABC', '099_GHK', '111_AB', '111_CD', '127_DEF', '129_ABC', '135_ABC', '135_DEF', '136_FG', '142_DEF', '143_AB', '143_DE', '144_AB', '144_EF', '145_LMN', '151_AB', '158_AB', '159_ABC', '159_DEF', '160_B', '160_F', '161_ABC', '163_DEF', '165_CDE', '167_CD', '171_A', '171_E', '171_F', '171_G', '172_KL', '173_FGH', '176_ABC', '176_GHK', '179_ABC', '182_DEF', '185_ABC', '186_ABC', '186_GH', '190_DEF', '191_CD', '194_DEF', '195_CD', '198_EF', '204_ABC', '205_ABC', '205_DEF', '205_KL', '209_KL', '093_CD', '161_DEF', '170_KL', '171_M', '213_DEF', '031_F', '154_ABC', '168_ABC', '200_AB', '027_FG', '028_AB', '031_ABC', '048_ABC', '053_GH', '054_ABC', '055_ABC', '071_DE', '074_DEF', '074_GH', '085_CDE', '095_ABC', '098_DEF', '102_CD', '102_KL', '107_ABC', '107_GHK', '107_L', '108_AB', '109_DEF', '116_AB', '121_AB', '133_DEF', '164_ABC', '168_DEF', '193_ABCD', '203_LMN', '206_CD', '210_DEF', '210_L', '191_EFG']"
02_22_39_14,0.0,"['001_ABC', '002_DEF', '003_ABC', '003_GH', '012_CD', '016_KL', '022_CD', '023_ABC', '025_EF', '029_DEF', '030_AB', '030_EF', '033_KL', '034_AB', '034_CD', '037_BC', '037_DEF', '038_FGH', '041_ABC', '042_ABC', '044_ABC', '047_AB', '047_CD', '048_G', '049_L', '063_ABC', '064_DEF', '065_DEF', '073_ABC', '073_DEF', '077_ABC', '078_AB', '081_ABC', '081_DEF', '083_DEF', '084_DEF', '086_CD', '086_EF', '090_DEF', '091_DE', '093_AB', '099_ABC', '099_GHK', '101_DEF', '104_CD', '105_ABC', '109_ABC', '115_ABC', '118_ABC', '120_ABC', '125_DEF', '127_ABC', '129_ABC', '131_EF', '132_DEF', '133_ABC', '135_ABC', '136_FG', '140_ABC', '140_GH', '141_AB', '142_DEF', '143_AB', '143_DE', '144_AB', '144_EF', '145_GHK', '146_ABC', '148_ABC', '151_AB', '151_EF', '152_ABC', '152_DEF', '160_C', '160_M', '165_AB', '165_CDE', '167_CD', '170_DEF', '171_H', '171_N', '172_ABC', '172_KL', '173_KL', '178_FGH', '179_DEF', '181_AB', '183_DEF', '185_ABC', '188_ABC', '194_ABC', '204_ABC', '204_DEF', '205_ABC', '205_DEF', '209_KL', '213_ABC', '076_C', '128_ABC', '151_CD', '161_DEF', '174_DEF', '213_DEF', '114_CD', '102_MN', '154_ABC', '028_AB', '028_CD', '048_ABC', '050_DEF', '051_GH', '057_ABC', '060_DEF', '072_DEF', '085_CDE', '097_DEF', '100_ABC', '107_DEF', '107_L', '109_DEF', '116_AB', '117_DE', '117_FGH', '134_KL', '138_AB', '153_DEF', '157_ABC', '160_G', '193_EFG', '196_ABC', '203_ABC', '210_DEF', '113_DEF']"
02_22_46_03,0.0,"['001_ABC', '002_G', '003_GH', '006_ABC', '009_DEF', '010_KL', '012_CD', '014_CD', '016_DEF', '016_GH', '017_DEF', '020_CD', '022_CD', '026_ABC', '026_DEF', '030_EF', '032_GH', '033_ABC', '034_EF', '035_KL', '037_DEF', '038_ABC', '040_ABC', '042_DE', '043_CD', '044_ABC', '045_ABC', '048_G', '051_DEF', '054_KL', '063_ABC', '065_DEF', '066_ABC', '066_DEF', '068_ABC', '068_DEF', '073_ABC', '074_ABC', '076_ABD', '077_ABC', '081_ABC', '086_EF', '089_EF', '091_AB', '091_DE', '092_ABC', '092_DEF', '094_DEF', '098_LMN', '099_ABC', '099_GHK', '101_ABC', '103_ABC', '109_ABC', '111_AB', '114_EF', '120_ABC', '121_CD', '131_CD', '131_EF', '134_DE', '138_CD', '142_ABC', '144_AB', '144_EF', '148_ABC', '148_DEF', '150_DEF', '151_AB', '158_AB', '165_AB', '167_EF', '169_DEF', '171_D', '171_F', '171_N', '175_DEF', '180_AB', '185_ABC', '198_AB', '199_DEF', '204_DEF', '205_ABC', '209_GH', '209_KL', '211_ZZZ', '080_DEF', '132_ABC', '161_DEF', '187_DEF', '197_ABC', '213_GHK', '005_GH', '089_CD', '102_MN', '154_ABC', '172_GH', '178_KL', '180_EFG', '104_AB', '028_AB', '049_DEF', '053_GH', '056_ABC', '069_CD', '070_GHK', '072_DEF', '085_CDE', '085_F', '090_ABC', '095_ABC', '097_DEF', '102_CD', '107_ABC', '107_GHK', '116_AB', '117_DE', '117_FGH', '137_GHK', '137_LMM', '143_F', '162_ABC', '163_ABC', '164_ABC', '172_DEF', '193_ABCD', '203_GHK', '203_LMN', '210_GHK', '213_LMN', '113_DEF', '164_DEF', '182_ABC']"
03_05_49_21,0.0,"['003_GH', '005_DEF', '005_KL', '006_DEF', '009_DEF', '009_GH', '010_KL', '012_AB', '012_E', '019_DEF', '022_EF', '026_DEF', '030_CD', '030_EF', '030_GH', '031_DE', '033_GH', '033_KL', '034_CD', '035_GH', '036_EF', '037_DEF', '038_DE', '039_ABC', '042_ABC', '044_ABC', '047_AB', '048_DEF', '048_G', '049_GHK', '049_L', '052_ABC', '061_ABC', '061_DEF', '065_DEF', '066_DEF', '068_ABC', '070_LMN', '073_ABC', '073_DEF', '077_DEF', '077_GH', '077_KL', '081_ABC', '082_ABC', '087_DEF', '091_DE', '092_ABC', '098_LMN', '099_ABC', '099_GHK', '100_DEF', '102_AB', '103_ABC', '108_CD', '110_ABC', '110_DEF', '111_AB', '111_CD', '111_EF', '114_EF', '123_CD', '134_FGH', '144_AB', '149_DEF', '151_AB', '151_EF', '152_DEF', '159_DEF', '160_L', '160_R', '161_ABC', '170_DEF', '170_GH', '171_B', '171_F', '175_ABC', '178_ABC', '178_DE', '178_FGH', '180_AB', '181_CD', '182_DEF', '183_DEF', '186_GH', '189_AB', '189_CD', '194_ABC', '199_ABC', '199_DEF', '203_DEF', '205_ABC', '205_KL', '209_KL', '212_ABC', '212_DEF', '089_AB', '093_CD', '123_EF', '132_ABC', '151_CD', '167_AB', '209_DEF', '031_F', '120_DEF', '154_ABC', '168_ABC', '180_EFG', '183_ABC', '031_ABC', '048_ABC', '050_DEF', '051_GH', '054_ABC', '057_DEF', '070_GHK', '072_DEF', '080_G', '085_CDE', '106_ABC', '107_ABC', '116_AB', '117_FGH', '124_CD', '126_CD', '130_ABC', '137_DEF', '143_F', '169_GH', '180_CD', '188_DEF', '202_DEF', '210_ABC']"
03_05_56_42,0.0,"['003_GH', '004_GHK', '006_ABC', '006_G', '010_GH', '011_ABC', '012_AB', '016_ABC', '016_DEF', '017_DEF', '020_AB', '021_DEF', '022_EF', '023_DEF', '030_EF', '030_GH', '032_EF', '033_GH', '034_EF', '036_AB', '037_A', '037_DEF', '038_FGH', '041_ABC', '044_ABC', '048_G', '049_GHK', '054_GH', '054_KL', '059_AB', '064_LMN', '065_ABC', '065_DEF', '067_AB', '068_DEF', '073_ABC', '081_ABC', '083_DEF', '084_DEF', '086_AB', '086_EF', '091_DE', '093_AB', '094_DEF', '096_ABC', '099_ABC', '099_GHK', '102_AB', '108_CD', '109_ABC', '113_ABC', '120_ABC', '121_CD', '125_ABC', '126_AB', '129_DEF', '130_DEF', '132_DEF', '133_ABC', '136_FG', '142_ABC', '143_DE', '144_AB', '144_EF', '146_ABC', '149_DEF', '150_ABC', '151_AB', '158_AB', '158_CD', '159_DEF', '160_B', '160_H', '171_A', '171_D', '171_G', '171_H', '171_K', '172_ABC', '175_DEF', '178_ABC', '178_FGH', '181_CD', '182_DEF', '185_ABC', '187_ABC', '189_AB', '194_DEF', '199_ABC', '205_ABC', '209_KL', '213_ABC', '098_GHK', '167_AB', '174_DEF', '114_CD', '005_GH', '031_F', '089_CD', '120_DEF', '154_ABC', '172_GH', '180_EFG', '200_AB', '013_CD', '024_ABC', '025_AB', '027_FG', '048_ABC', '060_DEF', '080_G', '085_CDE', '087_ABC', '095_DEF', '097_DEF', '100_ABC', '105_DEF', '107_GHK', '108_AB', '116_AB', '139_DEF', '139_GH', '146_DEF', '147_ABC', '162_DEF', '168_DEF', '202_DEF', '203_ABC', '203_GHK', '208_ABC', '113_DEF', '182_ABC', '191_AB']"
03_06_03_27,0.0,"['001_DEF', '003_DEF', '003_GH', '007_ABC', '008_GHK', '009_ABC', '010_KL', '011_DEF', '012_AB', '014_AB', '016_KL', '017_DEF', '022_EF', '024_KL', '028_EF', '030_CD', '032_AB', '032_GH', '033_GH', '034_AB', '037_DEF', '042_DE', '044_ABC', '046_EF', '047_AB', '047_CD', '048_G', '049_ABC', '054_KL', '058_KL', '059_CD', '061_ABC', '062_ABC', '065_ABC', '065_DEF', '066_ABC', '066_DEF', '068_ABC', '068_DEF', '072_ABC', '073_ABC', '077_GH', '081_ABC', '082_DEF', '083_ABC', '086_CD', '090_GH', '091_DE', '092_DEF', '098_ABC', '099_ABC', '099_DEF', '099_GHK', '101_ABC', '103_ABC', '103_DEF', '104_CD', '108_EF', '110_ABC', '110_DEF', '111_CD', '113_ABC', '115_DEF', '121_CD', '126_AB', '127_DEF', '129_ABC', '131_AB', '131_EF', '133_GH', '136_FG', '140_KL', '141_AB', '141_CD', '144_AB', '144_EF', '145_GHK', '146_ABC', '148_ABC', '151_AB', '161_ABC', '163_DEF', '165_AB', '167_CD', '171_A', '171_N', '178_FGH', '183_DEF', '185_DEF', '186_ABC', '187_ABC', '191_CD', '194_ABC', '194_DEF', '204_ABC', '205_ABC', '205_KL', '208_DEF', '209_KL', '212_DEF', '080_DEF', '119_ABC', '197_ABC', '031_F', '069_AB', '154_ABC', '178_KL', '104_AB', '031_ABC', '049_DEF', '050_ABC', '050_DEF', '060_ABC', '085_CDE', '087_ABC', '095_ABC', '100_ABC', '107_L', '116_AB', '119_DEF', '126_CD', '137_GHK', '137_LMM', '139_GH', '147_ABC', '150_GH', '163_ABC', '188_DEF', '193_ABCD', '202_DEF', '206_CD', '210_GHK', '191_EFG']"
03_06_10_05,0.0,"['001_ABC', '003_GH', '004_ABC', '006_DEF', '008_DEF', '010_DEF', '010_GH', '017_DEF', '019_DEF', '021_DEF', '022_EF', '023_ABC', '023_DEF', '025_EF', '029_ABC', '029_DEF', '030_GH', '031_DE', '033_GH', '036_AB', '036_CD', '037_A', '037_DEF', '038_DE', '043_AB', '044_ABC', '048_G', '049_ABC', '058_KL', '061_ABC', '065_DEF', '066_GH', '068_ABC', '073_ABC', '073_DEF', '077_KL', '081_ABC', '082_DEF', '086_AB', '086_CD', '087_DEF', '088_GH', '091_DE', '092_ABC', '093_AB', '099_ABC', '099_DEF', '099_GHK', '110_DEF', '115_ABC', '118_ABC', '118_DEF', '120_ABC', '122_DEF', '123_CD', '124_EF', '128_DEF', '128_KL', '129_ABC', '130_DEF', '131_CD', '131_EF', '133_ABC', '133_GH', '134_ABC', '134_FGH', '136_FG', '140_KL', '142_DEF', '144_AB', '144_CD', '145_DEF', '147_DEF', '150_ABC', '151_AB', '151_EF', '152_DEF', '159_DEF', '160_C', '161_ABC', '163_DEF', '165_CDE', '169_DEF', '171_K', '171_N', '172_ABC', '172_KL', '173_KL', '180_AB', '186_GH', '188_ABC', '189_EF', '192_DEF', '194_DEF', '198_AB', '199_DEF', '204_ABC', '205_ABC', '205_KL', '209_KL', '212_DEF', '151_CD', '174_DEF', '197_ABC', '213_DEF', '089_CD', '154_ABC', '200_AB', '031_ABC', '055_ABC', '056_DEF', '057_DEF', '060_DEF', '072_DEF', '074_DEF', '085_CDE', '102_CD', '107_L', '108_AB', '116_AB', '117_FGH', '117_KL', '126_EF', '134_KL', '143_F', '153_ABC', '164_ABC', '193_EFG', '202_DEF', '206_CD', '207_ABC', '210_GHK', '164_DEF']"
03_06_16_41,0.65,"['002_DEF', '003_GH', '004_LMN', '006_ABC', '006_G', '008_GHK', '009_ABC', '010_KL', '012_CD', '013_AB', '014_AB', '016_ABC', '016_DEF', '017_ABC', '017_DEF', '019_ABC', '023_ABC', '027_HKL', '030_GH', '031_DE', '032_GH', '033_ABC', '033_KL', '034_EF', '036_AB', '036_CD', '036_EF', '037_DEF', '041_ABC', '041_DEF', '042_DE', '043_AB', '043_CD', '044_ABC', '046_AB', '046_CD', '046_EF', '048_G', '049_ABC', '049_L', '052_ABC', '059_AB', '059_EF', '062_ABC', '065_DEF', '066_GH', '073_ABC', '075_ABC', '077_DEF', '081_ABC', '087_DEF', '090_DEF', '091_AB', '091_DE', '093_AB', '096_ABC', '099_ABC', '099_DEF', '099_GHK', '101_ABC', '102_GH', '103_ABC', '104_EF', '110_DEF', '115_DEF', '131_EF', '135_ABC', '136_FG', '140_GH', '141_EF', '144_AB', '144_CD', '145_ABC', '150_DEF', '151_AB', '151_EF', '152_DEF', '160_B', '160_N', '165_CDE', '167_CD', '170_DEF', '171_B', '175_ABC', '177_ABC', '178_FGH', '179_ABC', '181_AB', '181_G', '187_ABC', '194_DEF', '196_DE', '198_EF', '203_DEF', '204_ABC', '205_ABC', '209_KL', '212_DEF', '187_DEF', '197_ABC', '213_DEF', '213_GHK', '102_MN', '154_ABC', '183_ABC', '013_CD', '013_EF', '024_ABC', '028_AB', '035_ABC', '040_DEF', '056_DEF', '060_DEF', '074_DEF', '074_GH', '085_CDE', '087_ABC', '090_ABC', '102_KL', '105_DEF', '107_ABC', '107_GHK', '108_AB', '116_AB', '124_CD', '137_ABC', '138_AB', '143_C', '168_DEF', '186_DEF', '203_ABC', '208_ABC', '210_L']"
03_06_23_18,0.3666666666666666,"['002_G', '003_GH', '005_KL', '006_G', '008_DEF', '008_GHK', '010_ABC', '010_DEF', '012_CD', '012_E', '016_KL', '017_ABC', '019_DEF', '022_AB', '026_DEF', '027_ABC', '028_EF', '029_ABC', '030_AB', '033_ABC', '036_AB', '037_A', '037_DEF', '038_ABC', '038_DE', '038_FGH', '039_ABC', '041_ABC', '042_ABC', '044_ABC', '044_DEF', '045_ABC', '046_CD', '047_CD', '048_DEF', '048_G', '049_ABC', '049_L', '054_GH', '061_ABC', '061_DEF', '065_ABC', '065_DEF', '068_DEF', '072_ABC', '073_ABC', '078_AB', '081_ABC', '082_DEF', '086_AB', '086_CD', '086_EF', '087_DEF', '088_KL', '090_DEF', '090_GH', '091_DE', '092_DEF', '096_ABC', '099_ABC', '099_GHK', '101_DEF', '111_CD', '111_EF', '114_EF', '130_DEF', '133_ABC', '134_DE', '136_FG', '144_AB', '146_ABC', '151_AB', '161_ABC', '167_CD', '169_ABC', '170_DEF', '171_A', '171_C', '171_D', '171_E', '171_F', '175_ABC', '177_DEF', '178_ABC', '178_DE', '179_DEF', '181_EF', '181_G', '186_GH', '188_ABC', '190_ABC', '198_AB', '199_ABC', '204_ABC', '205_ABC', '205_DEF', '209_KL', '102_EF', '123_EF', '151_CD', '161_DEF', '174_DEF', '187_DEF', '114_CD', '031_F', '069_E', '102_MN', '154_ABC', '172_GH', '200_AB', '050_ABC', '055_ABC', '074_DEF', '085_CDE', '102_KL', '107_DEF', '107_GHK', '108_AB', '116_AB', '134_KL', '137_ABC', '139_DEF', '139_GH', '143_F', '146_DEF', '153_DEF', '162_DEF', '163_ABC', '169_GH', '202_ABC', '203_LMN', '207_ABC', '210_GHK']"
03_06_30_03,0.35,"['003_GH', '005_KL', '006_ABC', '007_ABC', '008_DEF', '010_GH', '012_CD', '012_E', '013_AB', '014_AB', '017_ABC', '017_DEF', '018_ABC', '023_DEF', '026_ABC', '029_ABC', '030_CD', '031_DE', '032_AB', '033_GH', '034_CD', '036_AB', '037_DEF', '038_ABC', '038_DE', '038_FGH', '043_AB', '044_ABC', '046_AB', '047_AB', '048_DEF', '048_G', '049_ABC', '049_L', '051_ABC', '052_ABC', '054_GH', '059_AB', '065_DEF', '071_FGH', '073_ABC', '075_DEF', '081_ABC', '082_DEF', '084_ABC', '086_CD', '089_EF', '090_GH', '091_DE', '092_ABC', '097_ABC', '099_ABC', '099_GHK', '103_DEF', '110_DEF', '111_AB', '120_ABC', '124_EF', '131_AB', '133_GH', '134_DE', '135_DEF', '136_FG', '141_EF', '143_AB', '143_DE', '144_AB', '144_EF', '145_ABC', '145_DEF', '148_ABC', '148_DEF', '149_DEF', '151_AB', '152_ABC', '161_ABC', '165_CDE', '167_CD', '170_ABC', '170_DEF', '171_B', '174_ABC', '175_DEF', '177_ABC', '179_ABC', '191_CD', '198_AB', '199_DEF', '204_ABC', '204_DEF', '205_ABC', '205_DEF', '205_KL', '208_DEF', '209_KL', '212_ABC', '213_ABC', '080_DEF', '167_AB', '213_DEF', '160_E', '031_F', '089_CD', '102_MN', '154_ABC', '180_EFG', '200_AB', '013_CD', '025_AB', '031_ABC', '070_DEF', '071_DE', '072_DEF', '074_GH', '085_CDE', '087_ABC', '100_ABC', '116_AB', '117_FGH', '117_KL', '124_CD', '137_DEF', '138_AB', '139_ABC', '139_GH', '146_DEF', '162_ABC', '163_ABC', '166_DEF', '168_DEF', '198_CD', '203_GHK', '213_LMN']"
03_06_36_47,0.15,"['003_DEF', '003_GH', '005_DEF', '006_ABC', '012_AB', '014_AB', '014_CD', '016_ABC', '016_GH', '019_ABC', '021_DEF', '026_ABC', '028_EF', '029_ABC', '030_AB', '030_CD', '032_EF', '033_ABC', '033_GH', '035_GH', '035_KL', '036_CD', '037_BC', '037_DEF', '038_ABC', '038_DE', '040_ABC', '041_ABC', '043_AB', '044_ABC', '045_ABC', '045_DEF', '047_EF', '048_G', '051_DEF', '053_ABC', '054_GH', '059_AB', '059_CD', '062_ABC', '065_DEF', '066_GH', '073_ABC', '077_KL', '080_ABC', '081_ABC', '081_DEF', '082_DEF', '085_AB', '088_ABC', '088_KL', '090_DEF', '091_DE', '096_DEF', '099_ABC', '099_GHK', '100_DEF', '103_DEF', '110_DEF', '111_AB', '115_ABC', '115_DEF', '118_DEF', '121_CD', '125_DEF', '127_ABC', '128_KL', '129_DEF', '131_AB', '131_CD', '132_DEF', '133_ABC', '133_GH', '135_DEF', '136_FG', '140_KL', '142_ABC', '144_AB', '144_EF', '145_ABC', '145_GHK', '147_DEF', '151_AB', '158_CD', '171_E', '171_H', '171_N', '179_ABC', '181_AB', '189_EF', '198_AB', '199_DEF', '204_ABC', '204_DEF', '205_ABC', '208_DEF', '209_KL', '213_ABC', '093_CD', '102_EF', '174_DEF', '197_ABC', '089_CD', '154_ABC', '136_DE', '031_ABC', '040_DEF', '050_DEF', '054_DEF', '057_ABC', '070_DEF', '074_DEF', '080_G', '085_CDE', '100_ABC', '102_KL', '105_GHK', '106_ABC', '116_AB', '143_F', '162_DEF', '179_GH', '193_ABCD', '205_GH', '207_ABC', '207_DE', '208_ABC', '210_DEF', '213_LMN', '078_EF', '164_DEF', '182_ABC', '191_EFG']"
03_06_43_29,0.0,"['001_ABC', '003_GH', '004_DEF', '006_ABC', '006_DEF', '006_G', '007_ABC', '008_DEF', '012_CD', '014_AB', '014_EF', '016_ABC', '017_ABC', '017_DEF', '022_CD', '023_DEF', '026_DEF', '028_EF', '030_CD', '030_EF', '031_DE', '032_CD', '033_DEF', '033_KL', '034_EF', '036_CD', '036_EF', '037_BC', '037_DEF', '038_ABC', '039_ABC', '042_DE', '043_AB', '044_ABC', '045_ABC', '046_GH', '048_G', '054_KL', '061_ABC', '065_DEF', '066_ABC', '072_ABC', '073_ABC', '075_ABC', '077_ABC', '080_ABC', '081_ABC', '081_DEF', '087_DEF', '090_GH', '091_DE', '092_ABC', '094_ABC', '099_ABC', '099_GHK', '102_AB', '102_GH', '103_DEF', '115_ABC', '120_ABC', '122_DEF', '123_CD', '124_EF', '127_ABC', '128_GH', '131_EF', '133_GH', '134_ABC', '134_FGH', '144_AB', '145_GHK', '145_LMN', '147_DEF', '149_DEF', '151_AB', '152_ABC', '152_DEF', '154_CD', '156_DEF', '159_DEF', '163_DEF', '167_EF', '169_DEF', '171_A', '171_B', '171_E', '171_H', '177_DEF', '178_ABC', '179_DEF', '183_DEF', '185_ABC', '190_ABC', '205_ABC', '205_KL', '209_KL', '089_AB', '098_GHK', '174_DEF', '187_DEF', '102_MN', '154_ABC', '180_EFG', '013_CD', '013_EF', '025_AB', '028_CD', '040_DEF', '048_ABC', '050_DEF', '070_ABC', '071_KL', '085_CDE', '090_ABC', '100_ABC', '105_DEF', '107_GHK', '116_AB', '117_FGH', '137_LMM', '143_C', '146_DEF', '153_ABC', '153_DEF', '162_DEF', '169_GH', '193_EFG', '202_ABC', '207_DE', '210_GHK', '210_L', '213_LMN', '078_EF']"
03_06_50_09,0.2333333333333333,"['003_GH', '005_KL', '010_DEF', '012_AB', '013_AB', '015_ZZZ', '022_EF', '029_DEF', '030_CD', '033_GH', '033_KL', '034_AB', '034_EF', '036_CD', '037_BC', '037_DEF', '039_DEF', '043_AB', '043_CD', '044_ABC', '045_ABC', '045_DEF', '047_AB', '048_DEF', '048_G', '049_L', '051_DEF', '053_DEF', '054_GH', '058_KL', '059_AB', '059_CD', '061_ABC', '062_ABC', '063_ABC', '064_DEF', '065_DEF', '067_AB', '068_DEF', '071_FGH', '073_ABC', '074_ABC', '076_EF', '077_DEF', '077_GH', '077_KL', '080_ABC', '081_ABC', '081_DEF', '083_ABC', '086_CD', '088_DEF', '089_EF', '090_GH', '091_DE', '094_DEF', '096_ABC', '099_ABC', '099_GHK', '102_GH', '104_CD', '115_ABC', '118_ABC', '122_DEF', '124_EF', '129_ABC', '130_DEF', '131_CD', '132_DEF', '134_DE', '136_FG', '140_GH', '141_AB', '142_ABC', '143_AB', '144_AB', '145_ABC', '151_AB', '151_EF', '161_ABC', '171_K', '173_FGH', '175_DEF', '177_ABC', '178_DE', '179_DEF', '181_CD', '185_DEF', '191_CD', '199_DEF', '204_ABC', '205_ABC', '209_KL', '212_ABC', '080_DEF', '093_CD', '161_DEF', '005_GH', '031_F', '069_E', '089_CD', '102_MN', '154_ABC', '166_ABC', '180_EFG', '136_DE', '200_AB', '013_CD', '027_DE', '055_ABC', '085_CDE', '085_F', '090_ABC', '095_DEF', '097_DEF', '107_DEF', '109_DEF', '116_AB', '137_LMM', '150_KL', '153_ABC', '153_DEF', '179_GH', '180_CD', '198_CD', '203_ABC', '203_LMN', '210_DEF', '078_EF', '113_DEF', '164_DEF', '182_ABC', '191_EFG']"
03_06_56_56,0.0166666666666666,"['001_ABC', '003_GH', '004_GHK', '006_ABC', '006_DEF', '006_G', '010_KL', '011_ABC', '012_AB', '012_CD', '012_E', '014_CD', '016_ABC', '019_ABC', '020_AB', '022_EF', '023_ABC', '024_GH', '027_ABC', '030_EF', '030_GH', '033_DEF', '034_AB', '037_A', '037_DEF', '043_AB', '044_ABC', '044_DEF', '045_ABC', '045_DEF', '047_AB', '048_G', '051_DEF', '054_KL', '059_AB', '059_CD', '064_ABC', '064_LMN', '065_DEF', '066_DEF', '068_ABC', '070_LMN', '073_ABC', '077_ABC', '080_ABC', '081_ABC', '084_DEF', '085_AB', '091_DE', '092_ABC', '093_AB', '094_DEF', '099_ABC', '099_DEF', '099_GHK', '101_ABC', '101_DEF', '110_DEF', '111_AB', '111_CD', '124_EF', '132_DEF', '138_CD', '140_DEF', '140_GH', '141_EF', '143_AB', '144_AB', '144_CD', '145_LMN', '148_ABC', '149_DEF', '151_AB', '159_ABC', '160_M', '163_DEF', '165_AB', '167_CD', '169_DEF', '170_GH', '171_F', '172_ABC', '172_KL', '174_ABC', '177_ABC', '177_DEF', '178_DE', '179_ABC', '179_DEF', '182_DEF', '188_ABC', '189_AB', '190_DEF', '191_CD', '196_DE', '198_AB', '204_DEF', '205_ABC', '209_KL', '212_ABC', '080_DEF', '123_EF', '167_AB', '174_DEF', '213_DEF', '089_CD', '120_DEF', '154_ABC', '003_KL', '028_AB', '054_ABC', '057_DEF', '058_ABC', '062_DEF', '085_CDE', '097_DEF', '108_AB', '116_AB', '117_FGH', '117_KL', '143_F', '146_DEF', '162_DEF', '179_GH', '188_DEF', '193_ABCD', '203_ABC', '207_ABC', '207_DE', '210_L', '164_DEF', '182_ABC', '191_AB']"
03_07_03_37,0.2333333333333333,"['002_ABC', '002_DEF', '002_G', '003_GH', '004_ABC', '004_LMN', '005_KL', '006_ABC', '006_DEF', '008_GHK', '010_ABC', '010_GH', '012_E', '013_AB', '015_ZZZ', '019_DEF', '020_AB', '020_CD', '030_GH', '031_DE', '033_DEF', '034_CD', '037_A', '037_DEF', '038_DE', '040_ABC', '041_ABC', '042_DE', '044_ABC', '045_DEF', '046_CD', '048_G', '049_L', '051_ABC', '051_DEF', '058_DEF', '065_DEF', '066_GH', '068_ABC', '073_ABC', '074_ABC', '075_ABC', '077_DEF', '081_ABC', '082_ABC', '082_DEF', '089_EF', '091_DE', '092_ABC', '093_AB', '096_DEF', '099_ABC', '099_DEF', '099_GHK', '103_ABC', '104_EF', '110_DEF', '111_CD', '112_ABC', '113_ABC', '120_ABC', '120_GH', '121_CD', '122_DEF', '123_CD', '129_ABC', '131_EF', '133_ABC', '134_DE', '138_CD', '141_CD', '143_DE', '144_AB', '145_DEF', '148_DEF', '151_AB', '152_DEF', '158_AB', '159_ABC', '169_ABC', '169_DEF', '171_A', '171_B', '171_G', '171_N', '172_ABC', '173_ABC', '175_DEF', '177_ABC', '178_FGH', '181_AB', '181_G', '182_DEF', '187_ABC', '188_ABC', '190_DEF', '191_CD', '196_DE', '205_ABC', '205_DEF', '208_DEF', '209_KL', '114_CD', '005_GH', '089_CD', '154_ABC', '024_ABC', '025_AB', '027_DE', '050_ABC', '071_ABC', '074_GH', '085_CDE', '090_ABC', '097_DEF', '098_DEF', '100_ABC', '107_DEF', '107_GHK', '109_DEF', '116_AB', '124_CD', '130_ABC', '133_DEF', '139_DEF', '146_DEF', '155_ABC', '160_D', '188_DEF', '193_EFG', '207_ABC', '210_ABC', '191_AB']"
03_07_10_24,0.0,"['001_ABC', '003_GH', '005_DEF', '006_ABC', '006_DEF', '007_DEF', '008_LMN', '009_ABC', '013_AB', '014_AB', '017_ABC', '018_ABC', '020_CD', '025_CD', '027_ABC', '028_EF', '032_GH', '033_ABC', '036_AB', '037_DEF', '038_DE', '039_ABC', '041_ABC', '042_ABC', '043_AB', '044_ABC', '046_AB', '048_G', '059_EF', '063_ABC', '065_ABC', '065_DEF', '066_GH', '073_ABC', '075_DEF', '077_GH', '079_DEF', '080_ABC', '081_ABC', '090_DEF', '091_DE', '093_AB', '094_DEF', '099_ABC', '099_GHK', '101_DEF', '103_ABC', '104_CD', '108_CD', '110_ABC', '110_DEF', '111_EF', '113_ABC', '120_GH', '122_DEF', '129_ABC', '131_EF', '134_FGH', '135_DEF', '136_FG', '140_KL', '141_AB', '141_EF', '143_DE', '144_AB', '151_AB', '158_AB', '159_ABC', '159_DEF', '160_A', '160_H', '160_L', '169_ABC', '171_B', '171_D', '171_G', '173_DE', '174_ABC', '177_ABC', '177_DEF', '179_DEF', '180_AB', '181_AB', '181_G', '184_ZZZ', '190_ABC', '190_DEF', '197_DEF', '205_ABC', '205_DEF', '209_KL', '093_CD', '128_ABC', '151_CD', '174_DEF', '160_E', '005_GH', '031_F', '089_CD', '154_ABC', '168_ABC', '178_KL', '031_ABC', '040_DEF', '048_ABC', '070_ABC', '070_DEF', '070_GHK', '072_DEF', '080_G', '085_CDE', '085_F', '102_KL', '105_GHK', '107_ABC', '107_L', '116_AB', '117_FGH', '124_CD', '133_DEF', '138_AB', '143_F', '150_GH', '153_ABC', '180_CD', '193_ABCD', '196_ABC', '198_CD', '202_DEF', '203_ABC', '203_GHK', '203_LMN', '210_DEF']"
03_07_17_13,0.4166666666666667,"['002_ABC', '003_ABC', '003_GH', '006_ABC', '006_DEF', '010_DEF', '016_GH', '025_CD', '025_EF', '026_ABC', '026_DEF', '029_ABC', '030_AB', '031_DE', '033_ABC', '033_GH', '035_GH', '037_DEF', '040_ABC', '041_ABC', '042_DE', '044_ABC', '046_CD', '046_EF', '047_AB', '047_CD', '048_DEF', '048_G', '051_DEF', '052_ABC', '052_DEF', '061_ABC', '061_DEF', '065_ABC', '065_DEF', '067_AB', '073_ABC', '081_ABC', '084_ABC', '091_DE', '092_DEF', '096_ABC', '097_ABC', '098_LMN', '099_ABC', '099_DEF', '099_GHK', '100_DEF', '109_ABC', '111_AB', '111_CD', '115_ABC', '115_DEF', '118_ABC', '124_EF', '125_ABC', '125_DEF', '129_ABC', '130_DEF', '131_AB', '132_DEF', '134_ABC', '140_GH', '140_KL', '142_DEF', '143_AB', '144_AB', '145_ABC', '148_ABC', '151_AB', '152_DEF', '156_DEF', '160_K', '165_CDE', '170_GH', '171_A', '171_B', '171_D', '172_KL', '177_ABC', '178_DE', '181_CD', '186_GH', '198_AB', '198_EF', '199_ABC', '205_ABC', '205_KL', '209_KL', '089_AB', '167_AB', '174_DEF', '192_ABC', '197_ABC', '213_DEF', '069_AB', '089_CD', '154_ABC', '178_KL', '180_EFG', '136_DE', '200_AB', '028_AB', '028_CD', '057_ABC', '060_ABC', '070_ABC', '070_DEF', '072_DEF', '085_CDE', '087_ABC', '095_ABC', '100_ABC', '106_ABC', '112_DEF', '116_AB', '126_EF', '130_ABC', '147_ABC', '153_ABC', '163_ABC', '164_ABC', '176_DEF', '180_CD', '188_DEF', '193_ABCD', '203_ABC', '206_CD', '206_EF', '207_FG', '210_ABC', '210_GHK', '213_LMN']"
03_07_23_59,0.1,"['002_DEF', '003_DEF', '003_GH', '005_ABC', '005_KL', '007_ABC', '007_DEF', '008_LMN', '013_AB', '014_EF', '016_GH', '020_CD', '025_CD', '029_DEF', '030_AB', '032_CD', '034_CD', '037_DEF', '038_ABC', '042_ABC', '044_ABC', '046_AB', '047_CD', '048_G', '052_DEF', '053_ABC', '054_GH', '054_KL', '061_DEF', '063_ABC', '065_ABC', '065_DEF', '068_DEF', '070_LMN', '073_ABC', '077_ABC', '080_ABC', '081_ABC', '082_ABC', '082_DEF', '084_ABC', '088_KL', '089_EF', '090_DEF', '091_AB', '091_DE', '096_DEF', '099_ABC', '099_DEF', '099_GHK', '102_GH', '103_ABC', '109_ABC', '111_AB', '112_ABC', '113_ABC', '120_ABC', '120_GH', '123_CD', '125_ABC', '125_DEF', '126_AB', '128_KL', '130_DEF', '132_DEF', '133_ABC', '133_GH', '134_DE', '134_FGH', '136_FG', '138_CD', '143_AB', '144_AB', '144_EF', '145_ABC', '145_LMN', '148_ABC', '151_AB', '151_EF', '152_ABC', '160_N', '161_ABC', '167_CD', '171_E', '171_H', '171_L', '171_N', '177_ABC', '178_ABC', '189_AB', '198_AB', '203_DEF', '204_DEF', '205_ABC', '209_KL', '076_C', '119_ABC', '123_EF', '167_AB', '197_ABC', '114_CD', '102_MN', '154_ABC', '180_EFG', '136_DE', '200_AB', '028_AB', '028_CD', '031_ABC', '035_ABC', '049_DEF', '050_DEF', '054_ABC', '055_ABC', '070_ABC', '071_ABC', '080_G', '085_CDE', '095_ABC', '107_DEF', '116_AB', '117_KL', '126_CD', '138_AB', '139_GH', '143_C', '150_GH', '163_ABC', '168_DEF', '188_DEF', '196_ABC', '206_CD', '164_DEF']"
03_07_30_47,0.2,"['002_ABC', '002_DEF', '003_GH', '006_G', '008_DEF', '010_KL', '016_ABC', '016_DEF', '020_AB', '020_CD', '029_DEF', '030_AB', '032_EF', '033_GH', '033_KL', '036_EF', '037_A', '037_DEF', '040_ABC', '041_ABC', '042_DE', '044_ABC', '046_GH', '048_G', '049_ABC', '049_GHK', '049_L', '051_DEF', '062_ABC', '063_ABC', '065_DEF', '066_DEF', '072_ABC', '073_ABC', '073_DEF', '075_ABC', '076_EF', '077_DEF', '081_ABC', '083_ABC', '086_CD', '089_EF', '090_DEF', '091_AB', '091_DE', '092_DEF', '093_AB', '098_LMN', '099_ABC', '099_GHK', '101_DEF', '102_AB', '102_GH', '103_ABC', '108_EF', '113_ABC', '120_ABC', '122_DEF', '128_DEF', '128_KL', '133_GH', '134_DE', '135_ABC', '140_KL', '141_AB', '144_AB', '144_EF', '148_DEF', '151_AB', '152_DEF', '158_AB', '160_L', '160_N', '165_AB', '169_ABC', '172_ABC', '172_KL', '174_ABC', '177_ABC', '178_DE', '179_DEF', '180_AB', '185_DEF', '186_ABC', '198_AB', '199_ABC', '205_ABC', '209_KL', '212_DEF', '213_ABC', '093_CD', '102_EF', '123_EF', '167_AB', '170_KL', '171_M', '213_GHK', '005_GH', '063_DEF', '069_AB', '102_MN', '154_ABC', '168_ABC', '172_GH', '180_EFG', '013_CD', '025_AB', '040_DEF', '049_DEF', '055_ABC', '060_ABC', '062_DEF', '085_CDE', '087_ABC', '095_DEF', '102_KL', '105_DEF', '116_AB', '126_CD', '126_EF', '137_ABC', '137_DEF', '139_ABC', '146_DEF', '147_ABC', '150_GH', '153_ABC', '164_ABC', '180_CD', '188_DEF', '193_EFG', '203_ABC', '208_ABC']"
03_07_37_33,0.1833333333333333,"['002_DEF', '003_GH', '005_ABC', '005_KL', '010_ABC', '010_KL', '011_ABC', '011_DEF', '012_E', '014_CD', '016_ABC', '016_KL', '021_ABC', '022_EF', '025_CD', '030_AB', '030_CD', '030_EF', '031_DE', '032_GH', '033_KL', '034_AB', '034_EF', '036_EF', '037_A', '037_DEF', '040_ABC', '043_AB', '044_ABC', '046_CD', '048_G', '051_DEF', '064_GHK', '065_DEF', '066_GH', '071_FGH', '073_ABC', '077_GH', '078_CD', '081_ABC', '084_ABC', '084_DEF', '091_DE', '094_ABC', '096_ABC', '099_ABC', '099_GHK', '100_DEF', '102_GH', '106_DEF', '109_ABC', '111_AB', '114_EF', '118_ABC', '118_DEF', '120_GH', '124_EF', '125_ABC', '125_DEF', '127_DEF', '131_AB', '132_DEF', '133_ABC', '133_GH', '140_GH', '144_AB', '145_GHK', '145_LMN', '149_DEF', '151_AB', '151_EF', '152_DEF', '161_ABC', '163_DEF', '167_CD', '171_B', '171_H', '171_N', '172_KL', '173_FGH', '175_ABC', '181_EF', '186_ABC', '190_DEF', '198_EF', '205_ABC', '205_KL', '209_KL', '212_DEF', '093_CD', '128_ABC', '167_AB', '005_GH', '063_DEF', '069_E', '124_AB', '154_ABC', '180_EFG', '183_ABC', '003_KL', '031_ABC', '035_ABC', '048_ABC', '050_ABC', '055_DEF', '058_ABC', '060_DEF', '062_DEF', '070_GHK', '072_DEF', '085_CDE', '102_KL', '116_AB', '121_AB', '143_C', '153_ABC', '153_DEF', '163_ABC', '172_DEF', '176_DEF', '196_ABC', '203_ABC', '203_GHK', '205_GH', '206_CD', '206_EF', '208_ABC', '210_ABC', '210_DEF', '213_LMN', '113_DEF', '182_ABC', '191_AB']"
03_07_44_26,0.1333333333333333,"['001_ABC', '003_GH', '004_DEF', '005_ABC', '005_KL', '006_ABC', '007_ABC', '007_DEF', '009_ABC', '012_AB', '014_AB', '016_GH', '019_DEF', '023_DEF', '025_CD', '029_ABC', '030_AB', '030_EF', '030_GH', '031_DE', '033_ABC', '034_AB', '034_EF', '036_AB', '036_EF', '037_DEF', '042_ABC', '043_CD', '044_ABC', '045_ABC', '046_CD', '047_AB', '048_G', '049_GHK', '052_ABC', '058_GH', '058_KL', '065_DEF', '073_ABC', '077_KL', '081_ABC', '083_DEF', '086_AB', '088_ABC', '088_DEF', '088_GH', '088_KL', '089_EF', '090_DEF', '090_GH', '091_AB', '091_DE', '092_ABC', '096_DEF', '099_ABC', '099_GHK', '101_DEF', '102_GH', '103_ABC', '115_DEF', '118_DEF', '119_L', '128_GH', '131_AB', '131_CD', '132_DEF', '134_ABC', '135_DEF', '140_DEF', '140_KL', '141_AB', '142_ABC', '144_AB', '144_CD', '151_AB', '152_DEF', '158_AB', '158_CD', '159_DEF', '160_B', '165_AB', '165_CDE', '171_A', '171_B', '171_L', '171_N', '172_ABC', '177_ABC', '181_EF', '181_G', '186_GH', '189_AB', '197_DEF', '198_EF', '203_DEF', '205_ABC', '205_KL', '208_DEF', '209_KL', '211_ZZZ', '089_AB', '098_GHK', '151_CD', '167_AB', '201_KL', '005_GH', '154_ABC', '172_GH', '180_EFG', '200_AB', '027_FG', '040_DEF', '050_ABC', '054_ABC', '055_DEF', '070_DEF', '074_GH', '085_CDE', '102_KL', '107_L', '116_AB', '130_ABC', '134_KL', '146_DEF', '168_DEF', '193_ABCD', '203_LMN', '205_GH', '210_GHK', '210_L', '213_LMN', '113_DEF', '191_AB']"
03_07_51_06,0.0,"['001_ABC', '001_DEF', '003_ABC', '003_GH', '004_DEF', '005_KL', '006_ABC', '006_G', '007_ABC', '010_DEF', '010_GH', '010_KL', '012_E', '014_AB', '014_CD', '017_ABC', '017_DEF', '019_ABC', '023_ABC', '024_GH', '029_ABC', '030_AB', '030_GH', '032_CD', '034_EF', '037_BC', '037_DEF', '040_ABC', '042_ABC', '044_ABC', '046_AB', '046_GH', '047_EF', '048_G', '051_DEF', '053_DEF', '054_KL', '064_LMN', '065_DEF', '066_GH', '068_DEF', '073_ABC', '074_ABC', '077_KL', '080_ABC', '081_ABC', '084_DEF', '085_AB', '088_DEF', '089_EF', '091_DE', '093_AB', '099_ABC', '099_GHK', '100_DEF', '102_GH', '104_CD', '109_ABC', '113_ABC', '115_DEF', '123_CD', '124_EF', '129_ABC', '129_DEF', '130_DEF', '131_AB', '135_ABC', '136_FG', '140_ABC', '140_GH', '141_CD', '144_AB', '145_ABC', '145_DEF', '145_LMN', '149_DEF', '150_DEF', '151_AB', '151_EF', '152_ABC', '160_B', '163_DEF', '165_CDE', '171_G', '171_K', '173_ABC', '174_ABC', '178_FGH', '181_AB', '181_EF', '181_G', '187_ABC', '190_DEF', '197_DEF', '198_AB', '205_ABC', '209_KL', '102_EF', '119_ABC', '123_EF', '174_DEF', '063_DEF', '124_AB', '154_ABC', '136_DE', '013_EF', '048_ABC', '049_DEF', '050_ABC', '050_DEF', '055_DEF', '060_ABC', '069_CD', '069_F', '070_DEF', '085_CDE', '085_F', '095_DEF', '107_DEF', '107_L', '116_AB', '126_EF', '133_DEF', '137_ABC', '139_ABC', '153_DEF', '155_ABC', '193_ABCD', '202_ABC', '207_FG', '208_ABC', '210_ABC', '164_DEF']"
03_07_58_16,0.1166666666666666,"['001_ABC', '002_ABC', '003_GH', '004_GHK', '006_ABC', '006_DEF', '006_G', '008_ABC', '010_ABC', '010_KL', '012_CD', '013_AB', '016_GH', '016_KL', '018_ABC', '021_ABC', '030_CD', '032_AB', '034_AB', '034_EF', '035_GH', '037_DEF', '041_ABC', '042_ABC', '044_ABC', '045_ABC', '046_CD', '046_EF', '048_DEF', '048_G', '054_GH', '054_KL', '063_ABC', '065_ABC', '065_DEF', '072_ABC', '073_ABC', '074_ABC', '081_ABC', '082_ABC', '083_DEF', '084_ABC', '085_AB', '087_DEF', '090_DEF', '091_DE', '099_ABC', '099_GHK', '102_GH', '103_ABC', '108_EF', '118_ABC', '119_L', '121_CD', '122_DEF', '125_DEF', '127_DEF', '131_AB', '134_DE', '135_DEF', '141_AB', '141_CD', '142_ABC', '142_DEF', '143_DE', '144_AB', '144_EF', '145_ABC', '147_DEF', '148_DEF', '151_AB', '163_DEF', '165_CDE', '171_E', '171_F', '171_N', '172_KL', '173_FGH', '175_DEF', '176_ABC', '181_CD', '182_DEF', '185_ABC', '187_ABC', '190_DEF', '194_DEF', '197_DEF', '198_EF', '204_ABC', '204_DEF', '205_ABC', '209_KL', '213_ABC', '080_DEF', '174_DEF', '187_DEF', '213_DEF', '114_CD', '069_E', '089_CD', '120_DEF', '154_ABC', '028_CD', '031_ABC', '035_ABC', '049_DEF', '054_DEF', '055_ABC', '056_ABC', '072_DEF', '085_CDE', '090_ABC', '105_DEF', '107_DEF', '116_AB', '133_DEF', '134_KL', '138_AB', '153_DEF', '162_DEF', '164_ABC', '168_DEF', '186_DEF', '193_ABCD', '196_ABC', '198_CD', '201_ABC', '202_ABC', '203_GHK', '205_GH', '206_CD', '210_ABC', '113_DEF']"
03_08_04_55,0.8666666666666667,"['003_DEF', '003_GH', '006_ABC', '008_ABC', '010_DEF', '012_E', '013_AB', '014_AB', '016_KL', '017_ABC', '017_DEF', '018_DEF', '020_CD', '022_AB', '023_ABC', '025_CD', '026_ABC', '030_AB', '030_EF', '035_GH', '037_DEF', '038_DE', '042_DE', '044_ABC', '045_ABC', '046_GH', '047_EF', '048_DEF', '048_G', '051_DEF', '058_DEF', '059_CD', '059_EF', '064_ABC', '064_LMN', '065_ABC', '065_DEF', '066_DEF', '073_ABC', '081_ABC', '084_ABC', '084_DEF', '085_AB', '086_EF', '090_DEF', '091_DE', '094_ABC', '096_ABC', '097_ABC', '099_ABC', '099_GHK', '102_AB', '102_GH', '104_CD', '108_CD', '109_ABC', '111_CD', '111_EF', '126_AB', '127_DEF', '128_GH', '129_ABC', '131_CD', '132_DEF', '138_CD', '140_KL', '141_EF', '144_AB', '148_DEF', '151_AB', '152_DEF', '158_AB', '158_CD', '159_ABC', '163_DEF', '171_E', '172_ABC', '173_ABC', '175_DEF', '176_GHK', '179_ABC', '181_AB', '181_CD', '184_ZZZ', '185_DEF', '186_GH', '189_CD', '191_CD', '194_ABC', '196_DE', '205_ABC', '209_KL', '213_ABC', '167_AB', '187_DEF', '031_F', '154_ABC', '013_EF', '028_CD', '031_ABC', '035_ABC', '050_ABC', '054_DEF', '071_KL', '072_DEF', '080_G', '085_CDE', '085_F', '087_ABC', '090_ABC', '097_DEF', '102_CD', '107_L', '108_AB', '109_DEF', '116_AB', '119_DEF', '124_CD', '137_GHK', '138_AB', '139_GH', '147_ABC', '153_ABC', '166_DEF', '172_DEF', '202_ABC', '203_ABC', '205_GH', '206_EF', '210_ABC', '210_GHK', '182_ABC', '191_EFG']"
03_08_11_44,0.25,"['002_ABC', '003_GH', '009_GH', '012_AB', '012_CD', '014_CD', '014_EF', '016_GH', '017_ABC', '019_ABC', '020_CD', '022_CD', '028_EF', '031_DE', '032_GH', '033_DEF', '035_GH', '037_A', '037_DEF', '038_FGH', '040_ABC', '042_DE', '044_ABC', '045_DEF', '046_CD', '046_EF', '048_DEF', '048_G', '049_ABC', '049_L', '058_DEF', '059_CD', '061_ABC', '063_ABC', '065_DEF', '072_ABC', '073_ABC', '077_ABC', '077_KL', '081_ABC', '086_EF', '088_KL', '090_DEF', '091_AB', '091_DE', '093_AB', '094_ABC', '094_DEF', '097_ABC', '099_ABC', '099_GHK', '101_DEF', '102_AB', '103_DEF', '108_EF', '111_AB', '111_CD', '111_EF', '115_DEF', '118_ABC', '120_GH', '125_DEF', '126_AB', '128_DEF', '134_FGH', '135_ABC', '136_FG', '140_ABC', '142_ABC', '142_DEF', '144_AB', '145_ABC', '145_DEF', '145_GHK', '151_AB', '152_DEF', '156_DEF', '158_CD', '159_ABC', '165_AB', '167_CD', '169_DEF', '171_C', '171_G', '171_L', '176_ABC', '177_ABC', '180_AB', '186_ABC', '186_GH', '189_EF', '190_DEF', '204_DEF', '205_ABC', '208_DEF', '209_KL', '212_ABC', '080_DEF', '171_M', '213_DEF', '102_MN', '120_DEF', '154_ABC', '200_AB', '003_KL', '025_AB', '028_CD', '035_ABC', '050_DEF', '051_GH', '054_ABC', '070_GHK', '085_CDE', '085_F', '090_ABC', '098_DEF', '102_CD', '107_DEF', '116_AB', '117_FGH', '137_ABC', '143_C', '162_ABC', '163_ABC', '168_DEF', '193_EFG', '201_GH', '202_DEF', '203_GHK', '206_EF', '210_GHK', '210_L', '191_EFG']"
03_08_18_29,0.3833333333333333,"['001_ABC', '002_G', '003_DEF', '003_GH', '005_ABC', '006_DEF', '010_DEF', '014_CD', '016_ABC', '023_DEF', '025_CD', '026_ABC', '029_DEF', '030_CD', '030_EF', '031_DE', '032_CD', '037_BC', '037_DEF', '038_DE', '044_ABC', '045_ABC', '045_DEF', '048_G', '051_ABC', '051_DEF', '052_DEF', '058_GH', '059_AB', '064_LMN', '065_ABC', '065_DEF', '068_DEF', '073_ABC', '075_DEF', '077_DEF', '077_GH', '077_KL', '080_ABC', '081_ABC', '083_ABC', '084_ABC', '085_AB', '086_AB', '087_DEF', '090_DEF', '090_GH', '091_DE', '093_AB', '096_DEF', '099_ABC', '099_GHK', '101_ABC', '103_DEF', '111_CD', '118_DEF', '122_DEF', '124_EF', '125_ABC', '129_ABC', '134_DE', '140_DEF', '144_AB', '144_EF', '145_ABC', '145_GHK', '150_DEF', '151_AB', '159_ABC', '159_DEF', '160_C', '160_H', '165_CDE', '167_CD', '167_EF', '171_D', '171_E', '171_L', '177_DEF', '179_DEF', '181_AB', '181_CD', '182_DEF', '185_DEF', '189_CD', '190_ABC', '194_ABC', '198_AB', '199_ABC', '203_DEF', '205_ABC', '205_DEF', '209_KL', '171_M', '187_DEF', '197_ABC', '005_GH', '063_DEF', '089_CD', '124_AB', '154_ABC', '160_P', '178_KL', '024_ABC', '031_ABC', '040_DEF', '050_DEF', '051_GH', '060_ABC', '069_CD', '070_DEF', '070_GHK', '071_KL', '074_GH', '080_G', '085_CDE', '085_F', '102_KL', '105_GHK', '107_DEF', '108_AB', '109_DEF', '116_AB', '137_DEF', '143_C', '143_F', '155_ABC', '193_ABCD', '201_GH', '203_GHK', '205_GH', '210_DEF', '182_ABC']"
03_08_25_32,0.0333333333333333,"['002_ABC', '003_GH', '005_ABC', '005_DEF', '006_ABC', '006_DEF', '010_ABC', '010_GH', '014_CD', '016_DEF', '019_ABC', '020_CD', '023_DEF', '024_KL', '025_CD', '030_GH', '033_ABC', '033_DEF', '034_CD', '036_AB', '037_BC', '037_DEF', '038_ABC', '041_DEF', '042_ABC', '042_DE', '044_ABC', '044_DEF', '046_AB', '048_G', '049_ABC', '052_ABC', '053_ABC', '058_KL', '059_EF', '062_ABC', '065_DEF', '068_ABC', '070_LMN', '073_ABC', '077_DEF', '081_ABC', '083_ABC', '091_DE', '092_ABC', '092_DEF', '096_DEF', '099_ABC', '099_GHK', '102_AB', '103_DEF', '108_CD', '111_EF', '115_DEF', '121_CD', '126_AB', '128_KL', '129_DEF', '133_ABC', '134_ABC', '136_FG', '140_GH', '141_EF', '142_ABC', '144_AB', '144_CD', '145_GHK', '145_LMN', '148_DEF', '151_AB', '152_DEF', '159_ABC', '160_M', '171_C', '171_E', '171_K', '172_ABC', '175_DEF', '181_CD', '182_DEF', '183_DEF', '185_ABC', '189_EF', '190_ABC', '190_DEF', '191_CD', '203_DEF', '204_DEF', '205_ABC', '209_KL', '211_ZZZ', '213_ABC', '093_CD', '102_EF', '132_ABC', '167_AB', '170_KL', '171_M', '187_DEF', '197_ABC', '063_DEF', '154_ABC', '183_ABC', '136_DE', '055_ABC', '056_DEF', '057_DEF', '058_ABC', '070_DEF', '071_ABC', '071_KL', '085_CDE', '085_F', '100_ABC', '102_CD', '116_AB', '117_FGH', '126_EF', '130_ABC', '143_C', '147_ABC', '153_ABC', '160_D', '164_ABC', '180_CD', '193_EFG', '201_ABC', '202_DEF', '203_ABC', '206_EF', '210_L', '164_DEF', '191_EFG']"
03_08_32_17,0.0,"['002_G', '003_GH', '004_ABC', '005_ABC', '005_KL', '006_DEF', '006_G', '007_ABC', '007_DEF', '010_DEF', '012_CD', '012_E', '013_AB', '014_CD', '016_KL', '017_DEF', '020_CD', '022_CD', '026_ABC', '026_DEF', '029_ABC', '029_DEF', '030_EF', '033_GH', '033_KL', '034_EF', '037_DEF', '038_ABC', '042_DE', '044_ABC', '044_DEF', '046_AB', '046_GH', '047_EF', '048_G', '049_ABC', '049_GHK', '049_L', '058_DEF', '061_ABC', '064_DEF', '064_GHK', '065_DEF', '073_ABC', '074_ABC', '077_DEF', '077_KL', '081_ABC', '082_ABC', '083_DEF', '087_DEF', '089_EF', '091_DE', '092_ABC', '096_ABC', '099_ABC', '099_DEF', '099_GHK', '100_DEF', '101_DEF', '108_CD', '111_AB', '118_ABC', '125_ABC', '127_DEF', '130_DEF', '131_EF', '132_DEF', '134_DE', '140_DEF', '144_AB', '145_DEF', '145_LMN', '146_ABC', '148_DEF', '151_AB', '160_A', '160_K', '165_AB', '169_DEF', '171_E', '171_H', '172_ABC', '176_ABC', '176_GHK', '178_DE', '181_AB', '181_EF', '182_DEF', '185_DEF', '194_ABC', '196_DE', '199_ABC', '204_ABC', '205_ABC', '209_KL', '213_ABC', '080_DEF', '089_AB', '093_CD', '098_GHK', '123_EF', '139_KL', '160_E', '005_GH', '102_MN', '154_ABC', '160_P', '168_ABC', '178_KL', '028_CD', '040_DEF', '055_DEF', '072_DEF', '085_CDE', '095_DEF', '105_DEF', '108_AB', '116_AB', '121_AB', '124_CD', '139_GH', '143_C', '143_F', '146_DEF', '162_ABC', '172_DEF', '179_GH', '196_ABC', '202_DEF', '203_LMN', '205_GH', '078_EF']"
03_08_39_09,0.0,"['001_DEF', '002_DEF', '003_GH', '006_ABC', '006_G', '007_ABC', '008_LMN', '010_GH', '011_ABC', '012_AB', '014_AB', '014_EF', '016_DEF', '017_ABC', '019_DEF', '020_AB', '022_AB', '022_EF', '023_ABC', '025_CD', '026_DEF', '030_GH', '034_AB', '036_AB', '036_CD', '037_DEF', '038_FGH', '039_DEF', '043_CD', '044_ABC', '045_ABC', '047_AB', '048_G', '049_L', '054_GH', '061_ABC', '063_ABC', '064_DEF', '065_DEF', '073_ABC', '074_ABC', '076_EF', '077_ABC', '077_GH', '081_ABC', '086_AB', '087_DEF', '090_DEF', '091_DE', '092_DEF', '093_AB', '094_ABC', '096_ABC', '098_LMN', '099_ABC', '099_GHK', '100_DEF', '108_CD', '114_AB', '118_ABC', '120_GH', '122_DEF', '131_EF', '132_DEF', '144_AB', '145_DEF', '148_DEF', '151_AB', '152_DEF', '158_AB', '159_DEF', '160_F', '160_H', '160_R', '165_CDE', '167_CD', '171_A', '171_D', '171_K', '175_DEF', '177_ABC', '179_ABC', '181_AB', '181_EF', '181_G', '189_EF', '190_ABC', '191_CD', '194_ABC', '194_DEF', '195_AB', '198_AB', '203_DEF', '205_ABC', '209_KL', '089_AB', '171_M', '197_ABC', '213_GHK', '160_E', '005_GH', '063_DEF', '120_DEF', '154_ABC', '178_KL', '028_CD', '031_ABC', '048_ABC', '050_DEF', '051_GH', '053_GH', '057_DEF', '060_ABC', '085_CDE', '095_ABC', '095_DEF', '102_CD', '102_KL', '107_GHK', '116_AB', '117_FGH', '117_KL', '124_CD', '126_EF', '143_C', '146_DEF', '150_KL', '164_ABC', '169_GH', '193_EFG', '198_CD', '210_ABC', '210_GHK']"
03_08_45_59,0.6333333333333333,"['001_ABC', '003_GH', '006_ABC', '007_DEF', '009_ABC', '014_AB', '016_DEF', '019_ABC', '020_CD', '022_AB', '023_DEF', '025_CD', '027_HKL', '029_ABC', '030_AB', '030_EF', '031_DE', '032_EF', '032_GH', '033_DEF', '034_AB', '034_CD', '035_DEF', '035_GH', '037_A', '037_BC', '037_DEF', '041_DEF', '042_ABC', '043_CD', '044_ABC', '045_ABC', '046_AB', '047_AB', '048_DEF', '048_G', '049_GHK', '051_ABC', '052_DEF', '054_GH', '054_KL', '061_DEF', '065_DEF', '066_GH', '068_ABC', '068_DEF', '070_LMN', '073_ABC', '073_DEF', '077_KL', '080_ABC', '081_ABC', '082_DEF', '083_DEF', '084_DEF', '091_DE', '093_AB', '096_ABC', '097_ABC', '099_ABC', '099_GHK', '103_ABC', '104_EF', '108_CD', '108_EF', '110_ABC', '114_EF', '118_DEF', '120_GH', '125_ABC', '133_ABC', '134_ABC', '134_FGH', '135_ABC', '136_FG', '140_DEF', '141_CD', '141_EF', '143_AB', '144_AB', '145_LMN', '150_ABC', '151_AB', '152_ABC', '156_DEF', '160_N', '161_ABC', '169_DEF', '170_DEF', '171_B', '171_E', '171_H', '172_ABC', '179_DEF', '181_CD', '195_CD', '197_DEF', '198_EF', '205_ABC', '209_KL', '212_ABC', '213_ABC', '213_GHK', '031_F', '154_ABC', '180_EFG', '183_ABC', '104_AB', '024_ABC', '050_DEF', '054_DEF', '062_DEF', '069_F', '070_DEF', '085_CDE', '100_ABC', '107_ABC', '107_L', '109_DEF', '116_AB', '126_EF', '139_ABC', '143_C', '147_ABC', '164_ABC', '188_DEF', '202_ABC', '205_GH', '207_FG', '208_ABC', '210_ABC', '210_L', '191_AB']"
03_08_52_54,0.0666666666666666,"['002_DEF', '003_GH', '005_ABC', '006_ABC', '007_DEF', '011_DEF', '012_CD', '013_AB', '014_CD', '021_ABC', '026_ABC', '030_GH', '033_DEF', '034_CD', '034_EF', '036_EF', '037_A', '037_DEF', '041_ABC', '041_DEF', '042_DE', '044_ABC', '048_DEF', '048_G', '059_AB', '059_EF', '061_DEF', '065_DEF', '066_ABC', '068_DEF', '072_ABC', '073_ABC', '077_GH', '077_KL', '078_AB', '081_ABC', '083_ABC', '083_DEF', '085_AB', '086_AB', '086_EF', '090_DEF', '091_DE', '092_ABC', '092_DEF', '099_ABC', '099_GHK', '101_DEF', '104_CD', '106_DEF', '111_EF', '115_DEF', '118_DEF', '121_CD', '123_CD', '127_DEF', '128_DEF', '132_DEF', '134_ABC', '134_DE', '141_EF', '143_AB', '144_AB', '144_CD', '145_ABC', '145_DEF', '146_ABC', '147_DEF', '151_AB', '152_ABC', '152_DEF', '158_AB', '165_CDE', '169_DEF', '170_ABC', '171_B', '171_G', '173_KL', '174_ABC', '177_ABC', '178_FGH', '181_EF', '187_ABC', '188_ABC', '194_ABC', '194_DEF', '199_DEF', '205_ABC', '205_KL', '209_KL', '213_ABC', '197_ABC', '102_MN', '117_ABC', '154_ABC', '183_ABC', '013_CD', '028_AB', '028_CD', '031_ABC', '055_ABC', '070_GHK', '071_DE', '072_DEF', '074_DEF', '085_CDE', '085_F', '090_ABC', '100_ABC', '107_GHK', '108_AB', '116_AB', '121_AB', '139_DEF', '139_GH', '143_F', '146_DEF', '150_GH', '150_KL', '153_ABC', '157_ABC', '160_D', '160_G', '164_ABC', '168_DEF', '172_DEF', '188_DEF', '201_GH', '203_GHK', '210_ABC', '210_DEF', '210_L', '164_DEF']"
03_08_59_55,0.3166666666666666,"['003_GH', '007_ABC', '009_DEF', '010_ABC', '011_DEF', '013_AB', '014_AB', '017_DEF', '019_DEF', '022_EF', '023_DEF', '026_ABC', '032_EF', '034_AB', '034_EF', '037_DEF', '038_DE', '040_ABC', '042_DE', '043_CD', '044_ABC', '045_DEF', '046_GH', '048_DEF', '048_G', '051_DEF', '054_GH', '062_ABC', '063_ABC', '065_DEF', '066_ABC', '068_DEF', '073_ABC', '077_DEF', '077_GH', '077_KL', '081_ABC', '082_DEF', '085_AB', '086_EF', '091_DE', '094_ABC', '096_DEF', '099_ABC', '099_GHK', '101_ABC', '101_DEF', '103_ABC', '104_CD', '104_EF', '108_CD', '111_AB', '115_ABC', '125_DEF', '131_EF', '133_GH', '135_ABC', '142_DEF', '144_AB', '144_EF', '148_ABC', '151_AB', '158_CD', '159_ABC', '159_DEF', '160_C', '160_F', '161_ABC', '163_DEF', '169_ABC', '169_DEF', '171_A', '171_C', '171_N', '173_ABC', '173_KL', '174_ABC', '178_FGH', '188_ABC', '189_AB', '197_DEF', '198_AB', '199_ABC', '205_ABC', '208_DEF', '209_ABC', '209_GH', '209_KL', '212_DEF', '093_CD', '123_EF', '139_KL', '151_CD', '156_ABC', '213_GHK', '069_E', '154_ABC', '172_GH', '178_KL', '183_ABC', '200_AB', '013_CD', '040_DEF', '050_DEF', '054_DEF', '055_ABC', '056_DEF', '058_ABC', '060_ABC', '070_GHK', '071_KL', '080_G', '085_CDE', '090_ABC', '100_ABC', '107_L', '116_AB', '124_CD', '126_EF', '133_DEF', '137_DEF', '143_C', '146_DEF', '147_ABC', '153_ABC', '169_GH', '172_DEF', '179_GH', '193_EFG', '201_GH', '203_ABC', '205_GH', '191_AB']"
03_09_06_38,0.4833333333333333,"['002_ABC', '003_GH', '005_ABC', '005_KL', '007_ABC', '009_GH', '010_GH', '013_AB', '014_EF', '019_ABC', '025_EF', '026_ABC', '027_HKL', '028_EF', '030_EF', '030_GH', '032_AB', '033_ABC', '033_KL', '036_AB', '037_A', '037_DEF', '038_DE', '038_FGH', '039_ABC', '043_CD', '044_ABC', '045_ABC', '046_GH', '047_AB', '047_CD', '048_G', '049_GHK', '061_ABC', '061_DEF', '063_ABC', '065_DEF', '066_GH', '068_DEF', '070_LMN', '073_ABC', '076_EF', '077_DEF', '077_GH', '081_ABC', '084_DEF', '085_AB', '090_DEF', '091_DE', '092_ABC', '096_ABC', '096_DEF', '098_LMN', '099_ABC', '099_GHK', '104_EF', '110_ABC', '114_EF', '118_ABC', '127_ABC', '129_DEF', '130_DEF', '131_CD', '131_EF', '134_ABC', '135_DEF', '141_EF', '143_AB', '144_AB', '144_CD', '145_GHK', '151_AB', '151_EF', '158_AB', '159_DEF', '160_M', '160_R', '165_AB', '165_CDE', '167_CD', '169_ABC', '171_E', '171_F', '171_G', '171_N', '174_ABC', '175_ABC', '177_DEF', '178_DE', '181_AB', '181_G', '183_DEF', '184_ZZZ', '189_EF', '194_ABC', '194_DEF', '197_DEF', '199_ABC', '205_ABC', '205_DEF', '209_KL', '093_CD', '031_F', '069_AB', '069_E', '102_MN', '124_AB', '154_ABC', '166_ABC', '051_GH', '070_ABC', '070_GHK', '074_DEF', '085_CDE', '102_CD', '106_ABC', '116_AB', '133_DEF', '139_ABC', '143_F', '147_ABC', '153_DEF', '155_ABC', '168_DEF', '169_GH', '186_DEF', '196_ABC', '201_ABC', '203_GHK', '203_LMN', '205_GH', '210_GHK', '182_ABC']"
03_09_13_32,0.8333333333333334,"['002_ABC', '003_GH', '005_KL', '007_DEF', '009_GH', '010_DEF', '016_DEF', '017_ABC', '017_DEF', '019_ABC', '020_CD', '021_ABC', '021_DEF', '024_KL', '026_ABC', '030_CD', '031_DE', '033_DEF', '033_KL', '034_AB', '034_CD', '036_CD', '037_A', '037_BC', '037_DEF', '038_ABC', '041_DEF', '042_DE', '044_ABC', '045_ABC', '048_G', '054_KL', '058_DEF', '059_CD', '061_DEF', '065_DEF', '066_GH', '068_ABC', '071_FGH', '073_ABC', '077_KL', '081_ABC', '082_DEF', '085_AB', '086_AB', '086_EF', '087_DEF', '088_DEF', '088_KL', '090_DEF', '091_DE', '092_ABC', '096_DEF', '099_ABC', '099_GHK', '100_DEF', '101_ABC', '101_DEF', '102_AB', '103_ABC', '104_CD', '105_ABC', '108_CD', '114_AB', '114_EF', '115_ABC', '115_DEF', '120_ABC', '123_CD', '125_ABC', '129_ABC', '131_EF', '134_DE', '138_CD', '140_ABC', '144_AB', '145_ABC', '145_GHK', '147_DEF', '151_AB', '152_DEF', '161_ABC', '167_CD', '167_EF', '171_D', '179_ABC', '180_AB', '190_ABC', '190_DEF', '196_DE', '199_DEF', '205_ABC', '205_DEF', '209_GH', '209_KL', '211_ZZZ', '093_CD', '102_EF', '132_ABC', '171_M', '031_F', '102_MN', '154_ABC', '168_ABC', '200_AB', '040_DEF', '055_ABC', '060_DEF', '070_ABC', '070_DEF', '070_GHK', '071_ABC', '071_KL', '074_GH', '085_CDE', '105_DEF', '107_ABC', '107_DEF', '108_AB', '109_DEF', '116_AB', '119_DEF', '126_CD', '138_AB', '147_ABC', '153_ABC', '164_ABC', '180_CD', '196_ABC', '208_ABC', '210_GHK', '213_LMN', '191_EFG']"
03_09_20_20,0.0333333333333333,"['003_GH', '004_DEF', '009_DEF', '012_E', '017_DEF', '019_ABC', '019_DEF', '020_AB', '025_CD', '025_EF', '026_DEF', '029_DEF', '032_CD', '033_DEF', '033_KL', '034_CD', '034_EF', '036_CD', '037_DEF', '041_DEF', '042_ABC', '042_DE', '043_AB', '044_ABC', '045_DEF', '046_GH', '048_DEF', '048_G', '049_GHK', '061_ABC', '062_ABC', '065_ABC', '065_DEF', '068_ABC', '073_ABC', '075_DEF', '076_ABD', '077_DEF', '078_AB', '078_CD', '081_ABC', '082_DEF', '084_DEF', '086_EF', '090_DEF', '091_DE', '093_AB', '094_DEF', '096_ABC', '096_DEF', '099_ABC', '099_DEF', '099_GHK', '102_AB', '108_CD', '108_EF', '109_ABC', '114_AB', '121_CD', '125_ABC', '125_DEF', '127_ABC', '129_ABC', '129_DEF', '131_AB', '134_ABC', '134_FGH', '140_DEF', '143_DE', '144_AB', '145_DEF', '147_DEF', '150_ABC', '151_AB', '158_CD', '159_ABC', '160_F', '171_G', '171_H', '178_FGH', '183_DEF', '185_DEF', '190_DEF', '191_CD', '194_ABC', '194_DEF', '198_EF', '199_ABC', '205_ABC', '209_KL', '212_DEF', '213_ABC', '167_AB', '171_M', '197_ABC', '213_GHK', '114_CD', '201_KL', '005_GH', '069_AB', '102_MN', '120_DEF', '154_ABC', '180_EFG', '013_CD', '028_CD', '031_ABC', '040_DEF', '048_ABC', '049_DEF', '050_DEF', '051_GH', '053_GH', '054_DEF', '085_CDE', '105_DEF', '107_GHK', '112_DEF', '116_AB', '126_EF', '138_AB', '143_F', '153_ABC', '157_ABC', '164_ABC', '196_ABC', '203_GHK', '205_GH', '210_ABC', '210_L', '213_LMN', '164_DEF', '191_AB']"
03_09_27_06,0.4333333333333333,"['002_DEF', '002_G', '003_GH', '005_DEF', '005_KL', '007_ABC', '009_GH', '010_ABC', '010_KL', '012_E', '016_ABC', '017_ABC', '019_ABC', '020_CD', '023_DEF', '024_KL', '026_ABC', '026_DEF', '032_CD', '033_DEF', '033_KL', '034_CD', '035_DEF', '035_KL', '036_EF', '037_DEF', '042_DE', '044_ABC', '045_ABC', '045_DEF', '046_CD', '047_CD', '048_G', '049_GHK', '051_ABC', '054_GH', '054_KL', '059_AB', '059_EF', '065_DEF', '066_ABC', '066_GH', '070_LMN', '073_ABC', '077_KL', '081_ABC', '081_DEF', '082_ABC', '082_DEF', '084_ABC', '088_DEF', '091_DE', '094_ABC', '096_DEF', '097_ABC', '099_ABC', '099_GHK', '100_DEF', '101_DEF', '104_CD', '104_EF', '105_ABC', '106_DEF', '108_CD', '110_DEF', '120_ABC', '123_CD', '125_ABC', '127_ABC', '128_GH', '129_DEF', '130_DEF', '133_ABC', '134_FGH', '135_DEF', '136_FG', '138_CD', '140_GH', '140_KL', '144_AB', '144_EF', '151_AB', '152_ABC', '156_DEF', '158_CD', '167_EF', '169_ABC', '171_B', '171_F', '172_ABC', '172_KL', '178_FGH', '187_ABC', '197_DEF', '198_EF', '205_ABC', '209_KL', '089_AB', '151_CD', '167_AB', '170_KL', '174_DEF', '197_ABC', '201_KL', '005_GH', '069_E', '089_CD', '117_ABC', '120_DEF', '154_ABC', '183_ABC', '025_AB', '048_ABC', '051_GH', '055_DEF', '060_ABC', '074_GH', '085_CDE', '087_ABC', '095_DEF', '097_DEF', '107_GHK', '107_L', '116_AB', '126_CD', '155_ABC', '193_ABCD', '193_EFG', '195_EF', '198_CD', '210_GHK', '113_DEF', '164_DEF']"
03_09_33_47,0.1333333333333333,"['002_DEF', '003_GH', '004_LMN', '007_ABC', '007_DEF', '010_DEF', '010_KL', '016_DEF', '016_KL', '019_ABC', '020_CD', '025_CD', '026_ABC', '033_GH', '034_AB', '034_CD', '036_CD', '037_DEF', '041_DEF', '044_ABC', '046_AB', '046_EF', '046_GH', '047_EF', '048_G', '058_KL', '059_CD', '059_EF', '061_DEF', '065_DEF', '066_DEF', '066_GH', '073_ABC', '073_DEF', '077_GH', '081_ABC', '082_ABC', '084_DEF', '086_EF', '088_ABC', '090_GH', '091_DE', '093_AB', '094_DEF', '096_DEF', '097_ABC', '099_ABC', '099_GHK', '101_ABC', '101_DEF', '108_CD', '110_ABC', '111_EF', '125_ABC', '126_AB', '131_AB', '132_DEF', '133_ABC', '134_ABC', '134_FGH', '140_KL', '141_AB', '141_EF', '144_AB', '144_EF', '145_LMN', '150_ABC', '151_AB', '152_DEF', '154_CD', '156_DEF', '169_ABC', '170_DEF', '171_G', '173_KL', '175_ABC', '178_FGH', '184_ZZZ', '185_DEF', '191_CD', '196_DE', '205_ABC', '209_KL', '212_DEF', '080_DEF', '123_EF', '151_CD', '156_ABC', '161_DEF', '192_ABC', '005_GH', '031_F', '102_MN', '124_AB', '154_ABC', '183_ABC', '136_DE', '200_AB', '031_ABC', '048_ABC', '049_DEF', '050_ABC', '050_DEF', '054_DEF', '055_ABC', '057_DEF', '069_CD', '070_ABC', '072_DEF', '080_G', '085_CDE', '095_DEF', '107_ABC', '107_L', '109_DEF', '112_DEF', '116_AB', '121_AB', '126_CD', '126_EF', '139_GH', '153_ABC', '157_ABC', '160_G', '162_DEF', '169_GH', '202_ABC', '202_DEF', '203_ABC', '210_ABC', '210_L', '113_DEF', '182_ABC']"
03_09_40_38,0.05,"['002_DEF', '003_DEF', '003_GH', '010_DEF', '010_KL', '012_E', '014_AB', '014_EF', '017_ABC', '019_ABC', '022_AB', '024_DEF', '029_DEF', '030_CD', '033_GH', '034_EF', '037_BC', '037_DEF', '038_DE', '041_DEF', '044_ABC', '045_DEF', '046_EF', '048_G', '049_ABC', '051_DEF', '061_ABC', '061_DEF', '065_DEF', '066_DEF', '066_GH', '068_ABC', '073_ABC', '073_DEF', '075_DEF', '077_GH', '081_ABC', '082_DEF', '088_GH', '090_DEF', '091_DE', '092_ABC', '094_DEF', '099_ABC', '099_DEF', '099_GHK', '101_DEF', '102_GH', '104_CD', '104_EF', '115_DEF', '122_DEF', '130_DEF', '132_DEF', '134_ABC', '134_DE', '134_FGH', '136_FG', '140_DEF', '140_KL', '141_AB', '142_ABC', '144_AB', '144_EF', '149_DEF', '150_ABC', '151_AB', '151_EF', '160_B', '165_CDE', '170_DEF', '170_GH', '171_A', '171_D', '171_F', '172_ABC', '178_ABC', '180_AB', '181_AB', '181_EF', '189_CD', '190_DEF', '194_DEF', '195_AB', '198_EF', '199_DEF', '205_ABC', '205_DEF', '209_KL', '211_ZZZ', '212_ABC', '080_DEF', '093_CD', '151_CD', '187_DEF', '213_GHK', '114_CD', '089_CD', '154_ABC', '160_P', '180_EFG', '183_ABC', '025_AB', '028_CD', '055_ABC', '058_ABC', '060_ABC', '060_DEF', '069_F', '070_ABC', '072_DEF', '074_GH', '085_CDE', '085_F', '087_ABC', '095_DEF', '106_ABC', '108_AB', '109_DEF', '116_AB', '130_ABC', '143_F', '147_ABC', '162_ABC', '169_GH', '180_CD', '193_EFG', '203_LMN', '207_DE', '210_ABC', '210_GHK', '164_DEF', '182_ABC']"
03_09_47_29,0.2833333333333333,"['001_DEF', '003_GH', '006_DEF', '008_LMN', '010_GH', '010_KL', '011_DEF', '016_ABC', '016_GH', '017_DEF', '021_DEF', '023_ABC', '031_DE', '033_DEF', '034_AB', '035_GH', '037_DEF', '038_DE', '042_ABC', '043_AB', '044_ABC', '045_DEF', '046_AB', '046_CD', '046_EF', '048_G', '049_GHK', '049_L', '051_ABC', '051_DEF', '059_CD', '063_ABC', '065_DEF', '068_ABC', '073_ABC', '076_EF', '077_KL', '078_AB', '081_ABC', '083_ABC', '084_DEF', '086_AB', '091_AB', '091_DE', '092_DEF', '094_DEF', '099_ABC', '099_GHK', '103_ABC', '104_EF', '106_DEF', '108_CD', '115_DEF', '118_ABC', '119_GHK', '124_EF', '125_DEF', '127_DEF', '130_DEF', '131_CD', '134_DE', '134_FGH', '140_DEF', '140_KL', '143_AB', '143_DE', '144_AB', '144_CD', '145_ABC', '147_DEF', '148_DEF', '151_AB', '155_DEF', '158_AB', '159_ABC', '160_C', '161_ABC', '165_AB', '169_ABC', '169_DEF', '171_B', '175_DEF', '178_ABC', '179_ABC', '181_CD', '181_G', '183_DEF', '185_ABC', '189_AB', '189_CD', '189_EF', '196_DE', '203_DEF', '204_ABC', '205_ABC', '205_DEF', '208_DEF', '209_KL', '123_EF', '156_ABC', '161_DEF', '170_KL', '171_M', '102_MN', '154_ABC', '166_ABC', '168_ABC', '172_GH', '013_EF', '031_ABC', '051_GH', '055_DEF', '071_ABC', '085_CDE', '097_DEF', '100_ABC', '102_KL', '107_GHK', '108_AB', '109_DEF', '116_AB', '134_KL', '146_DEF', '153_ABC', '162_ABC', '163_ABC', '176_DEF', '198_CD', '206_EF', '213_LMN', '078_EF', '113_DEF', '164_DEF']"
03_09_54_11,0.85,"['001_ABC', '003_DEF', '003_GH', '004_ABC', '005_ABC', '008_LMN', '010_DEF', '010_GH', '010_KL', '012_AB', '012_CD', '014_AB', '017_DEF', '020_CD', '022_AB', '033_GH', '033_KL', '034_CD', '034_EF', '037_DEF', '038_FGH', '041_ABC', '043_AB', '044_ABC', '046_EF', '047_EF', '048_G', '049_ABC', '059_EF', '061_ABC', '065_ABC', '065_DEF', '066_DEF', '067_AB', '073_ABC', '077_DEF', '081_ABC', '082_ABC', '085_AB', '086_EF', '087_DEF', '091_AB', '091_DE', '097_ABC', '099_ABC', '099_GHK', '100_DEF', '103_DEF', '104_CD', '108_CD', '109_ABC', '111_CD', '112_ABC', '120_ABC', '120_GH', '125_ABC', '127_DEF', '130_DEF', '133_ABC', '134_FGH', '135_DEF', '141_EF', '142_DEF', '144_AB', '145_GHK', '146_ABC', '147_DEF', '148_DEF', '150_ABC', '151_AB', '152_DEF', '158_CD', '159_ABC', '165_CDE', '171_B', '171_C', '171_D', '171_G', '171_L', '173_ABC', '174_ABC', '175_ABC', '178_ABC', '179_DEF', '180_AB', '183_DEF', '186_ABC', '186_GH', '187_ABC', '188_ABC', '189_CD', '194_ABC', '204_ABC', '205_ABC', '209_KL', '211_ZZZ', '213_ABC', '093_CD', '139_KL', '174_DEF', '187_DEF', '197_ABC', '154_ABC', '027_DE', '028_AB', '031_ABC', '050_ABC', '053_GH', '055_ABC', '057_DEF', '069_CD', '070_GHK', '071_DE', '085_CDE', '107_L', '109_DEF', '116_AB', '133_DEF', '137_GHK', '143_C', '172_DEF', '179_GH', '180_CD', '193_EFG', '202_ABC', '203_ABC', '203_GHK', '206_CD', '208_ABC', '210_DEF', '213_LMN', '182_ABC', '191_EFG']"
03_10_00_52,0.4833333333333333,"['001_ABC', '001_DEF', '003_GH', '005_ABC', '007_ABC', '008_DEF', '011_DEF', '012_AB', '012_E', '013_AB', '016_GH', '017_DEF', '019_ABC', '021_ABC', '023_ABC', '026_DEF', '033_KL', '034_AB', '035_KL', '036_CD', '037_DEF', '038_DE', '039_ABC', '041_DEF', '043_AB', '044_ABC', '045_ABC', '048_DEF', '048_G', '049_GHK', '049_L', '053_ABC', '058_KL', '059_CD', '059_EF', '065_DEF', '066_ABC', '066_DEF', '068_ABC', '068_DEF', '070_LMN', '073_ABC', '080_ABC', '081_ABC', '081_DEF', '082_ABC', '086_CD', '090_DEF', '091_DE', '094_ABC', '099_ABC', '099_GHK', '101_ABC', '108_EF', '112_ABC', '113_ABC', '115_ABC', '120_GH', '127_DEF', '130_DEF', '131_EF', '132_DEF', '133_ABC', '133_GH', '134_DE', '135_ABC', '141_EF', '142_ABC', '143_DE', '144_AB', '144_EF', '146_ABC', '149_DEF', '151_AB', '160_B', '165_AB', '171_C', '171_F', '171_H', '172_ABC', '173_DE', '175_ABC', '175_DEF', '180_AB', '182_DEF', '186_ABC', '188_ABC', '189_AB', '190_DEF', '194_DEF', '198_EF', '204_ABC', '205_ABC', '205_DEF', '208_DEF', '209_KL', '123_EF', '132_ABC', '156_ABC', '171_M', '187_DEF', '213_DEF', '031_F', '102_MN', '154_ABC', '172_GH', '178_KL', '200_AB', '031_ABC', '035_ABC', '058_ABC', '060_DEF', '062_DEF', '070_ABC', '085_CDE', '102_CD', '107_GHK', '109_DEF', '116_AB', '117_DE', '126_CD', '130_ABC', '134_KL', '143_C', '160_D', '163_ABC', '172_DEF', '193_EFG', '202_DEF', '206_EF', '210_ABC', '210_GHK', '113_DEF']"
03_10_07_36,0.0333333333333333,"['001_ABC', '003_GH', '004_GHK', '005_ABC', '005_KL', '008_DEF', '010_DEF', '012_AB', '016_DEF', '017_DEF', '018_ABC', '019_ABC', '019_DEF', '022_EF', '024_GH', '027_ABC', '030_AB', '030_CD', '030_EF', '031_DE', '033_KL', '037_BC', '037_DEF', '038_ABC', '044_ABC', '045_DEF', '046_EF', '046_GH', '047_AB', '048_DEF', '048_G', '049_L', '054_KL', '062_ABC', '064_ABC', '065_DEF', '066_ABC', '073_ABC', '081_ABC', '082_ABC', '085_AB', '086_AB', '086_EF', '088_KL', '089_EF', '091_AB', '091_DE', '092_ABC', '097_ABC', '099_ABC', '099_DEF', '099_GHK', '101_ABC', '102_AB', '103_DEF', '104_CD', '108_CD', '110_ABC', '111_AB', '111_CD', '118_DEF', '121_CD', '125_ABC', '125_DEF', '129_DEF', '134_ABC', '134_FGH', '135_DEF', '138_CD', '144_AB', '144_CD', '145_DEF', '145_GHK', '146_ABC', '151_AB', '151_EF', '152_DEF', '160_F', '160_R', '165_AB', '167_CD', '169_DEF', '171_B', '171_D', '171_F', '171_L', '171_N', '177_ABC', '178_DE', '178_FGH', '185_ABC', '187_ABC', '190_DEF', '196_DE', '198_AB', '203_DEF', '205_ABC', '209_KL', '119_ABC', '139_KL', '151_CD', '156_ABC', '161_DEF', '174_DEF', '154_ABC', '168_ABC', '180_EFG', '136_DE', '013_CD', '024_ABC', '027_FG', '028_CD', '048_ABC', '051_GH', '060_DEF', '070_GHK', '071_ABC', '071_KL', '085_CDE', '095_DEF', '102_KL', '116_AB', '137_DEF', '138_AB', '143_F', '196_ABC', '203_ABC', '206_EF', '210_ABC', '210_DEF', '210_L', '213_LMN', '164_DEF']"
03_10_14_26,0.0833333333333333,"['003_GH', '004_DEF', '010_ABC', '012_AB', '012_CD', '014_CD', '016_KL', '017_ABC', '020_CD', '022_AB', '023_DEF', '028_EF', '030_EF', '031_DE', '033_KL', '034_EF', '036_EF', '037_A', '037_BC', '037_DEF', '041_ABC', '044_ABC', '046_EF', '048_G', '049_GHK', '049_L', '051_ABC', '054_KL', '063_ABC', '065_DEF', '066_DEF', '073_ABC', '073_DEF', '074_ABC', '077_GH', '077_KL', '080_ABC', '081_ABC', '088_DEF', '088_GH', '090_GH', '091_DE', '097_ABC', '098_ABC', '098_LMN', '099_ABC', '099_GHK', '101_DEF', '109_ABC', '112_ABC', '115_ABC', '115_DEF', '118_ABC', '121_CD', '127_ABC', '131_CD', '135_ABC', '138_CD', '140_GH', '142_ABC', '143_AB', '144_AB', '144_CD', '145_DEF', '151_AB', '151_EF', '152_ABC', '152_DEF', '158_CD', '159_DEF', '160_A', '163_DEF', '165_AB', '167_EF', '170_DEF', '170_GH', '171_A', '171_E', '171_H', '176_GHK', '177_DEF', '178_ABC', '181_G', '182_DEF', '184_ZZZ', '185_ABC', '187_ABC', '188_ABC', '189_AB', '195_AB', '197_DEF', '198_AB', '204_ABC', '204_DEF', '205_ABC', '209_KL', '212_DEF', '119_ABC', '156_ABC', '171_M', '174_DEF', '187_DEF', '005_GH', '154_ABC', '136_DE', '013_EF', '027_FG', '050_ABC', '055_ABC', '057_ABC', '060_ABC', '062_DEF', '070_ABC', '070_GHK', '085_CDE', '109_DEF', '116_AB', '124_CD', '139_DEF', '143_C', '146_DEF', '147_ABC', '153_ABC', '168_DEF', '180_CD', '193_ABCD', '198_CD', '205_GH', '206_CD', '207_DE', '213_LMN', '182_ABC', '191_AB']"
03_10_21_13,0.7833333333333333,"['001_ABC', '002_DEF', '003_GH', '005_KL', '014_AB', '014_CD', '017_DEF', '022_AB', '022_CD', '026_DEF', '030_EF', '034_AB', '034_EF', '036_AB', '036_CD', '037_DEF', '040_ABC', '043_AB', '044_ABC', '046_GH', '047_AB', '047_CD', '048_G', '049_ABC', '054_KL', '059_AB', '061_DEF', '065_DEF', '066_DEF', '068_ABC', '073_ABC', '073_DEF', '081_ABC', '083_DEF', '086_CD', '088_DEF', '091_DE', '096_ABC', '099_ABC', '099_GHK', '104_CD', '104_EF', '108_CD', '108_EF', '109_ABC', '110_ABC', '111_CD', '111_EF', '113_ABC', '115_ABC', '115_DEF', '120_ABC', '125_DEF', '126_AB', '133_ABC', '134_ABC', '141_EF', '143_AB', '144_AB', '147_DEF', '149_DEF', '151_AB', '151_EF', '152_DEF', '158_CD', '159_ABC', '160_C', '160_L', '167_EF', '171_C', '171_H', '171_L', '176_ABC', '176_GHK', '178_FGH', '181_CD', '196_DE', '199_ABC', '204_ABC', '204_DEF', '205_ABC', '205_KL', '209_GH', '209_KL', '098_GHK', '132_ABC', '151_CD', '161_DEF', '213_DEF', '114_CD', '005_GH', '069_E', '154_ABC', '183_ABC', '104_AB', '136_DE', '013_CD', '013_EF', '028_AB', '050_ABC', '051_GH', '055_ABC', '056_DEF', '057_DEF', '070_ABC', '071_KL', '072_DEF', '074_DEF', '085_CDE', '085_F', '098_DEF', '102_KL', '107_DEF', '107_GHK', '108_AB', '116_AB', '124_CD', '126_EF', '130_ABC', '137_GHK', '143_C', '153_ABC', '166_DEF', '180_CD', '193_ABCD', '193_EFG', '201_GH', '202_DEF', '203_ABC', '207_DE', '210_DEF', '210_GHK', '191_EFG']"
03_10_27_58,0.0166666666666666,"['001_ABC', '003_GH', '006_ABC', '008_ABC', '011_ABC', '014_CD', '016_ABC', '016_KL', '017_ABC', '017_DEF', '020_CD', '022_CD', '026_ABC', '027_HKL', '030_CD', '030_EF', '033_ABC', '033_KL', '034_CD', '037_DEF', '038_ABC', '041_ABC', '041_DEF', '042_DE', '043_AB', '044_ABC', '045_ABC', '046_GH', '048_G', '049_ABC', '049_GHK', '051_ABC', '052_DEF', '058_DEF', '058_KL', '062_ABC', '065_ABC', '065_DEF', '066_DEF', '072_ABC', '073_ABC', '073_DEF', '075_ABC', '075_DEF', '081_ABC', '084_ABC', '089_EF', '091_DE', '096_ABC', '099_ABC', '099_DEF', '099_GHK', '101_ABC', '108_EF', '109_ABC', '110_DEF', '111_EF', '113_ABC', '115_DEF', '118_ABC', '122_DEF', '125_ABC', '125_DEF', '134_FGH', '135_ABC', '140_KL', '141_CD', '142_ABC', '144_AB', '144_EF', '145_ABC', '145_GHK', '147_DEF', '148_ABC', '148_DEF', '151_AB', '152_ABC', '155_DEF', '160_B', '161_ABC', '165_CDE', '167_CD', '167_EF', '169_DEF', '171_D', '173_KL', '174_ABC', '175_ABC', '178_FGH', '182_DEF', '184_ZZZ', '185_ABC', '185_DEF', '186_GH', '189_EF', '190_ABC', '191_CD', '194_ABC', '197_DEF', '204_ABC', '204_DEF', '205_ABC', '205_KL', '209_KL', '213_ABC', '119_ABC', '151_CD', '171_M', '174_DEF', '197_ABC', '089_CD', '154_ABC', '180_EFG', '024_ABC', '027_FG', '028_CD', '040_DEF', '054_DEF', '074_GH', '080_G', '085_CDE', '095_DEF', '107_DEF', '112_DEF', '116_AB', '117_KL', '134_KL', '188_DEF', '193_EFG', '196_ABC', '203_GHK', '206_CD', '182_ABC']"
03_10_34_42,0.0,"['003_GH', '006_ABC', '007_ABC', '008_DEF', '011_ABC', '013_AB', '014_EF', '015_ZZZ', '016_ABC', '016_DEF', '018_ABC', '019_ABC', '022_EF', '026_DEF', '029_ABC', '030_AB', '033_DEF', '033_GH', '035_DEF', '036_AB', '037_A', '037_DEF', '038_DE', '040_ABC', '041_ABC', '043_CD', '044_ABC', '046_AB', '047_AB', '048_G', '049_ABC', '049_GHK', '059_AB', '061_DEF', '065_DEF', '073_ABC', '073_DEF', '075_DEF', '077_GH', '077_KL', '081_ABC', '083_DEF', '084_DEF', '086_AB', '086_CD', '091_AB', '091_DE', '092_ABC', '092_DEF', '097_ABC', '099_ABC', '099_DEF', '099_GHK', '102_AB', '102_GH', '110_ABC', '123_CD', '125_DEF', '128_GH', '129_ABC', '130_DEF', '133_ABC', '138_CD', '140_KL', '142_DEF', '144_AB', '145_ABC', '145_DEF', '147_DEF', '148_ABC', '151_AB', '158_AB', '160_H', '171_D', '171_E', '171_H', '171_K', '171_L', '173_DE', '174_ABC', '175_ABC', '175_DEF', '178_ABC', '184_ZZZ', '187_ABC', '194_ABC', '195_CD', '198_EF', '199_ABC', '205_ABC', '205_DEF', '209_ABC', '209_KL', '123_EF', '128_ABC', '187_DEF', '005_GH', '063_DEF', '154_ABC', '172_GH', '178_KL', '104_AB', '136_DE', '200_AB', '050_ABC', '053_GH', '054_ABC', '054_DEF', '055_DEF', '070_DEF', '072_DEF', '080_G', '085_CDE', '090_ABC', '095_ABC', '102_KL', '109_DEF', '116_AB', '124_CD', '126_CD', '133_DEF', '137_LMM', '139_DEF', '139_GH', '147_ABC', '164_ABC', '166_DEF', '179_GH', '188_DEF', '193_ABCD', '198_CD', '202_DEF', '210_ABC']"
03_10_41_26,0.0833333333333333,"['003_GH', '005_DEF', '005_KL', '006_DEF', '006_G', '007_DEF', '008_ABC', '009_GH', '011_ABC', '012_CD', '014_AB', '014_CD', '014_EF', '016_GH', '022_CD', '023_DEF', '025_EF', '031_DE', '032_CD', '034_CD', '037_BC', '037_DEF', '041_ABC', '041_DEF', '043_CD', '044_ABC', '046_GH', '048_G', '051_ABC', '059_CD', '062_ABC', '064_GHK', '064_LMN', '065_DEF', '067_AB', '068_DEF', '073_ABC', '081_ABC', '086_CD', '089_EF', '091_AB', '091_DE', '093_AB', '099_ABC', '099_DEF', '099_GHK', '102_AB', '102_GH', '103_DEF', '104_CD', '104_EF', '110_ABC', '111_CD', '111_EF', '122_DEF', '123_CD', '140_DEF', '141_AB', '144_AB', '144_EF', '146_ABC', '147_DEF', '149_DEF', '151_AB', '159_DEF', '160_A', '163_DEF', '171_B', '171_C', '171_E', '171_K', '174_ABC', '178_ABC', '178_FGH', '181_CD', '181_EF', '181_G', '184_ZZZ', '185_ABC', '185_DEF', '188_ABC', '189_EF', '191_CD', '204_ABC', '205_ABC', '205_DEF', '209_GH', '209_KL', '080_DEF', '102_EF', '123_EF', '187_DEF', '213_GHK', '031_F', '063_DEF', '124_AB', '154_ABC', '200_AB', '013_EF', '027_FG', '028_CD', '035_ABC', '040_DEF', '051_GH', '054_DEF', '056_DEF', '070_ABC', '070_DEF', '085_CDE', '085_F', '087_ABC', '090_ABC', '102_CD', '107_DEF', '116_AB', '124_CD', '126_CD', '130_ABC', '137_ABC', '143_C', '143_F', '147_ABC', '164_ABC', '166_DEF', '168_DEF', '172_DEF', '180_CD', '193_EFG', '195_EF', '201_GH', '207_FG', '213_LMN', '191_AB']"
03_10_48_20,0.0666666666666666,"['003_GH', '004_DEF', '004_GHK', '005_DEF', '012_CD', '014_AB', '014_CD', '016_GH', '017_DEF', '019_ABC', '023_DEF', '033_DEF', '034_AB', '034_CD', '037_BC', '037_DEF', '038_DE', '038_FGH', '041_DEF', '042_ABC', '042_DE', '044_ABC', '045_ABC', '048_DEF', '048_G', '051_DEF', '053_DEF', '059_EF', '062_ABC', '064_ABC', '065_DEF', '066_ABC', '066_DEF', '066_GH', '072_ABC', '073_ABC', '074_ABC', '081_ABC', '082_DEF', '085_AB', '090_GH', '091_AB', '091_DE', '093_AB', '098_LMN', '099_ABC', '099_GHK', '100_DEF', '101_DEF', '109_ABC', '111_AB', '111_EF', '112_ABC', '114_EF', '115_ABC', '118_ABC', '125_ABC', '129_DEF', '132_DEF', '134_FGH', '135_DEF', '140_DEF', '140_KL', '142_ABC', '144_AB', '144_EF', '145_GHK', '147_DEF', '151_AB', '159_ABC', '165_CDE', '169_ABC', '171_C', '171_H', '171_K', '174_ABC', '178_FGH', '181_AB', '187_ABC', '189_AB', '190_ABC', '190_DEF', '194_ABC', '194_DEF', '195_CD', '196_DE', '204_ABC', '205_ABC', '205_KL', '208_DEF', '209_KL', '212_ABC', '080_DEF', '119_ABC', '156_ABC', '170_KL', '174_DEF', '197_ABC', '213_DEF', '213_GHK', '063_DEF', '124_AB', '154_ABC', '180_EFG', '013_EF', '027_DE', '027_FG', '028_CD', '050_DEF', '055_ABC', '055_DEF', '070_ABC', '070_DEF', '072_DEF', '074_GH', '085_CDE', '095_ABC', '098_DEF', '102_KL', '116_AB', '117_KL', '126_EF', '143_C', '147_ABC', '155_ABC', '160_D', '188_DEF', '193_EFG', '203_ABC', '213_LMN', '182_ABC', '191_AB', '191_EFG']"
03_10_55_01,0.4333333333333333,"['001_ABC', '002_G', '003_ABC', '003_GH', '004_LMN', '010_KL', '012_E', '014_EF', '016_GH', '017_ABC', '019_DEF', '022_AB', '023_DEF', '025_CD', '026_DEF', '029_ABC', '030_AB', '030_GH', '032_AB', '033_ABC', '033_DEF', '035_GH', '037_A', '037_BC', '037_DEF', '038_FGH', '041_DEF', '042_ABC', '044_ABC', '045_ABC', '046_AB', '046_CD', '047_CD', '048_DEF', '048_G', '052_ABC', '054_KL', '059_AB', '061_ABC', '063_ABC', '064_DEF', '065_DEF', '068_ABC', '073_ABC', '073_DEF', '076_EF', '079_DEF', '081_ABC', '082_ABC', '083_DEF', '091_AB', '091_DE', '092_ABC', '093_AB', '096_DEF', '099_ABC', '099_GHK', '100_DEF', '101_DEF', '103_DEF', '104_EF', '106_DEF', '108_CD', '109_ABC', '111_EF', '120_GH', '122_DEF', '127_ABC', '132_DEF', '134_ABC', '136_FG', '142_ABC', '144_AB', '145_ABC', '145_GHK', '147_DEF', '151_AB', '151_EF', '152_ABC', '156_DEF', '163_DEF', '172_ABC', '173_KL', '174_ABC', '178_FGH', '179_ABC', '182_DEF', '183_DEF', '185_ABC', '189_AB', '191_CD', '199_DEF', '204_ABC', '204_DEF', '205_ABC', '209_KL', '213_ABC', '076_C', '132_ABC', '213_GHK', '063_DEF', '089_CD', '154_ABC', '172_GH', '183_ABC', '104_AB', '200_AB', '013_CD', '031_ABC', '050_DEF', '051_GH', '055_ABC', '056_DEF', '062_DEF', '070_DEF', '070_GHK', '074_DEF', '085_CDE', '085_F', '095_ABC', '102_KL', '105_DEF', '108_AB', '109_DEF', '112_DEF', '116_AB', '117_KL', '147_ABC', '202_ABC', '203_GHK', '207_ABC', '210_L', '182_ABC']"
03_11_01_48,0.0,"['001_ABC', '002_ABC', '003_GH', '004_DEF', '006_ABC', '010_KL', '014_CD', '016_DEF', '016_KL', '017_ABC', '019_ABC', '023_DEF', '026_ABC', '030_AB', '030_CD', '030_EF', '034_CD', '034_EF', '037_DEF', '038_ABC', '039_ABC', '041_DEF', '042_DE', '044_ABC', '046_GH', '048_G', '049_ABC', '051_DEF', '052_ABC', '054_GH', '059_AB', '059_EF', '065_DEF', '066_ABC', '066_DEF', '073_ABC', '074_ABC', '077_DEF', '081_ABC', '083_ABC', '086_CD', '086_EF', '091_DE', '093_AB', '097_ABC', '098_LMN', '099_ABC', '099_GHK', '108_EF', '111_EF', '120_ABC', '123_CD', '125_DEF', '130_DEF', '131_CD', '132_DEF', '133_ABC', '133_GH', '141_AB', '142_DEF', '144_AB', '144_EF', '145_GHK', '148_ABC', '149_DEF', '151_AB', '152_DEF', '160_K', '161_ABC', '165_AB', '171_B', '171_D', '171_E', '171_K', '171_N', '172_ABC', '172_KL', '175_DEF', '177_DEF', '178_ABC', '179_DEF', '183_DEF', '184_ZZZ', '188_ABC', '190_ABC', '190_DEF', '194_DEF', '199_ABC', '199_DEF', '205_ABC', '205_KL', '209_ABC', '209_KL', '076_C', '089_AB', '098_GHK', '128_ABC', '156_ABC', '174_DEF', '192_ABC', '197_ABC', '031_F', '069_E', '120_DEF', '154_ABC', '178_KL', '180_EFG', '104_AB', '025_AB', '049_DEF', '071_DE', '085_CDE', '085_F', '090_ABC', '097_DEF', '100_ABC', '107_ABC', '116_AB', '117_FGH', '124_CD', '133_DEF', '137_ABC', '146_DEF', '163_ABC', '168_DEF', '169_GH', '188_DEF', '195_EF', '196_ABC', '198_CD', '201_GH', '210_DEF', '210_GHK']"
03_11_08_27,0.7333333333333333,"['001_DEF', '002_G', '003_GH', '004_GHK', '005_DEF', '005_KL', '006_G', '010_ABC', '013_AB', '016_ABC', '017_ABC', '019_ABC', '029_DEF', '032_AB', '033_KL', '037_BC', '037_DEF', '039_ABC', '044_ABC', '045_DEF', '047_CD', '048_G', '062_ABC', '065_ABC', '065_DEF', '068_ABC', '068_DEF', '073_ABC', '081_ABC', '082_ABC', '086_AB', '089_EF', '090_GH', '091_DE', '092_ABC', '094_ABC', '094_DEF', '097_ABC', '098_LMN', '099_ABC', '099_GHK', '100_DEF', '104_EF', '111_AB', '112_ABC', '113_ABC', '115_ABC', '120_GH', '122_DEF', '123_CD', '124_EF', '126_AB', '127_ABC', '129_DEF', '131_CD', '134_ABC', '135_ABC', '135_DEF', '140_ABC', '140_KL', '142_ABC', '142_DEF', '144_AB', '144_CD', '151_AB', '155_DEF', '158_CD', '159_ABC', '160_N', '161_ABC', '167_CD', '169_ABC', '170_DEF', '171_C', '171_F', '171_L', '171_N', '172_KL', '175_DEF', '178_ABC', '181_AB', '186_GH', '190_ABC', '194_DEF', '195_CD', '196_DE', '199_DEF', '204_DEF', '205_ABC', '209_KL', '213_ABC', '089_AB', '098_GHK', '123_EF', '170_KL', '171_M', '197_ABC', '209_DEF', '102_MN', '154_ABC', '183_ABC', '104_AB', '024_ABC', '025_AB', '028_AB', '048_ABC', '051_GH', '053_GH', '054_ABC', '060_ABC', '060_DEF', '072_DEF', '085_CDE', '087_ABC', '097_DEF', '105_GHK', '107_DEF', '108_AB', '109_DEF', '116_AB', '121_AB', '126_EF', '130_ABC', '134_KL', '147_ABC', '153_DEF', '179_GH', '188_DEF', '195_EF', '202_DEF', '210_L', '113_DEF', '191_EFG']"
03_11_15_18,0.0,"['001_DEF', '002_G', '003_ABC', '003_GH', '008_LMN', '010_KL', '012_AB', '012_E', '016_DEF', '020_AB', '021_ABC', '022_EF', '026_ABC', '029_ABC', '029_DEF', '030_CD', '031_DE', '032_EF', '033_GH', '033_KL', '034_AB', '035_GH', '037_DEF', '039_DEF', '041_DEF', '043_CD', '044_ABC', '046_EF', '047_EF', '048_G', '059_EF', '065_DEF', '066_GH', '073_ABC', '076_ABD', '081_ABC', '084_ABC', '084_DEF', '085_AB', '086_AB', '091_DE', '092_DEF', '094_DEF', '096_DEF', '098_ABC', '099_ABC', '099_GHK', '104_CD', '104_EF', '108_EF', '109_ABC', '110_ABC', '110_DEF', '112_ABC', '113_ABC', '118_ABC', '122_DEF', '126_AB', '127_ABC', '128_GH', '132_DEF', '135_DEF', '136_FG', '140_DEF', '140_GH', '140_KL', '142_ABC', '144_AB', '145_ABC', '148_ABC', '148_DEF', '151_AB', '152_DEF', '158_AB', '160_B', '161_ABC', '163_DEF', '171_C', '171_G', '175_ABC', '175_DEF', '178_FGH', '179_ABC', '181_EF', '182_DEF', '186_ABC', '188_ABC', '190_ABC', '205_ABC', '205_KL', '209_KL', '211_ZZZ', '080_DEF', '102_EF', '132_ABC', '174_DEF', '213_GHK', '124_AB', '154_ABC', '183_ABC', '003_KL', '013_CD', '028_AB', '050_ABC', '050_DEF', '060_DEF', '062_DEF', '074_GH', '080_G', '085_CDE', '085_F', '087_ABC', '090_ABC', '097_DEF', '102_KL', '107_DEF', '108_AB', '116_AB', '124_CD', '130_ABC', '133_DEF', '139_ABC', '139_DEF', '147_ABC', '153_DEF', '168_DEF', '198_CD', '203_LMN', '206_CD', '207_DE', '208_ABC', '210_DEF', '210_L']"
03_11_22_05,0.0333333333333333,"['003_GH', '005_ABC', '010_ABC', '010_DEF', '010_KL', '011_ABC', '014_EF', '016_KL', '019_ABC', '019_DEF', '023_DEF', '026_DEF', '030_EF', '033_DEF', '033_GH', '034_CD', '035_KL', '037_A', '037_DEF', '038_DE', '040_ABC', '041_DEF', '042_ABC', '043_AB', '044_ABC', '048_G', '054_GH', '059_CD', '062_ABC', '065_DEF', '066_ABC', '066_DEF', '073_ABC', '074_ABC', '076_ABD', '077_ABC', '081_ABC', '083_DEF', '084_DEF', '085_AB', '087_DEF', '088_KL', '090_DEF', '090_GH', '091_DE', '092_DEF', '094_DEF', '099_ABC', '099_GHK', '101_ABC', '103_ABC', '104_EF', '108_CD', '108_EF', '109_ABC', '110_ABC', '113_ABC', '114_AB', '118_DEF', '120_ABC', '121_CD', '124_EF', '127_ABC', '131_EF', '133_ABC', '134_DE', '134_FGH', '140_ABC', '141_CD', '143_DE', '144_AB', '144_CD', '144_EF', '145_LMN', '151_AB', '151_EF', '159_DEF', '160_M', '165_AB', '171_A', '171_E', '171_K', '176_ABC', '178_ABC', '181_AB', '181_CD', '185_ABC', '187_ABC', '189_CD', '194_ABC', '199_ABC', '199_DEF', '203_DEF', '205_ABC', '205_DEF', '209_ABC', '209_KL', '212_ABC', '139_KL', '174_DEF', '197_ABC', '005_GH', '069_E', '102_MN', '120_DEF', '154_ABC', '183_ABC', '200_AB', '040_DEF', '050_DEF', '056_DEF', '080_G', '085_CDE', '087_ABC', '102_CD', '102_KL', '108_AB', '112_DEF', '116_AB', '124_CD', '133_DEF', '137_GHK', '139_DEF', '143_C', '160_G', '168_DEF', '172_DEF', '188_DEF', '193_EFG', '198_CD', '207_DE', '207_FG', '191_EFG']"
03_11_28_51,0.1833333333333333,"['002_G', '003_GH', '005_DEF', '005_KL', '007_DEF', '009_ABC', '011_DEF', '014_EF', '016_ABC', '023_DEF', '029_DEF', '030_EF', '030_GH', '032_EF', '033_KL', '034_AB', '037_A', '037_DEF', '038_FGH', '040_ABC', '042_ABC', '044_ABC', '046_AB', '046_EF', '046_GH', '048_DEF', '048_G', '049_ABC', '049_GHK', '058_GH', '062_ABC', '065_DEF', '067_AB', '068_ABC', '073_ABC', '077_KL', '078_CD', '081_ABC', '082_ABC', '083_DEF', '085_AB', '087_DEF', '088_ABC', '091_DE', '094_ABC', '096_DEF', '099_ABC', '099_GHK', '101_ABC', '102_GH', '103_DEF', '108_CD', '108_EF', '110_ABC', '110_DEF', '111_CD', '115_ABC', '118_ABC', '119_L', '120_ABC', '121_CD', '123_CD', '124_EF', '125_DEF', '128_GH', '129_DEF', '130_DEF', '131_AB', '131_EF', '133_GH', '135_DEF', '138_CD', '144_AB', '147_DEF', '148_ABC', '149_DEF', '151_AB', '160_F', '167_CD', '171_E', '171_N', '172_ABC', '175_ABC', '177_ABC', '180_AB', '181_AB', '181_EF', '182_DEF', '183_DEF', '185_ABC', '189_AB', '194_DEF', '198_AB', '199_DEF', '203_DEF', '204_DEF', '205_ABC', '209_KL', '212_DEF', '119_ABC', '151_CD', '161_DEF', '167_AB', '192_ABC', '213_DEF', '201_KL', '120_DEF', '124_AB', '154_ABC', '136_DE', '050_ABC', '055_ABC', '085_CDE', '090_ABC', '095_ABC', '106_ABC', '107_ABC', '108_AB', '109_DEF', '116_AB', '117_DE', '126_CD', '138_AB', '147_ABC', '160_D', '162_ABC', '169_GH', '188_DEF', '193_ABCD', '193_EFG', '203_LMN', '210_L', '191_AB']"
03_11_35_33,0.1,"['003_DEF', '003_GH', '005_ABC', '005_DEF', '006_G', '007_ABC', '008_LMN', '010_ABC', '015_ZZZ', '020_CD', '022_EF', '023_ABC', '023_DEF', '026_ABC', '029_DEF', '030_EF', '030_GH', '033_ABC', '034_EF', '037_DEF', '038_DE', '044_ABC', '046_EF', '048_DEF', '048_G', '054_GH', '062_ABC', '065_DEF', '068_DEF', '073_ABC', '073_DEF', '074_ABC', '081_ABC', '083_DEF', '086_AB', '087_DEF', '089_EF', '091_DE', '092_DEF', '094_ABC', '096_ABC', '098_ABC', '099_ABC', '099_GHK', '100_DEF', '104_CD', '108_EF', '110_ABC', '111_AB', '112_ABC', '113_ABC', '118_DEF', '119_GHK', '120_GH', '121_CD', '123_CD', '128_DEF', '130_DEF', '131_AB', '140_ABC', '140_KL', '142_DEF', '143_DE', '144_AB', '144_EF', '145_ABC', '146_ABC', '150_ABC', '151_AB', '152_DEF', '158_AB', '160_H', '161_ABC', '165_AB', '171_A', '171_B', '171_F', '171_G', '177_ABC', '178_DE', '178_FGH', '181_AB', '181_EF', '181_G', '185_ABC', '185_DEF', '194_ABC', '194_DEF', '198_EF', '199_DEF', '204_ABC', '204_DEF', '205_ABC', '209_KL', '212_ABC', '089_AB', '123_EF', '161_DEF', '174_DEF', '187_DEF', '197_ABC', '031_F', '063_DEF', '154_ABC', '013_CD', '028_CD', '049_DEF', '051_GH', '054_DEF', '062_DEF', '070_ABC', '070_DEF', '071_KL', '072_DEF', '085_CDE', '095_DEF', '098_DEF', '106_ABC', '108_AB', '109_DEF', '116_AB', '119_DEF', '130_ABC', '137_ABC', '150_KL', '153_DEF', '179_GH', '180_CD', '186_DEF', '198_CD', '203_LMN', '207_FG', '208_ABC']"
03_11_42_19,0.0666666666666666,"['002_G', '003_GH', '010_GH', '012_E', '014_CD', '014_EF', '017_DEF', '018_DEF', '019_DEF', '020_AB', '020_CD', '022_AB', '022_CD', '033_ABC', '033_DEF', '035_GH', '036_AB', '037_A', '037_BC', '037_DEF', '039_ABC', '039_DEF', '041_ABC', '042_DE', '044_ABC', '046_AB', '046_EF', '046_GH', '047_AB', '048_DEF', '048_G', '049_ABC', '049_L', '051_DEF', '052_DEF', '054_GH', '058_DEF', '065_DEF', '068_ABC', '073_ABC', '077_ABC', '077_DEF', '078_CD', '079_DEF', '081_ABC', '084_ABC', '086_EF', '088_KL', '090_GH', '091_DE', '092_DEF', '093_AB', '094_ABC', '099_ABC', '099_GHK', '103_DEF', '104_EF', '110_ABC', '124_EF', '127_ABC', '130_DEF', '131_CD', '134_DE', '135_DEF', '140_ABC', '140_GH', '141_EF', '144_AB', '144_EF', '147_DEF', '151_AB', '152_ABC', '160_B', '160_L', '163_DEF', '167_EF', '171_E', '171_G', '172_KL', '174_ABC', '178_ABC', '179_ABC', '179_DEF', '181_AB', '181_EF', '183_DEF', '187_ABC', '189_AB', '189_EF', '190_DEF', '194_DEF', '198_EF', '204_ABC', '205_ABC', '205_KL', '209_GH', '209_KL', '093_CD', '119_ABC', '132_ABC', '139_KL', '151_CD', '167_AB', '170_KL', '171_M', '213_DEF', '114_CD', '063_DEF', '089_CD', '154_ABC', '013_CD', '025_AB', '027_FG', '028_CD', '031_ABC', '051_GH', '055_DEF', '070_ABC', '070_GHK', '072_DEF', '074_DEF', '085_CDE', '097_DEF', '102_CD', '102_KL', '116_AB', '143_F', '146_DEF', '168_DEF', '203_GHK', '210_L', '191_AB', '191_EFG']"
03_11_49_09,0.5,"['001_ABC', '003_GH', '005_DEF', '007_DEF', '009_GH', '012_AB', '012_CD', '012_E', '014_AB', '014_EF', '020_AB', '024_DEF', '025_CD', '029_ABC', '030_CD', '033_ABC', '033_GH', '034_EF', '037_BC', '037_DEF', '038_DE', '041_ABC', '044_ABC', '046_AB', '047_AB', '048_G', '049_ABC', '049_GHK', '051_ABC', '059_CD', '061_ABC', '063_ABC', '065_ABC', '065_DEF', '073_ABC', '075_ABC', '077_ABC', '077_DEF', '077_GH', '077_KL', '081_ABC', '083_DEF', '085_AB', '086_AB', '086_CD', '087_DEF', '090_DEF', '091_DE', '094_DEF', '099_ABC', '099_DEF', '099_GHK', '103_ABC', '109_ABC', '110_DEF', '111_EF', '113_ABC', '118_DEF', '125_ABC', '131_CD', '131_EF', '132_DEF', '140_GH', '141_CD', '141_EF', '144_AB', '144_EF', '145_GHK', '150_ABC', '151_AB', '159_DEF', '161_ABC', '163_DEF', '165_CDE', '167_EF', '169_ABC', '171_F', '171_G', '172_ABC', '172_KL', '178_ABC', '179_ABC', '185_DEF', '186_GH', '187_ABC', '189_EF', '192_DEF', '194_ABC', '195_CD', '203_DEF', '204_DEF', '205_ABC', '209_ABC', '209_KL', '213_ABC', '098_GHK', '102_EF', '156_ABC', '213_DEF', '213_GHK', '031_F', '063_DEF', '117_ABC', '154_ABC', '168_ABC', '180_EFG', '183_ABC', '013_EF', '024_ABC', '054_DEF', '057_DEF', '062_DEF', '069_CD', '071_DE', '085_CDE', '085_F', '090_ABC', '097_DEF', '107_ABC', '107_DEF', '116_AB', '138_AB', '146_DEF', '150_GH', '150_KL', '153_ABC', '188_DEF', '196_ABC', '202_ABC', '202_DEF', '210_GHK', '113_DEF', '191_EFG']"
03_11_55_52,0.0,"['003_ABC', '003_GH', '005_DEF', '006_G', '008_GHK', '010_GH', '012_CD', '012_E', '013_AB', '019_DEF', '020_AB', '020_CD', '025_CD', '026_ABC', '029_DEF', '032_CD', '033_ABC', '033_GH', '033_KL', '034_CD', '036_CD', '037_BC', '037_DEF', '038_ABC', '038_DE', '039_ABC', '041_DEF', '042_DE', '044_ABC', '046_CD', '046_EF', '048_G', '051_ABC', '061_ABC', '062_ABC', '065_DEF', '073_ABC', '075_ABC', '076_ABD', '076_EF', '077_KL', '081_ABC', '082_ABC', '082_DEF', '084_ABC', '084_DEF', '085_AB', '091_DE', '094_DEF', '099_ABC', '099_DEF', '099_GHK', '103_ABC', '111_CD', '119_GHK', '121_CD', '122_DEF', '128_KL', '130_DEF', '131_AB', '132_DEF', '134_ABC', '134_DE', '135_ABC', '141_AB', '144_AB', '144_CD', '148_ABC', '151_AB', '158_CD', '159_DEF', '171_B', '171_E', '171_G', '171_L', '179_DEF', '181_CD', '181_G', '186_GH', '188_ABC', '189_AB', '192_DEF', '197_DEF', '205_ABC', '205_DEF', '209_KL', '212_ABC', '212_DEF', '080_DEF', '089_AB', '093_CD', '123_EF', '151_CD', '161_DEF', '213_GHK', '063_DEF', '089_CD', '102_MN', '120_DEF', '124_AB', '154_ABC', '172_GH', '180_EFG', '104_AB', '013_CD', '013_EF', '028_CD', '035_ABC', '048_ABC', '050_ABC', '055_ABC', '070_ABC', '070_DEF', '074_GH', '085_CDE', '116_AB', '130_ABC', '133_DEF', '137_ABC', '137_GHK', '138_AB', '139_ABC', '143_C', '160_D', '188_DEF', '196_ABC', '198_CD', '201_DEF', '203_ABC', '210_L', '213_LMN', '182_ABC', '191_EFG']"
03_12_02_35,0.0,"['002_ABC', '003_GH', '005_DEF', '007_ABC', '009_ABC', '010_GH', '012_AB', '014_AB', '015_ZZZ', '017_ABC', '017_DEF', '022_AB', '022_EF', '027_ABC', '028_EF', '029_ABC', '031_DE', '033_KL', '034_AB', '034_CD', '035_KL', '036_AB', '036_EF', '037_DEF', '041_DEF', '044_ABC', '046_GH', '048_G', '049_ABC', '065_DEF', '066_DEF', '066_GH', '068_ABC', '068_DEF', '073_ABC', '074_ABC', '077_KL', '081_ABC', '086_CD', '091_DE', '096_ABC', '098_LMN', '099_ABC', '099_GHK', '104_EF', '109_ABC', '115_ABC', '121_CD', '122_DEF', '124_EF', '133_ABC', '133_GH', '135_DEF', '141_CD', '141_EF', '144_AB', '145_LMN', '147_DEF', '151_AB', '156_DEF', '159_ABC', '159_DEF', '160_A', '160_C', '160_R', '169_ABC', '171_B', '171_E', '171_K', '171_N', '172_ABC', '172_KL', '173_FGH', '174_ABC', '175_ABC', '177_ABC', '178_DE', '184_ZZZ', '189_EF', '190_ABC', '190_DEF', '197_DEF', '198_EF', '199_DEF', '205_ABC', '209_KL', '212_ABC', '213_ABC', '076_C', '089_AB', '119_ABC', '123_EF', '132_ABC', '167_AB', '187_DEF', '120_DEF', '154_ABC', '172_GH', '013_CD', '051_GH', '062_DEF', '069_CD', '070_DEF', '072_DEF', '085_CDE', '085_F', '090_ABC', '107_DEF', '109_DEF', '116_AB', '124_CD', '134_KL', '138_AB', '143_F', '150_GH', '153_DEF', '160_G', '163_ABC', '164_ABC', '179_GH', '198_CD', '201_DEF', '203_GHK', '203_LMN', '207_DE', '208_ABC', '210_DEF', '213_LMN', '113_DEF', '164_DEF', '182_ABC', '191_AB', '191_EFG']"
03_12_09_25,0.0666666666666666,"['002_DEF', '003_GH', '005_ABC', '005_DEF', '006_ABC', '007_ABC', '007_DEF', '008_DEF', '009_ABC', '010_ABC', '010_GH', '012_AB', '014_EF', '016_GH', '025_EF', '026_ABC', '026_DEF', '032_CD', '034_EF', '035_GH', '037_DEF', '039_ABC', '041_ABC', '043_CD', '044_ABC', '045_DEF', '046_CD', '047_CD', '048_G', '049_L', '061_ABC', '061_DEF', '062_ABC', '065_DEF', '066_GH', '068_DEF', '070_LMN', '073_ABC', '077_DEF', '077_GH', '081_ABC', '085_AB', '088_ABC', '088_KL', '090_GH', '091_DE', '093_AB', '094_ABC', '094_DEF', '096_ABC', '099_ABC', '099_GHK', '110_DEF', '111_CD', '111_EF', '115_DEF', '118_ABC', '123_CD', '125_ABC', '125_DEF', '128_KL', '129_ABC', '130_DEF', '131_CD', '134_ABC', '134_DE', '140_KL', '141_AB', '143_AB', '144_AB', '144_EF', '145_LMN', '148_ABC', '149_DEF', '151_AB', '156_DEF', '158_AB', '167_CD', '171_E', '171_F', '171_H', '175_DEF', '177_ABC', '178_ABC', '178_DE', '180_AB', '184_ZZZ', '187_ABC', '189_CD', '189_EF', '194_DEF', '198_AB', '198_EF', '204_ABC', '205_ABC', '205_KL', '209_KL', '212_ABC', '212_DEF', '119_ABC', '132_ABC', '151_CD', '171_M', '213_DEF', '154_ABC', '160_P', '025_AB', '035_ABC', '040_DEF', '049_DEF', '050_DEF', '054_DEF', '060_DEF', '071_ABC', '085_CDE', '102_CD', '102_KL', '107_ABC', '107_L', '109_DEF', '116_AB', '117_KL', '121_AB', '124_CD', '138_AB', '139_DEF', '143_F', '150_GH', '155_ABC', '202_ABC', '203_ABC', '164_DEF', '191_EFG']"
03_12_16_10,0.5333333333333333,"['001_DEF', '002_DEF', '003_GH', '006_G', '007_DEF', '010_DEF', '012_AB', '012_E', '013_AB', '014_AB', '014_CD', '014_EF', '019_DEF', '021_ABC', '027_HKL', '030_CD', '032_CD', '033_ABC', '033_DEF', '033_KL', '034_AB', '036_AB', '037_DEF', '038_ABC', '040_ABC', '042_ABC', '044_ABC', '046_AB', '047_CD', '048_G', '051_ABC', '053_ABC', '054_GH', '058_GH', '059_AB', '063_ABC', '064_LMN', '065_DEF', '066_ABC', '066_DEF', '067_AB', '068_DEF', '073_ABC', '077_KL', '081_ABC', '084_ABC', '090_DEF', '091_AB', '091_DE', '093_AB', '094_DEF', '096_ABC', '099_ABC', '099_GHK', '101_ABC', '101_DEF', '102_GH', '106_DEF', '108_CD', '111_CD', '118_ABC', '122_DEF', '124_EF', '126_AB', '131_EF', '134_ABC', '140_KL', '142_DEF', '144_AB', '146_ABC', '148_ABC', '151_AB', '152_ABC', '158_AB', '163_DEF', '170_ABC', '171_F', '173_FGH', '175_DEF', '178_DE', '179_ABC', '180_AB', '181_AB', '187_ABC', '189_EF', '194_DEF', '198_EF', '204_ABC', '204_DEF', '205_ABC', '208_DEF', '209_KL', '132_ABC', '156_ABC', '192_ABC', '160_E', '063_DEF', '154_ABC', '168_ABC', '180_EFG', '183_ABC', '013_EF', '028_AB', '049_DEF', '050_ABC', '060_DEF', '062_DEF', '070_GHK', '071_ABC', '071_KL', '085_CDE', '087_ABC', '090_ABC', '097_DEF', '107_ABC', '108_AB', '116_AB', '121_AB', '130_ABC', '133_DEF', '137_GHK', '143_F', '153_ABC', '153_DEF', '166_DEF', '169_GH', '172_DEF', '180_CD', '203_LMN', '205_GH', '206_CD', '206_EF', '113_DEF']"
03_12_22_49,0.0,"['003_GH', '005_DEF', '006_DEF', '008_ABC', '008_LMN', '009_ABC', '009_DEF', '010_GH', '012_CD', '014_AB', '017_DEF', '019_DEF', '020_AB', '020_CD', '023_ABC', '025_EF', '026_DEF', '033_DEF', '034_CD', '037_DEF', '038_ABC', '040_ABC', '041_ABC', '043_AB', '044_ABC', '046_CD', '047_CD', '048_G', '054_KL', '058_DEF', '059_CD', '062_ABC', '065_DEF', '066_ABC', '073_ABC', '076_ABD', '080_ABC', '081_ABC', '084_ABC', '088_KL', '090_GH', '091_AB', '091_DE', '094_ABC', '094_DEF', '099_ABC', '099_DEF', '099_GHK', '100_DEF', '102_GH', '104_CD', '109_ABC', '110_ABC', '111_CD', '115_ABC', '118_ABC', '121_CD', '123_CD', '126_AB', '131_CD', '133_ABC', '135_ABC', '135_DEF', '141_AB', '142_DEF', '144_AB', '144_EF', '145_LMN', '148_ABC', '151_AB', '151_EF', '154_CD', '158_CD', '159_DEF', '160_F', '160_R', '163_DEF', '171_A', '171_L', '173_FGH', '175_ABC', '178_FGH', '180_AB', '183_DEF', '184_ZZZ', '185_DEF', '187_ABC', '189_AB', '189_CD', '194_ABC', '196_DE', '198_AB', '199_ABC', '199_DEF', '205_ABC', '205_KL', '209_KL', '080_DEF', '089_AB', '119_ABC', '132_ABC', '213_DEF', '005_GH', '120_DEF', '154_ABC', '178_KL', '180_EFG', '104_AB', '025_AB', '028_AB', '031_ABC', '048_ABC', '055_DEF', '058_ABC', '072_DEF', '085_CDE', '087_ABC', '090_ABC', '097_DEF', '109_DEF', '116_AB', '119_DEF', '121_AB', '124_CD', '143_C', '157_ABC', '160_D', '162_ABC', '164_ABC', '172_DEF', '196_ABC', '202_ABC', '113_DEF']"
03_12_29_28,0.1833333333333333,"['003_GH', '004_ABC', '004_LMN', '005_ABC', '005_DEF', '006_ABC', '006_DEF', '009_GH', '010_ABC', '010_DEF', '012_AB', '014_AB', '016_ABC', '016_GH', '016_KL', '019_ABC', '020_CD', '022_AB', '022_EF', '026_DEF', '029_ABC', '030_EF', '033_KL', '034_CD', '037_BC', '037_DEF', '038_DE', '039_DEF', '040_ABC', '041_ABC', '044_ABC', '045_ABC', '045_DEF', '046_GH', '048_G', '051_ABC', '059_EF', '061_DEF', '064_DEF', '065_DEF', '066_DEF', '070_LMN', '073_ABC', '076_ABD', '080_ABC', '081_ABC', '082_ABC', '083_DEF', '084_ABC', '087_DEF', '089_EF', '091_DE', '092_ABC', '096_ABC', '097_ABC', '098_ABC', '099_ABC', '099_DEF', '099_GHK', '101_DEF', '103_DEF', '111_EF', '121_CD', '127_ABC', '129_DEF', '131_CD', '134_DE', '135_DEF', '144_AB', '144_EF', '145_DEF', '148_DEF', '151_AB', '151_EF', '152_ABC', '161_ABC', '169_ABC', '170_ABC', '171_A', '171_F', '171_K', '171_L', '173_FGH', '173_KL', '175_ABC', '180_AB', '182_DEF', '184_ZZZ', '185_DEF', '194_DEF', '197_DEF', '198_EF', '199_ABC', '205_ABC', '205_KL', '209_KL', '212_ABC', '212_DEF', '213_ABC', '089_AB', '102_EF', '156_ABC', '171_M', '213_DEF', '005_GH', '031_F', '102_MN', '154_ABC', '040_DEF', '053_GH', '055_ABC', '055_DEF', '058_ABC', '060_ABC', '060_DEF', '070_GHK', '085_CDE', '095_ABC', '095_DEF', '106_ABC', '116_AB', '133_DEF', '138_AB', '150_KL', '164_ABC', '166_DEF', '169_GH', '193_ABCD', '193_EFG', '202_ABC', '207_FG', '210_L', '191_AB']"
03_12_36_16,0.3,"['002_DEF', '002_G', '003_DEF', '003_GH', '005_KL', '006_G', '007_DEF', '009_ABC', '010_ABC', '011_ABC', '012_E', '014_CD', '016_ABC', '018_ABC', '019_ABC', '020_CD', '024_KL', '030_AB', '030_CD', '031_DE', '033_GH', '034_CD', '037_A', '037_DEF', '038_ABC', '038_FGH', '043_AB', '044_ABC', '047_AB', '048_G', '049_GHK', '053_ABC', '053_DEF', '054_GH', '061_ABC', '063_ABC', '065_DEF', '066_GH', '068_DEF', '071_FGH', '073_ABC', '073_DEF', '081_ABC', '082_DEF', '083_ABC', '084_DEF', '086_CD', '087_DEF', '088_DEF', '088_GH', '089_EF', '090_GH', '091_DE', '092_ABC', '099_ABC', '099_GHK', '100_DEF', '104_EF', '111_CD', '124_EF', '126_AB', '129_ABC', '130_DEF', '134_DE', '134_FGH', '135_DEF', '136_FG', '140_ABC', '141_EF', '142_ABC', '144_AB', '144_CD', '145_LMN', '151_AB', '161_ABC', '163_DEF', '171_A', '171_F', '176_ABC', '176_GHK', '177_DEF', '183_DEF', '189_AB', '189_CD', '197_DEF', '198_EF', '205_ABC', '205_KL', '209_KL', '212_ABC', '212_DEF', '161_DEF', '171_M', '187_DEF', '213_GHK', '102_MN', '154_ABC', '168_ABC', '183_ABC', '025_AB', '028_CD', '048_ABC', '054_DEF', '056_DEF', '062_DEF', '070_GHK', '074_GH', '085_CDE', '085_F', '087_ABC', '090_ABC', '102_CD', '102_KL', '107_ABC', '116_AB', '126_CD', '126_EF', '137_ABC', '137_LMM', '143_F', '150_KL', '153_DEF', '163_ABC', '179_GH', '188_DEF', '202_ABC', '202_DEF', '205_GH', '207_DE', '208_ABC', '213_LMN', '191_AB', '191_EFG']"
03_12_43_04,0.0666666666666666,"['001_ABC', '002_DEF', '002_G', '003_DEF', '003_GH', '012_AB', '012_E', '013_AB', '014_CD', '016_KL', '020_CD', '023_ABC', '027_ABC', '028_EF', '030_GH', '031_DE', '033_GH', '034_AB', '035_KL', '036_EF', '037_A', '037_DEF', '038_FGH', '042_ABC', '042_DE', '044_ABC', '046_GH', '048_G', '049_ABC', '052_ABC', '065_ABC', '065_DEF', '066_DEF', '073_ABC', '073_DEF', '076_ABD', '077_ABC', '077_GH', '079_DEF', '080_ABC', '081_ABC', '084_ABC', '090_DEF', '091_DE', '092_DEF', '097_ABC', '099_ABC', '099_DEF', '099_GHK', '100_DEF', '103_ABC', '104_EF', '108_EF', '110_DEF', '111_CD', '111_EF', '115_ABC', '126_AB', '129_ABC', '134_DE', '135_ABC', '141_CD', '144_AB', '144_CD', '145_ABC', '146_ABC', '149_DEF', '151_AB', '158_AB', '159_ABC', '160_F', '167_CD', '169_DEF', '171_F', '171_L', '172_ABC', '179_ABC', '179_DEF', '181_AB', '187_ABC', '188_ABC', '189_CD', '189_EF', '194_ABC', '195_CD', '204_ABC', '205_ABC', '205_KL', '208_DEF', '209_KL', '213_ABC', '093_CD', '156_ABC', '167_AB', '174_DEF', '197_ABC', '031_F', '154_ABC', '172_GH', '136_DE', '003_KL', '028_AB', '048_ABC', '051_GH', '055_DEF', '056_DEF', '072_DEF', '074_GH', '085_CDE', '090_ABC', '097_DEF', '100_ABC', '102_KL', '108_AB', '112_DEF', '116_AB', '119_DEF', '126_CD', '138_AB', '143_C', '143_F', '146_DEF', '153_ABC', '160_D', '160_G', '166_DEF', '172_DEF', '179_GH', '188_DEF', '201_DEF', '210_L', '213_LMN', '113_DEF']"
03_12_49_41,0.0166666666666666,"['003_GH', '007_DEF', '008_LMN', '010_ABC', '011_ABC', '011_DEF', '012_AB', '013_AB', '014_CD', '016_DEF', '016_GH', '017_DEF', '020_CD', '022_CD', '025_EF', '031_DE', '036_CD', '037_A', '037_DEF', '038_DE', '038_FGH', '040_ABC', '042_ABC', '043_CD', '044_ABC', '047_AB', '048_G', '049_ABC', '049_GHK', '054_GH', '058_DEF', '059_AB', '064_DEF', '065_DEF', '073_ABC', '076_EF', '080_ABC', '081_ABC', '082_ABC', '086_CD', '090_GH', '091_DE', '092_ABC', '092_DEF', '094_DEF', '096_DEF', '097_ABC', '099_ABC', '099_DEF', '099_GHK', '102_AB', '103_DEF', '104_CD', '108_EF', '110_ABC', '115_DEF', '125_DEF', '128_KL', '129_ABC', '130_DEF', '134_ABC', '134_FGH', '140_KL', '141_AB', '142_ABC', '144_AB', '144_EF', '145_GHK', '151_AB', '154_CD', '158_CD', '159_DEF', '160_A', '160_B', '165_CDE', '171_B', '171_H', '173_FGH', '174_ABC', '177_ABC', '178_DE', '180_AB', '183_DEF', '185_ABC', '189_AB', '189_EF', '191_CD', '194_ABC', '197_DEF', '198_AB', '199_ABC', '203_DEF', '204_DEF', '205_ABC', '209_KL', '080_DEF', '102_EF', '139_KL', '167_AB', '170_KL', '171_M', '174_DEF', '069_AB', '102_MN', '124_AB', '154_ABC', '178_KL', '027_FG', '049_DEF', '054_ABC', '054_DEF', '055_ABC', '069_CD', '070_DEF', '070_GHK', '085_CDE', '087_ABC', '097_DEF', '107_DEF', '107_GHK', '116_AB', '124_CD', '143_F', '153_DEF', '168_DEF', '169_GH', '176_DEF', '203_GHK', '206_EF', '210_GHK', '164_DEF', '191_AB', '191_EFG']"
03_12_56_21,0.05,"['002_DEF', '003_ABC', '003_GH', '007_ABC', '007_DEF', '012_AB', '013_AB', '016_ABC', '016_DEF', '016_GH', '019_ABC', '022_AB', '025_CD', '026_ABC', '026_DEF', '029_ABC', '029_DEF', '030_CD', '030_EF', '037_DEF', '039_DEF', '043_AB', '043_CD', '044_ABC', '045_DEF', '046_AB', '046_GH', '047_CD', '048_G', '051_DEF', '053_DEF', '063_ABC', '065_DEF', '073_ABC', '074_ABC', '077_GH', '080_ABC', '081_ABC', '084_ABC', '084_DEF', '085_AB', '086_CD', '091_DE', '096_ABC', '099_ABC', '099_GHK', '101_ABC', '102_AB', '103_DEF', '110_ABC', '110_DEF', '111_EF', '115_ABC', '118_ABC', '120_GH', '121_CD', '125_DEF', '129_ABC', '131_EF', '133_ABC', '133_GH', '140_KL', '141_CD', '142_DEF', '144_AB', '144_CD', '145_GHK', '146_ABC', '148_ABC', '151_AB', '151_EF', '154_CD', '155_DEF', '156_DEF', '160_A', '160_F', '160_M', '161_ABC', '171_A', '171_C', '171_L', '171_N', '172_ABC', '173_FGH', '175_ABC', '179_ABC', '179_DEF', '181_G', '185_DEF', '190_ABC', '192_DEF', '205_ABC', '208_DEF', '209_KL', '212_ABC', '212_DEF', '161_DEF', '213_GHK', '063_DEF', '069_E', '124_AB', '154_ABC', '168_ABC', '025_AB', '028_AB', '040_DEF', '055_ABC', '057_ABC', '072_DEF', '074_GH', '085_CDE', '087_ABC', '095_DEF', '102_CD', '116_AB', '119_DEF', '124_CD', '130_ABC', '134_KL', '143_F', '155_ABC', '163_ABC', '172_DEF', '176_DEF', '188_DEF', '198_CD', '201_ABC', '203_GHK', '205_GH', '206_CD', '210_DEF', '210_GHK', '164_DEF']"
03_13_03_04,0.0,"['003_ABC', '003_GH', '004_DEF', '004_GHK', '007_DEF', '010_GH', '012_CD', '014_EF', '022_AB', '022_EF', '029_ABC', '029_DEF', '030_CD', '033_ABC', '033_GH', '034_AB', '034_EF', '036_EF', '037_A', '037_DEF', '039_DEF', '041_ABC', '044_ABC', '045_DEF', '046_AB', '046_EF', '047_EF', '048_G', '064_GHK', '065_DEF', '068_ABC', '073_ABC', '077_ABC', '077_DEF', '081_ABC', '082_ABC', '084_ABC', '084_DEF', '085_AB', '086_EF', '087_DEF', '088_GH', '089_EF', '090_GH', '091_DE', '094_DEF', '097_ABC', '098_LMN', '099_ABC', '099_GHK', '104_CD', '104_EF', '109_ABC', '110_ABC', '115_ABC', '130_DEF', '140_KL', '141_AB', '142_ABC', '144_AB', '145_DEF', '151_AB', '152_DEF', '158_AB', '159_ABC', '163_DEF', '165_AB', '165_CDE', '167_EF', '171_A', '171_B', '171_E', '171_F', '171_G', '171_H', '176_GHK', '177_DEF', '179_ABC', '181_CD', '181_EF', '185_ABC', '185_DEF', '188_ABC', '189_CD', '189_EF', '196_DE', '198_EF', '205_ABC', '209_KL', '213_ABC', '123_EF', '151_CD', '174_DEF', '187_DEF', '213_GHK', '114_CD', '201_KL', '005_GH', '102_MN', '124_AB', '154_ABC', '166_ABC', '180_EFG', '104_AB', '013_CD', '028_AB', '035_ABC', '056_ABC', '060_ABC', '062_DEF', '070_ABC', '070_GHK', '072_DEF', '074_DEF', '074_GH', '080_G', '085_CDE', '095_ABC', '102_KL', '107_ABC', '109_DEF', '116_AB', '133_DEF', '155_ABC', '157_ABC', '160_D', '188_DEF', '193_EFG', '201_ABC', '202_DEF', '203_LMN', '206_EF', '213_LMN']"
03_13_09_43,0.2,"['001_ABC', '003_GH', '005_ABC', '005_KL', '006_G', '009_GH', '013_AB', '014_EF', '022_CD', '026_ABC', '027_HKL', '030_CD', '030_EF', '033_ABC', '033_KL', '034_AB', '034_CD', '034_EF', '037_DEF', '040_ABC', '044_ABC', '045_ABC', '045_DEF', '046_EF', '046_GH', '047_CD', '048_G', '049_ABC', '052_DEF', '054_GH', '058_DEF', '059_CD', '061_ABC', '062_ABC', '063_ABC', '065_DEF', '068_DEF', '073_ABC', '077_GH', '077_KL', '081_ABC', '084_DEF', '086_AB', '086_CD', '086_EF', '091_DE', '092_DEF', '093_AB', '094_DEF', '097_ABC', '099_ABC', '099_GHK', '104_CD', '108_CD', '123_CD', '125_DEF', '126_AB', '127_ABC', '127_DEF', '131_AB', '134_FGH', '144_AB', '144_CD', '145_DEF', '147_DEF', '148_ABC', '148_DEF', '149_DEF', '151_AB', '152_ABC', '159_DEF', '160_B', '167_EF', '171_G', '171_N', '175_ABC', '175_DEF', '178_ABC', '178_FGH', '180_AB', '181_CD', '181_EF', '183_DEF', '184_ZZZ', '185_ABC', '188_ABC', '194_DEF', '198_EF', '204_ABC', '205_ABC', '209_ABC', '209_KL', '119_ABC', '161_DEF', '213_GHK', '114_CD', '120_DEF', '154_ABC', '172_GH', '013_CD', '025_AB', '028_AB', '031_ABC', '054_DEF', '055_DEF', '058_ABC', '060_ABC', '060_DEF', '074_GH', '085_CDE', '095_DEF', '116_AB', '117_DE', '119_DEF', '121_AB', '126_EF', '134_KL', '139_GH', '146_DEF', '160_D', '162_ABC', '164_ABC', '166_DEF', '188_DEF', '201_GH', '206_EF', '207_FG', '210_ABC', '210_DEF', '210_GHK', '210_L', '113_DEF', '182_ABC']"
03_13_16_28,0.5833333333333334,"['003_GH', '004_DEF', '005_DEF', '006_ABC', '007_ABC', '012_AB', '012_E', '013_AB', '014_EF', '017_ABC', '017_DEF', '018_DEF', '019_DEF', '022_AB', '022_EF', '023_DEF', '024_KL', '029_ABC', '030_AB', '036_EF', '037_A', '037_BC', '037_DEF', '042_ABC', '044_ABC', '045_ABC', '046_CD', '046_EF', '046_GH', '047_AB', '048_G', '051_ABC', '052_ABC', '054_GH', '059_CD', '059_EF', '064_ABC', '064_GHK', '064_LMN', '065_DEF', '068_ABC', '073_ABC', '073_DEF', '081_ABC', '085_AB', '088_GH', '089_EF', '090_DEF', '091_DE', '092_DEF', '097_ABC', '098_LMN', '099_ABC', '099_GHK', '103_DEF', '104_EF', '111_AB', '111_CD', '122_DEF', '124_EF', '125_ABC', '131_AB', '133_ABC', '134_FGH', '135_ABC', '138_CD', '140_DEF', '141_AB', '143_DE', '144_AB', '144_EF', '145_ABC', '151_AB', '151_EF', '158_CD', '160_K', '171_F', '171_H', '171_L', '174_ABC', '175_DEF', '178_ABC', '182_DEF', '189_CD', '190_DEF', '199_DEF', '204_ABC', '205_ABC', '209_KL', '212_ABC', '102_EF', '132_ABC', '167_AB', '174_DEF', '160_E', '120_DEF', '124_AB', '154_ABC', '180_EFG', '200_AB', '027_DE', '027_FG', '050_ABC', '050_DEF', '054_DEF', '055_ABC', '060_DEF', '062_DEF', '085_CDE', '090_ABC', '107_ABC', '108_AB', '116_AB', '117_DE', '121_AB', '124_CD', '133_DEF', '134_KL', '146_DEF', '163_ABC', '172_DEF', '179_GH', '180_CD', '186_DEF', '195_EF', '196_ABC', '198_CD', '201_DEF', '202_ABC', '206_CD', '206_EF', '210_ABC', '182_ABC']"
03_13_23_14,0.1,"['002_G', '003_GH', '005_ABC', '006_G', '007_ABC', '007_DEF', '008_GHK', '008_LMN', '009_DEF', '010_KL', '012_CD', '014_CD', '018_DEF', '019_ABC', '020_AB', '022_AB', '022_EF', '023_DEF', '026_ABC', '030_AB', '030_GH', '033_ABC', '033_DEF', '034_EF', '037_DEF', '038_FGH', '040_ABC', '041_ABC', '041_DEF', '044_ABC', '045_ABC', '045_DEF', '046_CD', '047_CD', '048_DEF', '048_G', '051_DEF', '054_KL', '059_EF', '063_ABC', '065_DEF', '073_ABC', '075_ABC', '081_ABC', '082_ABC', '086_CD', '087_DEF', '088_KL', '090_DEF', '091_DE', '092_DEF', '093_AB', '096_ABC', '097_ABC', '099_ABC', '099_DEF', '099_GHK', '114_AB', '120_ABC', '120_GH', '125_ABC', '126_AB', '129_DEF', '133_ABC', '138_CD', '142_DEF', '144_AB', '144_CD', '145_ABC', '145_LMN', '149_DEF', '151_AB', '165_CDE', '171_K', '171_L', '171_N', '178_FGH', '179_ABC', '181_CD', '181_EF', '184_ZZZ', '189_AB', '189_EF', '190_DEF', '191_CD', '194_ABC', '194_DEF', '195_CD', '199_DEF', '205_ABC', '205_DEF', '209_KL', '213_ABC', '076_C', '093_CD', '151_CD', '170_KL', '174_DEF', '187_DEF', '201_KL', '102_MN', '120_DEF', '154_ABC', '172_GH', '200_AB', '013_EF', '028_CD', '058_ABC', '060_DEF', '070_GHK', '071_ABC', '074_GH', '085_CDE', '097_DEF', '107_ABC', '107_GHK', '109_DEF', '116_AB', '117_DE', '137_LMM', '138_AB', '139_GH', '143_C', '150_KL', '164_ABC', '169_GH', '188_DEF', '203_GHK', '205_GH', '208_ABC', '210_DEF', '213_LMN', '182_ABC']"
03_13_29_57,0.2166666666666666,"['003_DEF', '003_GH', '010_ABC', '012_CD', '016_DEF', '016_GH', '018_ABC', '022_AB', '024_DEF', '024_KL', '026_ABC', '033_DEF', '033_GH', '034_AB', '034_CD', '034_EF', '036_CD', '036_EF', '037_A', '037_DEF', '039_DEF', '041_DEF', '042_ABC', '044_ABC', '045_ABC', '046_EF', '048_G', '049_L', '059_AB', '059_CD', '059_EF', '061_ABC', '065_ABC', '065_DEF', '066_GH', '067_AB', '073_ABC', '073_DEF', '077_KL', '081_ABC', '084_ABC', '084_DEF', '085_AB', '087_DEF', '090_DEF', '091_AB', '091_DE', '092_ABC', '099_ABC', '099_GHK', '100_DEF', '101_DEF', '103_DEF', '104_EF', '111_AB', '111_CD', '115_ABC', '123_CD', '124_EF', '125_DEF', '129_DEF', '130_DEF', '131_CD', '131_EF', '136_FG', '142_DEF', '144_AB', '145_GHK', '148_DEF', '151_AB', '152_DEF', '160_K', '160_M', '160_R', '161_ABC', '171_H', '171_K', '171_L', '173_ABC', '179_ABC', '182_DEF', '185_DEF', '189_AB', '189_EF', '191_CD', '197_DEF', '199_ABC', '205_ABC', '209_ABC', '209_KL', '212_ABC', '212_DEF', '213_ABC', '102_EF', '123_EF', '139_KL', '151_CD', '197_ABC', '031_F', '102_MN', '124_AB', '154_ABC', '160_P', '168_ABC', '172_GH', '178_KL', '136_DE', '003_KL', '027_DE', '031_ABC', '050_ABC', '051_GH', '055_ABC', '060_ABC', '070_ABC', '070_DEF', '085_CDE', '085_F', '090_ABC', '095_ABC', '107_ABC', '116_AB', '130_ABC', '138_AB', '147_ABC', '150_GH', '163_ABC', '205_GH', '207_ABC', '208_ABC', '210_DEF', '210_GHK', '191_AB']"
03_13_36_40,0.7333333333333333,"['003_DEF', '003_GH', '006_ABC', '006_DEF', '008_ABC', '010_ABC', '010_GH', '014_CD', '016_DEF', '017_ABC', '019_ABC', '022_CD', '025_EF', '030_GH', '033_DEF', '033_KL', '036_CD', '037_BC', '037_DEF', '038_FGH', '039_ABC', '040_ABC', '043_CD', '044_ABC', '045_ABC', '045_DEF', '047_AB', '047_EF', '048_G', '049_ABC', '052_ABC', '054_GH', '059_CD', '061_ABC', '062_ABC', '065_DEF', '066_GH', '070_LMN', '073_ABC', '073_DEF', '074_ABC', '075_DEF', '076_ABD', '077_DEF', '080_ABC', '081_ABC', '086_AB', '087_DEF', '091_DE', '093_AB', '097_ABC', '099_ABC', '099_GHK', '101_DEF', '102_GH', '103_DEF', '104_CD', '104_EF', '108_CD', '108_EF', '110_ABC', '114_EF', '115_ABC', '123_CD', '129_ABC', '131_CD', '133_GH', '134_DE', '140_KL', '141_EF', '144_AB', '145_LMN', '148_ABC', '151_AB', '152_DEF', '159_ABC', '160_A', '160_L', '160_N', '165_AB', '167_EF', '169_DEF', '171_C', '171_E', '171_G', '176_GHK', '180_AB', '181_CD', '181_EF', '181_G', '186_ABC', '189_AB', '189_CD', '190_DEF', '191_CD', '194_ABC', '196_DE', '199_ABC', '205_ABC', '209_KL', '212_ABC', '093_CD', '161_DEF', '167_AB', '102_MN', '154_ABC', '172_GH', '028_AB', '048_ABC', '055_ABC', '060_ABC', '070_GHK', '071_KL', '085_CDE', '085_F', '087_ABC', '090_ABC', '107_ABC', '108_AB', '116_AB', '139_DEF', '143_F', '147_ABC', '162_ABC', '163_ABC', '168_DEF', '176_DEF', '193_ABCD', '196_ABC', '207_DE', '210_L', '164_DEF', '182_ABC']"
03_13_43_30,0.05,"['002_DEF', '003_GH', '005_DEF', '006_ABC', '007_ABC', '007_DEF', '009_ABC', '009_DEF', '010_GH', '012_CD', '014_CD', '015_ZZZ', '016_GH', '017_DEF', '022_AB', '022_CD', '023_DEF', '024_GH', '025_CD', '026_ABC', '027_ABC', '029_DEF', '031_DE', '033_ABC', '033_DEF', '033_GH', '034_EF', '037_DEF', '041_ABC', '042_DE', '044_ABC', '045_ABC', '046_AB', '046_CD', '047_EF', '048_G', '051_DEF', '059_AB', '062_ABC', '065_DEF', '070_LMN', '073_ABC', '074_ABC', '081_ABC', '082_ABC', '091_DE', '097_ABC', '098_LMN', '099_ABC', '099_DEF', '099_GHK', '104_CD', '108_EF', '110_DEF', '111_AB', '111_CD', '114_AB', '115_ABC', '120_ABC', '123_CD', '126_AB', '129_DEF', '131_CD', '132_DEF', '133_ABC', '134_ABC', '134_FGH', '140_DEF', '140_GH', '141_AB', '144_AB', '147_DEF', '150_ABC', '151_AB', '151_EF', '152_ABC', '155_DEF', '161_ABC', '163_DEF', '170_GH', '171_B', '178_FGH', '179_DEF', '183_DEF', '184_ZZZ', '189_AB', '190_DEF', '191_CD', '195_CD', '205_ABC', '208_DEF', '209_GH', '209_KL', '212_ABC', '076_C', '093_CD', '123_EF', '128_ABC', '171_M', '213_DEF', '154_ABC', '104_AB', '013_EF', '025_AB', '053_GH', '054_DEF', '055_ABC', '055_DEF', '057_DEF', '071_ABC', '074_DEF', '085_CDE', '085_F', '087_ABC', '107_DEF', '116_AB', '124_CD', '133_DEF', '143_F', '147_ABC', '169_GH', '193_EFG', '196_ABC', '198_CD', '202_DEF', '203_ABC', '205_GH', '206_CD', '206_EF', '208_ABC', '210_DEF', '182_ABC', '191_EFG']"
03_13_50_19,0.2666666666666666,"['003_GH', '005_ABC', '005_KL', '008_GHK', '013_AB', '016_GH', '018_ABC', '019_ABC', '020_AB', '020_CD', '022_CD', '022_EF', '024_DEF', '024_KL', '025_EF', '030_AB', '030_GH', '031_DE', '033_ABC', '033_KL', '035_GH', '037_A', '037_DEF', '038_DE', '041_DEF', '044_ABC', '044_DEF', '045_DEF', '046_CD', '047_AB', '048_G', '049_GHK', '051_DEF', '053_DEF', '059_AB', '061_DEF', '063_ABC', '065_DEF', '066_ABC', '068_ABC', '073_ABC', '074_ABC', '076_ABD', '077_DEF', '081_ABC', '086_EF', '088_ABC', '088_GH', '090_GH', '091_DE', '099_ABC', '099_GHK', '110_ABC', '111_EF', '114_AB', '115_DEF', '122_DEF', '124_EF', '127_DEF', '129_DEF', '133_GH', '134_DE', '135_ABC', '138_CD', '141_CD', '143_DE', '144_AB', '145_DEF', '145_GHK', '149_DEF', '151_AB', '151_EF', '152_ABC', '152_DEF', '158_CD', '167_CD', '170_ABC', '171_A', '171_B', '171_F', '171_H', '171_N', '179_DEF', '180_AB', '189_AB', '189_EF', '194_DEF', '199_DEF', '205_ABC', '209_KL', '212_ABC', '102_EF', '123_EF', '187_DEF', '213_DEF', '160_E', '031_F', '102_MN', '124_AB', '154_ABC', '160_P', '172_GH', '178_KL', '013_EF', '028_CD', '050_DEF', '054_ABC', '055_ABC', '062_DEF', '070_GHK', '074_DEF', '085_CDE', '090_ABC', '095_ABC', '097_DEF', '102_KL', '107_GHK', '116_AB', '139_DEF', '143_F', '153_ABC', '157_ABC', '166_DEF', '169_GH', '172_DEF', '179_GH', '198_CD', '203_LMN', '208_ABC', '210_ABC', '210_DEF', '210_L', '164_DEF']"
03_13_57_15,0.2,"['001_DEF', '002_G', '003_GH', '005_ABC', '005_KL', '008_GHK', '009_DEF', '010_ABC', '010_GH', '011_DEF', '012_CD', '013_AB', '017_ABC', '019_ABC', '020_CD', '021_ABC', '022_AB', '022_CD', '026_ABC', '030_EF', '033_DEF', '033_KL', '036_EF', '037_A', '037_DEF', '044_ABC', '046_CD', '047_AB', '047_EF', '048_G', '054_KL', '059_CD', '059_EF', '065_DEF', '066_GH', '068_ABC', '068_DEF', '071_FGH', '073_ABC', '073_DEF', '075_ABC', '077_DEF', '077_KL', '080_ABC', '081_ABC', '083_DEF', '087_DEF', '090_GH', '091_AB', '091_DE', '092_DEF', '096_ABC', '097_ABC', '098_LMN', '099_ABC', '099_GHK', '100_DEF', '101_DEF', '102_AB', '103_ABC', '104_CD', '110_DEF', '120_ABC', '122_DEF', '124_EF', '126_AB', '134_DE', '135_ABC', '138_CD', '140_ABC', '143_DE', '144_AB', '145_ABC', '151_AB', '151_EF', '152_ABC', '159_ABC', '160_K', '165_CDE', '167_CD', '171_E', '171_G', '171_L', '171_N', '176_GHK', '177_ABC', '178_ABC', '178_FGH', '181_AB', '185_ABC', '190_ABC', '190_DEF', '195_CD', '199_ABC', '205_ABC', '208_DEF', '209_KL', '161_DEF', '171_M', '174_DEF', '187_DEF', '209_DEF', '114_CD', '031_F', '154_ABC', '040_DEF', '049_DEF', '050_DEF', '057_DEF', '058_ABC', '060_DEF', '070_DEF', '072_DEF', '085_CDE', '085_F', '087_ABC', '107_DEF', '116_AB', '117_DE', '121_AB', '133_DEF', '139_DEF', '153_DEF', '155_ABC', '164_ABC', '168_DEF', '169_GH', '188_DEF', '203_ABC', '203_LMN', '206_EF', '210_GHK', '191_EFG']"
03_14_04_28,0.4333333333333333,"['001_ABC', '002_G', '003_GH', '005_ABC', '006_ABC', '006_G', '010_GH', '011_DEF', '013_AB', '016_GH', '019_DEF', '020_AB', '020_CD', '021_ABC', '023_ABC', '023_DEF', '025_CD', '025_EF', '029_ABC', '029_DEF', '030_CD', '030_EF', '032_AB', '032_EF', '032_GH', '033_DEF', '035_GH', '035_KL', '037_DEF', '041_ABC', '043_AB', '044_ABC', '046_CD', '047_AB', '048_DEF', '048_G', '049_ABC', '054_GH', '054_KL', '059_EF', '061_ABC', '061_DEF', '064_DEF', '064_GHK', '065_DEF', '073_ABC', '073_DEF', '076_EF', '080_ABC', '081_ABC', '082_DEF', '091_DE', '092_ABC', '094_DEF', '099_ABC', '099_GHK', '102_AB', '102_GH', '103_ABC', '103_DEF', '104_CD', '115_ABC', '118_ABC', '121_CD', '124_EF', '126_AB', '130_DEF', '133_ABC', '135_DEF', '136_FG', '140_DEF', '141_CD', '142_DEF', '143_DE', '144_AB', '145_ABC', '147_DEF', '148_DEF', '151_AB', '167_EF', '171_A', '175_DEF', '177_DEF', '182_DEF', '188_ABC', '191_CD', '198_AB', '199_ABC', '203_DEF', '204_ABC', '205_ABC', '209_KL', '212_ABC', '212_DEF', '080_DEF', '213_DEF', '063_DEF', '089_CD', '120_DEF', '124_AB', '154_ABC', '168_ABC', '136_DE', '024_ABC', '027_FG', '031_ABC', '035_ABC', '049_DEF', '054_DEF', '055_ABC', '062_DEF', '070_DEF', '085_CDE', '085_F', '106_ABC', '107_ABC', '109_DEF', '116_AB', '117_KL', '133_DEF', '139_DEF', '143_F', '153_ABC', '153_DEF', '169_GH', '172_DEF', '180_CD', '188_DEF', '195_EF', '203_LMN', '205_GH', '210_DEF', '213_LMN']"
03_14_11_28,0.3,"['003_ABC', '003_GH', '004_ABC', '005_ABC', '005_DEF', '005_KL', '006_ABC', '006_DEF', '007_ABC', '011_ABC', '016_GH', '017_DEF', '022_CD', '022_EF', '026_DEF', '027_HKL', '031_DE', '033_DEF', '034_AB', '035_DEF', '036_EF', '037_A', '037_DEF', '038_ABC', '038_FGH', '042_ABC', '044_ABC', '047_CD', '048_G', '065_DEF', '066_DEF', '073_ABC', '073_DEF', '077_DEF', '078_CD', '081_ABC', '082_DEF', '084_DEF', '085_AB', '086_AB', '086_CD', '087_DEF', '088_DEF', '091_AB', '091_DE', '094_DEF', '096_DEF', '098_ABC', '099_ABC', '099_GHK', '102_GH', '103_ABC', '109_ABC', '110_ABC', '110_DEF', '111_CD', '114_AB', '120_GH', '124_EF', '125_DEF', '126_AB', '129_DEF', '131_AB', '133_ABC', '133_GH', '140_GH', '144_AB', '149_DEF', '151_AB', '152_DEF', '155_DEF', '159_ABC', '160_L', '161_ABC', '163_DEF', '165_AB', '169_ABC', '170_GH', '171_C', '171_F', '171_G', '183_DEF', '189_CD', '189_EF', '194_ABC', '195_AB', '196_DE', '198_AB', '199_ABC', '204_DEF', '205_ABC', '205_KL', '209_KL', '080_DEF', '093_CD', '123_EF', '171_M', '192_ABC', '197_ABC', '213_GHK', '005_GH', '089_CD', '154_ABC', '168_ABC', '104_AB', '028_AB', '053_GH', '054_DEF', '060_ABC', '060_DEF', '072_DEF', '074_GH', '085_CDE', '097_DEF', '108_AB', '109_DEF', '116_AB', '126_CD', '137_ABC', '138_AB', '146_DEF', '162_DEF', '163_ABC', '164_ABC', '168_DEF', '179_GH', '193_ABCD', '193_EFG', '202_ABC', '203_LMN', '210_ABC', '191_AB', '191_EFG']"
03_14_18_31,0.0,"['002_ABC', '003_GH', '005_ABC', '005_DEF', '005_KL', '006_G', '008_DEF', '014_CD', '016_DEF', '017_ABC', '017_DEF', '030_EF', '030_GH', '033_KL', '036_AB', '036_CD', '037_DEF', '041_ABC', '044_ABC', '045_ABC', '045_DEF', '046_AB', '048_G', '049_GHK', '051_ABC', '058_DEF', '058_KL', '059_AB', '065_DEF', '066_DEF', '072_ABC', '073_ABC', '076_ABD', '077_ABC', '077_KL', '081_ABC', '086_AB', '088_GH', '090_GH', '091_DE', '092_ABC', '092_DEF', '094_ABC', '098_LMN', '099_ABC', '099_DEF', '099_GHK', '103_ABC', '104_CD', '104_EF', '110_DEF', '113_ABC', '114_AB', '124_EF', '125_DEF', '126_AB', '127_DEF', '131_EF', '132_DEF', '133_GH', '135_DEF', '136_FG', '138_CD', '140_ABC', '140_GH', '141_EF', '144_AB', '144_CD', '145_GHK', '151_AB', '152_DEF', '159_ABC', '159_DEF', '160_H', '169_DEF', '171_G', '178_ABC', '179_DEF', '181_CD', '181_G', '182_DEF', '185_ABC', '186_GH', '189_AB', '190_ABC', '192_DEF', '194_ABC', '196_DE', '199_DEF', '204_ABC', '205_ABC', '209_ABC', '209_GH', '209_KL', '076_C', '102_EF', '132_ABC', '167_AB', '114_CD', '031_F', '063_DEF', '154_ABC', '172_GH', '180_EFG', '104_AB', '028_CD', '031_ABC', '050_ABC', '060_DEF', '071_KL', '074_DEF', '080_G', '085_CDE', '087_ABC', '090_ABC', '107_DEF', '107_L', '116_AB', '138_AB', '146_DEF', '153_ABC', '164_ABC', '169_GH', '172_DEF', '180_CD', '195_EF', '196_ABC', '205_GH', '206_EF', '207_DE', '210_L', '113_DEF', '164_DEF']"
03_14_25_22,0.0,"['001_ABC', '002_ABC', '003_GH', '004_ABC', '006_ABC', '007_ABC', '007_DEF', '010_GH', '011_DEF', '014_AB', '015_ZZZ', '016_KL', '019_DEF', '020_AB', '020_CD', '022_CD', '025_EF', '029_DEF', '030_EF', '032_GH', '033_GH', '033_KL', '034_AB', '034_CD', '035_DEF', '036_AB', '037_A', '037_DEF', '038_DE', '042_DE', '044_ABC', '046_GH', '047_AB', '048_DEF', '048_G', '049_L', '064_GHK', '065_DEF', '066_ABC', '067_AB', '068_DEF', '073_ABC', '074_ABC', '078_CD', '081_ABC', '082_DEF', '084_DEF', '086_AB', '089_EF', '091_AB', '091_DE', '092_ABC', '094_ABC', '096_DEF', '099_ABC', '099_GHK', '103_ABC', '110_ABC', '111_EF', '113_ABC', '114_AB', '115_ABC', '124_EF', '127_DEF', '131_AB', '131_EF', '133_GH', '138_CD', '141_AB', '143_DE', '144_AB', '145_DEF', '149_DEF', '151_AB', '151_EF', '158_AB', '160_N', '165_CDE', '171_B', '171_D', '171_E', '171_F', '171_G', '179_DEF', '185_ABC', '188_ABC', '190_ABC', '194_DEF', '197_DEF', '198_AB', '198_EF', '203_DEF', '205_ABC', '209_KL', '213_ABC', '123_EF', '170_KL', '197_ABC', '209_DEF', '031_F', '102_MN', '120_DEF', '154_ABC', '168_ABC', '178_KL', '013_CD', '013_EF', '031_ABC', '048_ABC', '050_ABC', '054_ABC', '054_DEF', '056_DEF', '069_CD', '071_KL', '072_DEF', '085_CDE', '087_ABC', '102_KL', '107_ABC', '107_L', '116_AB', '117_KL', '126_CD', '137_DEF', '147_ABC', '153_ABC', '198_CD', '206_EF', '210_ABC', '210_GHK', '113_DEF', '182_ABC']"
03_14_32_17,0.4333333333333333,"['002_DEF', '002_G', '003_GH', '004_DEF', '005_DEF', '005_KL', '010_DEF', '014_AB', '017_DEF', '019_DEF', '022_AB', '022_EF', '026_ABC', '030_EF', '033_ABC', '033_GH', '034_AB', '034_CD', '037_A', '037_DEF', '040_ABC', '043_CD', '044_ABC', '045_ABC', '045_DEF', '046_EF', '048_G', '058_KL', '065_DEF', '066_GH', '068_DEF', '073_ABC', '073_DEF', '077_GH', '081_ABC', '082_DEF', '083_DEF', '086_AB', '088_GH', '088_KL', '091_DE', '092_DEF', '094_DEF', '096_ABC', '096_DEF', '098_LMN', '099_ABC', '099_GHK', '100_DEF', '101_DEF', '102_AB', '102_GH', '103_ABC', '103_DEF', '106_DEF', '110_DEF', '118_DEF', '125_DEF', '127_ABC', '129_DEF', '130_DEF', '134_ABC', '136_FG', '140_GH', '143_AB', '144_AB', '144_CD', '145_DEF', '145_GHK', '151_AB', '151_EF', '159_ABC', '160_K', '160_N', '169_ABC', '169_DEF', '171_A', '171_C', '171_K', '177_ABC', '182_DEF', '186_GH', '187_ABC', '188_ABC', '189_AB', '189_EF', '191_CD', '199_ABC', '203_DEF', '205_ABC', '209_KL', '212_DEF', '213_ABC', '151_CD', '174_DEF', '187_DEF', '114_CD', '154_ABC', '136_DE', '025_AB', '031_ABC', '048_ABC', '050_DEF', '055_ABC', '055_DEF', '056_ABC', '056_DEF', '060_ABC', '062_DEF', '071_ABC', '074_DEF', '074_GH', '085_CDE', '085_F', '097_DEF', '102_CD', '107_ABC', '107_GHK', '116_AB', '117_KL', '121_AB', '126_EF', '147_ABC', '153_DEF', '160_G', '166_DEF', '188_DEF', '198_CD', '207_ABC', '208_ABC', '210_ABC', '210_GHK', '210_L']"
03_14_39_17,0.6833333333333333,"['001_DEF', '003_GH', '006_ABC', '009_DEF', '010_ABC', '012_E', '016_DEF', '017_DEF', '019_ABC', '020_AB', '023_ABC', '025_CD', '026_ABC', '029_DEF', '030_AB', '032_CD', '033_ABC', '034_AB', '036_AB', '037_DEF', '040_ABC', '044_ABC', '046_AB', '047_CD', '048_DEF', '048_G', '051_ABC', '059_CD', '065_DEF', '066_DEF', '073_ABC', '074_ABC', '078_AB', '078_CD', '081_ABC', '083_DEF', '086_CD', '089_EF', '090_DEF', '090_GH', '091_DE', '096_ABC', '099_ABC', '099_GHK', '102_AB', '103_DEF', '108_CD', '109_ABC', '111_AB', '115_ABC', '118_DEF', '119_L', '126_AB', '129_DEF', '131_AB', '131_EF', '134_DE', '136_FG', '140_DEF', '143_AB', '144_AB', '144_CD', '150_ABC', '151_AB', '151_EF', '158_CD', '159_DEF', '165_AB', '167_EF', '170_GH', '171_E', '171_G', '171_K', '171_N', '173_ABC', '177_ABC', '178_FGH', '181_EF', '181_G', '190_DEF', '194_ABC', '203_DEF', '204_ABC', '204_DEF', '205_ABC', '209_KL', '093_CD', '098_GHK', '123_EF', '151_CD', '156_ABC', '167_AB', '031_F', '102_MN', '120_DEF', '154_ABC', '166_ABC', '172_GH', '027_FG', '028_AB', '050_ABC', '050_DEF', '054_DEF', '055_DEF', '058_ABC', '062_DEF', '072_DEF', '074_DEF', '085_CDE', '097_DEF', '107_ABC', '107_DEF', '107_GHK', '107_L', '108_AB', '116_AB', '124_CD', '139_GH', '153_ABC', '153_DEF', '162_ABC', '163_ABC', '168_DEF', '169_GH', '179_GH', '180_CD', '193_EFG', '201_DEF', '206_EF', '213_LMN', '078_EF', '191_AB', '191_EFG']"
03_14_46_09,0.9666666666666668,"['001_ABC', '002_ABC', '003_GH', '005_DEF', '008_LMN', '009_ABC', '010_ABC', '012_CD', '012_E', '013_AB', '015_ZZZ', '016_ABC', '022_AB', '024_GH', '025_CD', '025_EF', '030_CD', '036_CD', '037_BC', '037_DEF', '038_ABC', '038_FGH', '044_ABC', '045_ABC', '045_DEF', '046_AB', '046_CD', '046_EF', '046_GH', '048_G', '051_DEF', '061_DEF', '064_DEF', '065_DEF', '066_GH', '068_DEF', '073_ABC', '073_DEF', '074_ABC', '076_ABD', '077_ABC', '081_ABC', '083_ABC', '087_DEF', '088_ABC', '091_DE', '092_ABC', '097_ABC', '099_ABC', '099_GHK', '100_DEF', '104_CD', '105_ABC', '108_CD', '111_AB', '119_GHK', '119_L', '120_GH', '122_DEF', '124_EF', '126_AB', '127_DEF', '128_DEF', '131_CD', '131_EF', '133_ABC', '133_GH', '134_ABC', '134_FGH', '141_EF', '142_ABC', '143_AB', '143_DE', '144_AB', '144_CD', '144_EF', '145_ABC', '149_DEF', '150_ABC', '151_AB', '159_ABC', '161_ABC', '165_AB', '169_ABC', '171_C', '171_L', '172_ABC', '172_KL', '176_ABC', '180_AB', '181_CD', '185_DEF', '187_ABC', '189_AB', '189_CD', '191_CD', '194_ABC', '195_AB', '198_AB', '205_ABC', '208_DEF', '209_KL', '123_EF', '187_DEF', '213_DEF', '031_F', '154_ABC', '013_EF', '048_ABC', '060_DEF', '072_DEF', '080_G', '085_CDE', '095_ABC', '107_DEF', '108_AB', '109_DEF', '116_AB', '119_DEF', '124_CD', '126_EF', '147_ABC', '150_GH', '153_ABC', '160_D', '164_ABC', '168_DEF', '193_ABCD', '206_CD', '210_DEF', '213_LMN', '113_DEF', '182_ABC']"
03_14_53_09,0.2833333333333333,"['001_ABC', '001_DEF', '002_G', '003_GH', '007_ABC', '007_DEF', '009_ABC', '013_AB', '014_CD', '016_DEF', '017_DEF', '023_ABC', '032_EF', '033_DEF', '034_AB', '036_CD', '036_EF', '037_DEF', '043_AB', '044_ABC', '044_DEF', '045_ABC', '046_AB', '047_CD', '048_G', '049_GHK', '051_DEF', '054_KL', '059_CD', '062_ABC', '064_GHK', '065_ABC', '065_DEF', '068_ABC', '070_LMN', '073_ABC', '074_ABC', '075_ABC', '075_DEF', '077_DEF', '080_ABC', '081_ABC', '083_ABC', '084_DEF', '085_AB', '086_CD', '088_DEF', '090_GH', '091_DE', '092_ABC', '092_DEF', '099_ABC', '099_GHK', '100_DEF', '101_DEF', '109_ABC', '110_ABC', '110_DEF', '111_AB', '111_EF', '120_GH', '125_ABC', '128_KL', '131_CD', '140_GH', '144_AB', '145_GHK', '145_LMN', '150_ABC', '151_AB', '152_ABC', '152_DEF', '159_ABC', '160_M', '163_DEF', '171_G', '171_H', '171_K', '171_L', '178_FGH', '181_AB', '181_EF', '181_G', '186_GH', '188_ABC', '189_EF', '191_CD', '198_AB', '198_EF', '199_ABC', '199_DEF', '205_ABC', '205_DEF', '209_KL', '080_DEF', '102_EF', '151_CD', '171_M', '192_ABC', '213_GHK', '063_DEF', '069_E', '120_DEF', '154_ABC', '166_ABC', '136_DE', '013_CD', '025_AB', '054_DEF', '055_DEF', '062_DEF', '070_ABC', '072_DEF', '074_GH', '085_CDE', '095_DEF', '097_DEF', '100_ABC', '105_GHK', '116_AB', '121_AB', '124_CD', '133_DEF', '143_C', '147_ABC', '166_DEF', '169_GH', '172_DEF', '179_GH', '201_ABC', '202_ABC', '210_L', '213_LMN']"
03_15_00_22,0.3,"['003_DEF', '003_GH', '005_KL', '006_DEF', '006_G', '009_ABC', '010_DEF', '012_CD', '016_DEF', '017_ABC', '019_ABC', '022_AB', '023_ABC', '026_ABC', '030_AB', '030_EF', '030_GH', '033_DEF', '033_KL', '037_DEF', '038_ABC', '040_ABC', '043_AB', '043_CD', '044_ABC', '048_G', '053_ABC', '065_DEF', '066_ABC', '073_ABC', '073_DEF', '074_ABC', '077_GH', '080_ABC', '081_ABC', '082_ABC', '083_ABC', '088_ABC', '091_DE', '094_ABC', '094_DEF', '099_ABC', '099_GHK', '101_ABC', '102_AB', '105_ABC', '108_CD', '109_ABC', '113_ABC', '118_ABC', '118_DEF', '120_ABC', '120_GH', '121_CD', '128_GH', '129_ABC', '133_GH', '140_KL', '142_ABC', '142_DEF', '143_AB', '144_AB', '145_DEF', '151_AB', '151_EF', '152_DEF', '158_CD', '160_K', '165_CDE', '169_DEF', '170_ABC', '171_D', '171_E', '172_KL', '175_DEF', '177_DEF', '182_DEF', '185_ABC', '191_CD', '196_DE', '198_EF', '199_DEF', '203_DEF', '204_DEF', '205_ABC', '208_DEF', '209_KL', '213_ABC', '102_EF', '171_M', '174_DEF', '197_ABC', '069_E', '117_ABC', '120_DEF', '154_ABC', '172_GH', '180_EFG', '136_DE', '200_AB', '013_CD', '013_EF', '025_AB', '027_FG', '048_ABC', '049_DEF', '051_GH', '070_ABC', '070_DEF', '071_ABC', '085_CDE', '102_KL', '107_ABC', '108_AB', '116_AB', '139_ABC', '139_GH', '155_ABC', '163_ABC', '164_ABC', '195_EF', '198_CD', '202_ABC', '202_DEF', '203_GHK', '206_EF', '207_FG', '210_GHK', '213_LMN', '113_DEF', '164_DEF', '182_ABC', '191_AB']"
03_15_07_13,0.0,"['001_ABC', '002_G', '003_GH', '004_LMN', '011_DEF', '012_AB', '016_ABC', '020_CD', '024_DEF', '027_ABC', '029_DEF', '030_AB', '031_DE', '033_ABC', '035_GH', '036_CD', '037_DEF', '042_DE', '044_ABC', '045_ABC', '046_CD', '046_GH', '048_DEF', '048_G', '054_KL', '058_GH', '059_CD', '061_DEF', '064_GHK', '065_DEF', '066_ABC', '072_ABC', '073_ABC', '073_DEF', '076_ABD', '077_KL', '081_ABC', '081_DEF', '082_DEF', '085_AB', '088_ABC', '088_DEF', '090_DEF', '091_AB', '091_DE', '094_DEF', '099_ABC', '099_GHK', '100_DEF', '101_DEF', '104_EF', '110_DEF', '113_ABC', '115_DEF', '118_ABC', '120_ABC', '121_CD', '127_ABC', '129_DEF', '134_ABC', '140_DEF', '140_GH', '140_KL', '142_DEF', '143_AB', '143_DE', '144_AB', '145_LMN', '146_ABC', '151_AB', '158_AB', '160_A', '161_ABC', '165_CDE', '167_CD', '169_ABC', '171_B', '171_K', '171_N', '176_GHK', '180_AB', '181_EF', '181_G', '185_ABC', '185_DEF', '194_ABC', '198_EF', '199_ABC', '204_DEF', '205_ABC', '205_KL', '209_KL', '212_DEF', '213_ABC', '080_DEF', '093_CD', '119_ABC', '151_CD', '156_ABC', '161_DEF', '187_DEF', '213_GHK', '005_GH', '124_AB', '154_ABC', '104_AB', '136_DE', '028_AB', '031_ABC', '049_DEF', '050_ABC', '051_GH', '054_ABC', '070_ABC', '072_DEF', '085_CDE', '095_ABC', '097_DEF', '107_ABC', '108_AB', '112_DEF', '116_AB', '134_KL', '147_ABC', '163_ABC', '172_DEF', '193_EFG', '196_ABC', '206_CD', '210_ABC', '210_DEF', '210_GHK', '078_EF']"
03_15_13_54,0.1833333333333333,"['003_GH', '004_GHK', '006_ABC', '010_ABC', '011_ABC', '014_EF', '016_DEF', '016_GH', '016_KL', '018_ABC', '018_DEF', '020_CD', '022_CD', '029_DEF', '030_AB', '030_CD', '033_ABC', '033_KL', '034_AB', '035_KL', '036_AB', '036_EF', '037_DEF', '038_ABC', '042_ABC', '043_AB', '043_CD', '044_ABC', '045_ABC', '046_CD', '048_DEF', '048_G', '051_ABC', '059_CD', '059_EF', '061_DEF', '065_DEF', '066_GH', '073_ABC', '077_DEF', '078_CD', '081_ABC', '083_DEF', '084_DEF', '086_CD', '091_DE', '098_ABC', '099_ABC', '099_GHK', '103_DEF', '104_CD', '106_DEF', '108_CD', '108_EF', '110_DEF', '111_AB', '111_CD', '111_EF', '115_DEF', '120_ABC', '120_GH', '121_CD', '123_CD', '125_DEF', '132_DEF', '136_FG', '140_DEF', '141_AB', '141_EF', '143_AB', '144_AB', '144_CD', '145_ABC', '145_GHK', '148_DEF', '149_DEF', '151_AB', '152_ABC', '152_DEF', '158_AB', '160_L', '160_N', '171_D', '171_G', '173_DE', '178_DE', '185_DEF', '189_EF', '190_DEF', '191_CD', '192_DEF', '194_ABC', '198_AB', '199_ABC', '204_ABC', '205_ABC', '209_KL', '212_DEF', '089_AB', '123_EF', '161_DEF', '174_DEF', '187_DEF', '114_CD', '005_GH', '089_CD', '120_DEF', '124_AB', '154_ABC', '160_P', '172_GH', '013_EF', '028_AB', '048_ABC', '049_DEF', '050_DEF', '054_DEF', '071_ABC', '071_DE', '085_CDE', '107_ABC', '116_AB', '126_CD', '134_KL', '147_ABC', '150_KL', '153_DEF', '188_DEF', '196_ABC', '206_CD', '210_ABC', '210_L', '213_LMN']"
03_15_20_42,0.0,"['003_GH', '006_G', '007_ABC', '007_DEF', '010_ABC', '010_GH', '011_DEF', '022_AB', '022_CD', '023_DEF', '024_KL', '026_ABC', '037_DEF', '038_DE', '040_ABC', '041_DEF', '042_ABC', '044_ABC', '044_DEF', '046_CD', '048_DEF', '048_G', '049_GHK', '061_DEF', '062_ABC', '064_GHK', '065_DEF', '066_DEF', '072_ABC', '073_ABC', '074_ABC', '081_ABC', '081_DEF', '087_DEF', '088_GH', '088_KL', '090_DEF', '090_GH', '091_DE', '092_ABC', '093_AB', '096_ABC', '099_ABC', '099_GHK', '102_GH', '104_CD', '105_ABC', '108_CD', '111_AB', '111_EF', '118_DEF', '121_CD', '126_AB', '129_ABC', '129_DEF', '132_DEF', '133_ABC', '133_GH', '134_ABC', '140_DEF', '141_CD', '144_AB', '144_CD', '145_GHK', '148_ABC', '148_DEF', '151_AB', '158_CD', '161_ABC', '165_CDE', '170_ABC', '170_GH', '171_G', '178_ABC', '179_ABC', '180_AB', '184_ZZZ', '186_GH', '189_EF', '191_CD', '198_AB', '198_EF', '203_DEF', '204_ABC', '204_DEF', '205_ABC', '209_KL', '102_EF', '132_ABC', '151_CD', '171_M', '174_DEF', '192_ABC', '213_DEF', '213_GHK', '089_CD', '102_MN', '154_ABC', '183_ABC', '104_AB', '028_CD', '051_GH', '054_ABC', '060_DEF', '070_ABC', '070_DEF', '074_DEF', '085_CDE', '087_ABC', '095_DEF', '097_DEF', '100_ABC', '102_KL', '107_L', '116_AB', '119_DEF', '121_AB', '126_CD', '126_EF', '134_KL', '137_ABC', '143_F', '146_DEF', '153_ABC', '160_D', '164_ABC', '168_DEF', '186_DEF', '193_EFG', '205_GH', '207_FG', '210_GHK', '210_L']"
03_15_27_29,0.0,"['002_DEF', '003_GH', '006_DEF', '008_DEF', '008_GHK', '009_ABC', '010_ABC', '010_DEF', '020_CD', '021_ABC', '023_ABC', '026_ABC', '026_DEF', '029_DEF', '030_GH', '036_CD', '036_EF', '037_A', '037_DEF', '038_ABC', '041_DEF', '043_CD', '044_ABC', '045_ABC', '045_DEF', '046_EF', '047_EF', '048_G', '049_GHK', '049_L', '051_ABC', '051_DEF', '052_ABC', '054_KL', '062_ABC', '063_ABC', '065_DEF', '066_DEF', '073_ABC', '077_DEF', '078_CD', '080_ABC', '081_ABC', '083_ABC', '085_AB', '087_DEF', '090_DEF', '091_AB', '091_DE', '094_ABC', '096_DEF', '099_ABC', '099_DEF', '099_GHK', '101_DEF', '108_EF', '110_DEF', '111_AB', '115_DEF', '131_AB', '132_DEF', '134_ABC', '135_DEF', '136_FG', '140_DEF', '141_AB', '143_AB', '144_AB', '145_DEF', '146_ABC', '147_DEF', '150_ABC', '151_AB', '154_CD', '156_DEF', '158_CD', '160_L', '160_M', '161_ABC', '169_ABC', '171_C', '171_D', '174_ABC', '177_ABC', '177_DEF', '178_FGH', '179_DEF', '181_CD', '181_EF', '182_DEF', '183_DEF', '189_AB', '194_DEF', '198_AB', '199_DEF', '204_DEF', '205_ABC', '209_KL', '089_AB', '119_ABC', '139_KL', '151_CD', '102_MN', '154_ABC', '160_P', '168_ABC', '136_DE', '200_AB', '013_EF', '027_DE', '028_AB', '028_CD', '050_DEF', '054_ABC', '055_DEF', '060_ABC', '060_DEF', '070_DEF', '074_GH', '085_CDE', '090_ABC', '109_DEF', '112_DEF', '116_AB', '124_CD', '134_KL', '137_DEF', '143_C', '153_ABC', '153_DEF', '163_ABC', '169_GH', '205_GH']"
03_15_34_18,0.1833333333333333,"['001_ABC', '003_GH', '005_ABC', '009_DEF', '010_GH', '012_CD', '012_E', '016_ABC', '016_DEF', '016_GH', '019_ABC', '022_AB', '022_CD', '022_EF', '023_DEF', '029_DEF', '030_CD', '030_GH', '033_ABC', '034_AB', '034_EF', '037_BC', '037_DEF', '041_DEF', '043_AB', '044_ABC', '045_DEF', '046_EF', '046_GH', '047_AB', '047_CD', '047_EF', '048_DEF', '048_G', '049_ABC', '052_DEF', '058_DEF', '058_KL', '064_GHK', '065_DEF', '066_ABC', '066_DEF', '073_ABC', '073_DEF', '074_ABC', '076_ABD', '077_DEF', '077_KL', '081_ABC', '082_DEF', '089_EF', '090_DEF', '091_AB', '091_DE', '092_DEF', '098_ABC', '099_ABC', '099_GHK', '100_DEF', '108_EF', '115_ABC', '125_ABC', '127_ABC', '131_EF', '134_ABC', '134_DE', '135_DEF', '138_CD', '140_ABC', '144_AB', '144_EF', '145_DEF', '145_GHK', '147_DEF', '151_AB', '158_CD', '159_DEF', '160_C', '161_ABC', '167_EF', '170_ABC', '171_L', '172_ABC', '176_ABC', '178_DE', '181_CD', '184_ZZZ', '189_CD', '189_EF', '191_CD', '194_DEF', '196_DE', '198_EF', '204_ABC', '205_ABC', '205_DEF', '205_KL', '208_DEF', '209_KL', '080_DEF', '132_ABC', '197_ABC', '213_GHK', '160_E', '120_DEF', '124_AB', '154_ABC', '172_GH', '180_EFG', '183_ABC', '136_DE', '013_EF', '025_AB', '027_DE', '027_FG', '031_ABC', '048_ABC', '054_ABC', '060_ABC', '071_DE', '072_DEF', '085_CDE', '085_F', '087_ABC', '102_CD', '107_ABC', '116_AB', '130_ABC', '146_DEF', '186_DEF', '203_ABC', '207_FG', '078_EF']"
03_15_41_02,0.0,"['001_DEF', '003_GH', '005_DEF', '005_KL', '007_ABC', '007_DEF', '010_ABC', '012_AB', '012_CD', '019_DEF', '021_ABC', '022_AB', '025_EF', '030_EF', '032_GH', '033_DEF', '036_AB', '036_EF', '037_DEF', '040_ABC', '041_ABC', '042_DE', '043_AB', '043_CD', '044_ABC', '044_DEF', '045_ABC', '048_G', '049_GHK', '051_DEF', '059_AB', '059_CD', '061_DEF', '065_DEF', '070_LMN', '071_FGH', '073_ABC', '075_ABC', '077_KL', '081_ABC', '083_DEF', '085_AB', '086_AB', '086_EF', '087_DEF', '089_EF', '090_GH', '091_DE', '093_AB', '094_DEF', '097_ABC', '098_ABC', '099_ABC', '099_DEF', '099_GHK', '104_EF', '108_EF', '109_ABC', '110_ABC', '111_CD', '113_ABC', '118_DEF', '121_CD', '122_DEF', '125_ABC', '127_DEF', '129_DEF', '133_GH', '135_ABC', '140_KL', '143_DE', '144_AB', '145_GHK', '148_DEF', '150_DEF', '151_AB', '156_DEF', '160_M', '163_DEF', '167_CD', '170_DEF', '171_H', '173_ABC', '175_ABC', '177_ABC', '182_DEF', '184_ZZZ', '185_ABC', '187_ABC', '188_ABC', '190_DEF', '198_AB', '204_ABC', '204_DEF', '205_ABC', '209_KL', '080_DEF', '119_ABC', '132_ABC', '139_KL', '174_DEF', '187_DEF', '197_ABC', '201_KL', '005_GH', '031_F', '154_ABC', '166_ABC', '168_ABC', '172_GH', '178_KL', '031_ABC', '055_ABC', '056_ABC', '062_DEF', '070_GHK', '080_G', '085_CDE', '087_ABC', '090_ABC', '100_ABC', '107_DEF', '109_DEF', '116_AB', '138_AB', '143_F', '146_DEF', '164_ABC', '168_DEF', '172_DEF', '198_CD', '201_ABC', '206_EF']"
03_15_47_51,0.6666666666666666,"['001_ABC', '002_ABC', '003_GH', '005_ABC', '005_DEF', '006_G', '010_GH', '012_AB', '014_AB', '014_CD', '016_KL', '019_ABC', '025_EF', '026_ABC', '028_EF', '031_DE', '033_ABC', '034_AB', '034_EF', '035_GH', '036_EF', '037_BC', '037_DEF', '038_ABC', '038_FGH', '042_ABC', '042_DE', '043_AB', '044_ABC', '047_AB', '047_CD', '048_G', '052_ABC', '059_EF', '063_ABC', '065_DEF', '066_DEF', '067_AB', '073_ABC', '077_DEF', '077_GH', '081_ABC', '090_DEF', '091_DE', '094_ABC', '099_ABC', '099_GHK', '102_GH', '104_CD', '111_AB', '115_DEF', '118_ABC', '121_CD', '123_CD', '127_DEF', '129_ABC', '129_DEF', '131_EF', '134_DE', '140_ABC', '140_DEF', '140_GH', '141_EF', '142_ABC', '144_AB', '145_DEF', '149_DEF', '151_AB', '156_DEF', '160_M', '161_ABC', '167_CD', '169_ABC', '169_DEF', '171_L', '175_ABC', '176_ABC', '178_DE', '180_AB', '181_AB', '181_CD', '185_ABC', '188_ABC', '190_DEF', '191_CD', '194_DEF', '199_ABC', '199_DEF', '204_ABC', '205_ABC', '209_KL', '212_DEF', '174_DEF', '201_KL', '031_F', '089_CD', '120_DEF', '154_ABC', '168_ABC', '025_AB', '035_ABC', '048_ABC', '054_ABC', '055_ABC', '057_ABC', '057_DEF', '058_ABC', '070_GHK', '071_DE', '074_GH', '085_CDE', '087_ABC', '095_DEF', '107_ABC', '116_AB', '117_FGH', '126_CD', '126_EF', '130_ABC', '147_ABC', '150_KL', '179_GH', '186_DEF', '198_CD', '201_GH', '205_GH', '206_EF', '208_ABC', '210_ABC', '210_DEF', '210_GHK', '213_LMN', '078_EF']"
03_15_54_37,0.15,"['001_ABC', '001_DEF', '003_GH', '006_G', '010_ABC', '012_E', '014_AB', '014_EF', '016_GH', '018_DEF', '020_AB', '023_ABC', '025_EF', '026_ABC', '026_DEF', '030_AB', '030_GH', '033_KL', '034_AB', '036_AB', '036_EF', '037_DEF', '041_ABC', '041_DEF', '043_AB', '044_ABC', '045_ABC', '046_AB', '048_G', '049_L', '062_ABC', '065_DEF', '066_GH', '071_FGH', '073_ABC', '075_DEF', '081_ABC', '082_ABC', '086_AB', '088_DEF', '091_AB', '091_DE', '094_DEF', '096_ABC', '099_ABC', '099_GHK', '101_DEF', '102_AB', '103_ABC', '105_ABC', '111_CD', '111_EF', '115_ABC', '118_ABC', '118_DEF', '121_CD', '125_ABC', '125_DEF', '126_AB', '127_DEF', '129_ABC', '129_DEF', '133_ABC', '135_DEF', '142_DEF', '143_DE', '144_AB', '147_DEF', '150_DEF', '151_AB', '152_ABC', '152_DEF', '158_CD', '160_C', '160_H', '165_CDE', '169_ABC', '171_B', '171_F', '171_H', '171_L', '173_FGH', '173_KL', '175_DEF', '179_DEF', '198_AB', '204_ABC', '205_ABC', '205_DEF', '208_DEF', '209_ABC', '209_KL', '080_DEF', '102_EF', '156_ABC', '161_DEF', '174_DEF', '187_DEF', '197_ABC', '031_F', '089_CD', '154_ABC', '172_GH', '180_EFG', '104_AB', '136_DE', '027_DE', '050_DEF', '054_DEF', '055_ABC', '055_DEF', '056_ABC', '057_ABC', '060_ABC', '062_DEF', '070_DEF', '072_DEF', '085_CDE', '116_AB', '121_AB', '126_EF', '150_GH', '179_GH', '188_DEF', '193_EFG', '196_ABC', '201_GH', '202_ABC', '206_EF', '210_GHK', '213_LMN', '113_DEF', '164_DEF']"
03_16_01_30,0.1166666666666666,"['001_DEF', '003_GH', '008_GHK', '010_GH', '012_CD', '014_AB', '014_EF', '016_GH', '016_KL', '017_ABC', '018_ABC', '022_AB', '022_EF', '023_DEF', '024_DEF', '025_CD', '031_DE', '033_ABC', '037_DEF', '040_ABC', '041_DEF', '042_DE', '044_ABC', '046_CD', '047_EF', '048_G', '053_DEF', '059_AB', '061_ABC', '062_ABC', '064_LMN', '065_DEF', '066_ABC', '066_DEF', '070_LMN', '073_ABC', '073_DEF', '076_EF', '077_KL', '081_ABC', '083_DEF', '084_DEF', '086_EF', '087_DEF', '090_DEF', '091_DE', '092_DEF', '094_DEF', '099_ABC', '099_DEF', '099_GHK', '103_DEF', '104_EF', '108_EF', '112_ABC', '121_CD', '126_AB', '129_ABC', '129_DEF', '131_AB', '132_DEF', '133_GH', '135_ABC', '141_EF', '143_AB', '143_DE', '144_AB', '145_LMN', '148_DEF', '151_AB', '151_EF', '152_ABC', '155_DEF', '158_CD', '161_ABC', '165_CDE', '167_CD', '169_ABC', '171_H', '171_K', '171_N', '173_ABC', '174_ABC', '176_GHK', '177_ABC', '189_EF', '195_CD', '198_AB', '198_EF', '199_ABC', '204_DEF', '205_ABC', '209_KL', '212_ABC', '093_CD', '102_EF', '132_ABC', '151_CD', '170_KL', '171_M', '174_DEF', '197_ABC', '213_GHK', '201_KL', '117_ABC', '154_ABC', '178_KL', '013_CD', '048_ABC', '055_DEF', '060_ABC', '070_DEF', '071_ABC', '072_DEF', '085_CDE', '085_F', '095_ABC', '102_KL', '105_DEF', '107_GHK', '107_L', '108_AB', '116_AB', '124_CD', '162_ABC', '169_GH', '188_DEF', '193_ABCD', '202_DEF', '203_ABC', '205_GH', '182_ABC', '191_AB']"
03_16_08_14,0.0166666666666666,"['003_GH', '005_KL', '010_GH', '010_KL', '012_AB', '015_ZZZ', '016_DEF', '016_GH', '019_DEF', '020_CD', '024_DEF', '025_EF', '027_ABC', '030_CD', '030_GH', '032_GH', '033_DEF', '034_CD', '036_EF', '037_BC', '037_DEF', '042_DE', '044_ABC', '046_EF', '048_G', '051_DEF', '052_DEF', '059_CD', '059_EF', '063_ABC', '065_ABC', '065_DEF', '072_ABC', '073_ABC', '074_ABC', '075_ABC', '075_DEF', '076_EF', '078_CD', '081_ABC', '086_CD', '090_DEF', '090_GH', '091_DE', '092_ABC', '093_AB', '099_ABC', '099_GHK', '102_AB', '103_DEF', '111_CD', '111_EF', '114_AB', '120_GH', '123_CD', '124_EF', '125_ABC', '126_AB', '129_DEF', '130_DEF', '136_FG', '138_CD', '140_ABC', '140_GH', '144_AB', '145_DEF', '145_GHK', '151_AB', '152_DEF', '165_AB', '169_ABC', '170_ABC', '170_DEF', '171_A', '171_B', '171_D', '171_N', '172_KL', '174_ABC', '178_DE', '180_AB', '181_AB', '181_EF', '184_ZZZ', '191_CD', '196_DE', '197_DEF', '198_AB', '205_ABC', '209_KL', '212_ABC', '213_ABC', '089_AB', '102_EF', '123_EF', '151_CD', '171_M', '213_DEF', '102_MN', '154_ABC', '166_ABC', '183_ABC', '104_AB', '025_AB', '028_CD', '050_DEF', '051_GH', '054_ABC', '055_DEF', '085_CDE', '087_ABC', '090_ABC', '098_DEF', '107_GHK', '108_AB', '116_AB', '121_AB', '126_EF', '133_DEF', '143_F', '147_ABC', '153_ABC', '155_ABC', '160_D', '166_DEF', '179_GH', '196_ABC', '202_ABC', '203_ABC', '205_GH', '206_CD', '210_DEF', '191_EFG']"
03_16_15_07,0.4666666666666667,"['001_DEF', '002_G', '003_GH', '004_DEF', '005_ABC', '005_KL', '007_ABC', '008_LMN', '009_ABC', '010_DEF', '010_GH', '010_KL', '012_CD', '014_EF', '018_DEF', '019_ABC', '020_AB', '022_EF', '023_ABC', '024_DEF', '024_GH', '025_CD', '026_DEF', '030_AB', '030_GH', '033_ABC', '035_DEF', '037_A', '037_DEF', '041_ABC', '044_ABC', '045_DEF', '046_AB', '047_AB', '048_DEF', '048_G', '054_KL', '058_DEF', '059_AB', '059_CD', '065_ABC', '065_DEF', '068_DEF', '073_ABC', '073_DEF', '076_EF', '077_GH', '081_ABC', '082_ABC', '082_DEF', '083_ABC', '083_DEF', '085_AB', '086_CD', '090_DEF', '091_DE', '093_AB', '099_ABC', '099_GHK', '101_ABC', '102_AB', '103_ABC', '108_EF', '111_CD', '111_EF', '120_ABC', '121_CD', '126_AB', '134_FGH', '136_FG', '140_DEF', '140_KL', '142_ABC', '144_AB', '151_AB', '152_ABC', '156_DEF', '159_DEF', '160_B', '167_EF', '171_A', '171_F', '171_G', '171_N', '172_KL', '174_ABC', '177_ABC', '178_ABC', '178_FGH', '181_G', '185_ABC', '189_EF', '194_ABC', '195_CD', '198_AB', '199_DEF', '205_ABC', '208_DEF', '209_KL', '212_ABC', '212_DEF', '213_ABC', '080_DEF', '128_ABC', '197_ABC', '114_CD', '154_ABC', '160_P', '183_ABC', '104_AB', '013_CD', '040_DEF', '050_ABC', '054_ABC', '062_DEF', '069_F', '070_DEF', '085_CDE', '095_ABC', '108_AB', '116_AB', '117_DE', '124_CD', '130_ABC', '143_C', '163_ABC', '164_ABC', '168_DEF', '193_EFG', '202_ABC', '203_ABC', '210_ABC', '164_DEF']"
03_16_21_59,0.3166666666666666,"['001_ABC', '002_ABC', '003_GH', '004_LMN', '005_KL', '010_GH', '012_CD', '015_ZZZ', '016_ABC', '016_GH', '017_DEF', '019_DEF', '020_CD', '022_AB', '023_ABC', '023_DEF', '026_ABC', '027_HKL', '030_EF', '030_GH', '032_GH', '033_KL', '034_AB', '036_EF', '037_DEF', '038_DE', '042_ABC', '043_CD', '044_ABC', '045_ABC', '046_AB', '046_EF', '048_DEF', '048_G', '049_GHK', '049_L', '051_ABC', '054_GH', '058_GH', '061_ABC', '065_DEF', '066_DEF', '073_ABC', '077_GH', '081_ABC', '084_ABC', '088_DEF', '091_AB', '091_DE', '096_ABC', '098_ABC', '099_ABC', '099_DEF', '099_GHK', '100_DEF', '102_GH', '103_DEF', '104_CD', '115_ABC', '118_ABC', '118_DEF', '119_L', '120_ABC', '122_DEF', '127_DEF', '131_AB', '133_ABC', '134_DE', '134_FGH', '140_ABC', '141_CD', '144_AB', '147_DEF', '148_ABC', '149_DEF', '151_AB', '160_A', '165_CDE', '167_EF', '171_N', '172_KL', '173_ABC', '177_ABC', '177_DEF', '179_ABC', '182_DEF', '185_ABC', '194_DEF', '197_DEF', '203_DEF', '205_ABC', '208_DEF', '209_KL', '212_DEF', '213_ABC', '089_AB', '102_EF', '213_DEF', '160_E', '005_GH', '124_AB', '154_ABC', '168_ABC', '183_ABC', '136_DE', '200_AB', '013_EF', '025_AB', '048_ABC', '051_GH', '055_DEF', '072_DEF', '074_DEF', '085_CDE', '095_DEF', '100_ABC', '102_CD', '108_AB', '109_DEF', '116_AB', '117_FGH', '137_GHK', '146_DEF', '150_KL', '153_DEF', '195_EF', '201_DEF', '202_ABC', '203_ABC', '207_DE', '210_L', '213_LMN', '164_DEF']"
03_16_28_52,0.5,"['001_ABC', '003_GH', '007_ABC', '008_ABC', '010_DEF', '012_AB', '013_AB', '018_DEF', '020_AB', '023_DEF', '024_DEF', '024_GH', '025_CD', '029_ABC', '033_KL', '034_AB', '035_GH', '036_AB', '036_EF', '037_DEF', '038_ABC', '038_DE', '039_ABC', '039_DEF', '044_ABC', '045_ABC', '046_CD', '047_EF', '048_G', '059_AB', '062_ABC', '065_ABC', '065_DEF', '068_DEF', '072_ABC', '073_ABC', '074_ABC', '077_KL', '081_ABC', '082_DEF', '083_ABC', '085_AB', '091_DE', '093_AB', '098_ABC', '099_ABC', '099_GHK', '102_AB', '108_CD', '108_EF', '111_CD', '115_DEF', '118_ABC', '129_ABC', '131_AB', '133_ABC', '134_ABC', '134_DE', '134_FGH', '138_CD', '141_CD', '142_ABC', '144_AB', '145_DEF', '147_DEF', '148_DEF', '151_AB', '152_ABC', '158_AB', '158_CD', '160_B', '160_H', '163_DEF', '165_CDE', '167_CD', '167_EF', '169_DEF', '170_GH', '178_ABC', '178_DE', '180_AB', '181_AB', '184_ZZZ', '185_DEF', '186_GH', '196_DE', '198_EF', '205_ABC', '205_DEF', '209_KL', '102_EF', '161_DEF', '171_M', '213_GHK', '063_DEF', '102_MN', '154_ABC', '172_GH', '183_ABC', '028_AB', '031_ABC', '035_ABC', '050_ABC', '050_DEF', '053_GH', '054_DEF', '055_ABC', '055_DEF', '057_ABC', '062_DEF', '069_F', '070_ABC', '074_GH', '085_CDE', '090_ABC', '107_DEF', '116_AB', '126_EF', '146_DEF', '153_ABC', '163_ABC', '180_CD', '193_ABCD', '202_DEF', '203_ABC', '205_GH', '206_CD', '206_EF', '210_ABC', '210_L', '078_EF', '182_ABC', '191_AB']"
03_16_35_47,0.5166666666666667,"['001_ABC', '003_GH', '006_G', '010_ABC', '010_DEF', '014_CD', '014_EF', '016_ABC', '019_ABC', '020_CD', '026_ABC', '028_EF', '030_AB', '030_EF', '030_GH', '032_CD', '034_AB', '034_EF', '036_EF', '037_DEF', '044_ABC', '046_EF', '047_EF', '048_G', '051_ABC', '052_ABC', '058_DEF', '058_KL', '059_EF', '061_DEF', '065_DEF', '066_GH', '068_DEF', '070_LMN', '073_ABC', '077_ABC', '077_GH', '081_ABC', '082_DEF', '084_DEF', '086_EF', '089_EF', '090_GH', '091_DE', '096_DEF', '097_ABC', '098_LMN', '099_ABC', '099_GHK', '101_ABC', '103_ABC', '104_EF', '111_CD', '111_EF', '113_ABC', '115_ABC', '118_DEF', '133_ABC', '134_DE', '134_FGH', '135_DEF', '144_AB', '145_ABC', '145_GHK', '147_DEF', '148_ABC', '151_AB', '151_EF', '152_DEF', '155_DEF', '158_CD', '160_M', '165_AB', '169_ABC', '171_D', '171_E', '171_G', '172_KL', '175_ABC', '178_DE', '179_DEF', '181_AB', '181_CD', '182_DEF', '185_ABC', '185_DEF', '190_ABC', '194_DEF', '198_AB', '198_EF', '199_ABC', '199_DEF', '205_ABC', '208_DEF', '209_KL', '123_EF', '192_ABC', '197_ABC', '102_MN', '154_ABC', '168_ABC', '172_GH', '136_DE', '025_AB', '031_ABC', '035_ABC', '048_ABC', '051_GH', '060_ABC', '070_GHK', '071_KL', '085_CDE', '085_F', '100_ABC', '107_ABC', '109_DEF', '116_AB', '133_DEF', '134_KL', '137_DEF', '137_GHK', '139_ABC', '139_DEF', '143_C', '143_F', '155_ABC', '160_D', '166_DEF', '169_GH', '198_CD', '203_GHK', '203_LMN', '210_GHK']"
03_16_42_43,0.1,"['001_ABC', '002_G', '003_GH', '006_ABC', '007_ABC', '007_DEF', '008_ABC', '008_DEF', '010_GH', '016_KL', '020_AB', '020_CD', '021_DEF', '023_ABC', '023_DEF', '028_EF', '032_CD', '033_ABC', '034_AB', '037_DEF', '038_ABC', '041_DEF', '044_ABC', '047_EF', '048_G', '049_ABC', '051_ABC', '051_DEF', '052_ABC', '053_ABC', '054_GH', '059_EF', '061_ABC', '062_ABC', '064_ABC', '065_DEF', '068_ABC', '068_DEF', '073_ABC', '073_DEF', '077_ABC', '079_DEF', '081_ABC', '082_ABC', '086_EF', '087_DEF', '091_DE', '092_ABC', '093_AB', '094_ABC', '096_ABC', '099_ABC', '099_DEF', '099_GHK', '102_GH', '110_ABC', '111_AB', '113_ABC', '120_ABC', '121_CD', '127_DEF', '128_KL', '130_DEF', '135_DEF', '136_FG', '140_DEF', '144_AB', '148_ABC', '148_DEF', '149_DEF', '151_AB', '156_DEF', '159_ABC', '160_H', '165_CDE', '167_CD', '169_ABC', '170_ABC', '171_A', '171_C', '171_D', '171_G', '172_KL', '174_ABC', '175_ABC', '181_AB', '181_CD', '181_G', '186_ABC', '194_ABC', '205_ABC', '209_KL', '211_ZZZ', '212_ABC', '213_ABC', '102_EF', '156_ABC', '167_AB', '063_DEF', '102_MN', '154_ABC', '172_GH', '013_CD', '028_CD', '040_DEF', '048_ABC', '051_GH', '054_ABC', '056_ABC', '058_ABC', '060_ABC', '060_DEF', '062_DEF', '070_DEF', '074_DEF', '085_CDE', '087_ABC', '102_CD', '107_ABC', '107_DEF', '107_L', '108_AB', '116_AB', '124_CD', '126_CD', '130_ABC', '163_ABC', '180_CD', '206_CD', '113_DEF', '164_DEF', '191_AB', '191_EFG']"
03_16_49_32,0.5666666666666667,"['002_DEF', '002_G', '003_DEF', '003_GH', '005_ABC', '008_GHK', '010_DEF', '013_AB', '014_EF', '016_ABC', '016_DEF', '017_DEF', '019_DEF', '020_AB', '022_EF', '025_EF', '026_ABC', '026_DEF', '031_DE', '034_AB', '034_CD', '036_AB', '037_A', '037_BC', '037_DEF', '038_DE', '039_ABC', '040_ABC', '041_DEF', '043_AB', '044_ABC', '045_ABC', '046_EF', '048_DEF', '048_G', '051_DEF', '058_KL', '061_DEF', '065_ABC', '065_DEF', '073_ABC', '075_ABC', '077_ABC', '077_DEF', '077_GH', '081_ABC', '084_ABC', '088_KL', '091_AB', '091_DE', '092_DEF', '093_AB', '099_ABC', '099_GHK', '101_ABC', '101_DEF', '102_AB', '102_GH', '103_DEF', '105_ABC', '109_ABC', '110_DEF', '111_EF', '113_ABC', '121_CD', '122_DEF', '125_DEF', '129_ABC', '129_DEF', '131_AB', '131_EF', '133_ABC', '134_DE', '134_FGH', '140_KL', '142_DEF', '144_AB', '145_DEF', '151_AB', '159_DEF', '160_N', '160_R', '171_A', '171_B', '174_ABC', '177_ABC', '178_FGH', '181_AB', '181_CD', '181_G', '184_ZZZ', '185_ABC', '195_CD', '205_ABC', '209_KL', '212_ABC', '102_EF', '132_ABC', '171_M', '213_GHK', '154_ABC', '160_P', '178_KL', '200_AB', '025_AB', '028_CD', '031_ABC', '049_DEF', '050_DEF', '051_GH', '054_ABC', '055_DEF', '056_ABC', '058_ABC', '071_ABC', '071_DE', '080_G', '085_CDE', '090_ABC', '100_ABC', '116_AB', '126_CD', '150_GH', '153_ABC', '166_DEF', '198_CD', '203_ABC', '206_EF', '210_ABC', '210_L', '213_LMN', '113_DEF', '191_EFG']"
03_16_56_29,0.7333333333333333,"['001_ABC', '003_GH', '005_ABC', '007_DEF', '008_GHK', '012_AB', '014_AB', '017_DEF', '018_ABC', '022_EF', '024_GH', '026_ABC', '029_DEF', '033_KL', '034_CD', '036_EF', '037_DEF', '038_ABC', '040_ABC', '041_ABC', '041_DEF', '042_ABC', '043_AB', '044_ABC', '046_AB', '046_GH', '047_AB', '047_CD', '048_DEF', '048_G', '052_ABC', '058_KL', '061_DEF', '063_ABC', '065_DEF', '072_ABC', '073_ABC', '076_ABD', '077_ABC', '077_KL', '081_ABC', '082_ABC', '082_DEF', '083_ABC', '083_DEF', '084_ABC', '091_DE', '092_DEF', '094_ABC', '096_DEF', '097_ABC', '099_ABC', '099_DEF', '099_GHK', '102_AB', '103_ABC', '110_ABC', '110_DEF', '111_AB', '111_CD', '111_EF', '118_DEF', '123_CD', '127_ABC', '132_DEF', '141_AB', '142_ABC', '142_DEF', '144_AB', '145_ABC', '145_LMN', '148_ABC', '151_AB', '151_EF', '152_DEF', '155_DEF', '170_ABC', '171_C', '171_H', '175_ABC', '178_ABC', '180_AB', '189_EF', '190_DEF', '195_AB', '196_DE', '198_AB', '204_DEF', '205_ABC', '205_DEF', '209_GH', '209_KL', '093_CD', '128_ABC', '167_AB', '171_M', '197_ABC', '213_GHK', '063_DEF', '089_CD', '102_MN', '124_AB', '154_ABC', '160_P', '180_EFG', '013_EF', '028_CD', '055_DEF', '062_DEF', '069_CD', '069_F', '070_DEF', '072_DEF', '085_CDE', '100_ABC', '105_DEF', '107_ABC', '116_AB', '121_AB', '130_ABC', '137_DEF', '153_ABC', '153_DEF', '172_DEF', '188_DEF', '193_ABCD', '196_ABC', '198_CD', '203_ABC', '203_LMN', '207_FG', '210_GHK', '191_EFG']"
03_17_03_13,0.3,"['002_DEF', '003_DEF', '003_GH', '009_ABC', '010_GH', '011_DEF', '012_CD', '016_KL', '019_DEF', '022_CD', '024_DEF', '026_DEF', '030_AB', '030_CD', '030_EF', '032_EF', '034_CD', '035_DEF', '036_AB', '036_EF', '037_BC', '037_DEF', '042_ABC', '044_ABC', '046_GH', '048_G', '051_ABC', '051_DEF', '054_GH', '059_AB', '059_EF', '062_ABC', '064_LMN', '065_DEF', '068_DEF', '073_ABC', '073_DEF', '076_EF', '077_DEF', '080_ABC', '081_ABC', '082_ABC', '083_ABC', '083_DEF', '084_ABC', '087_DEF', '091_DE', '093_AB', '099_ABC', '099_GHK', '102_AB', '102_GH', '115_DEF', '121_CD', '124_EF', '127_ABC', '127_DEF', '129_DEF', '131_AB', '131_EF', '133_ABC', '134_DE', '136_FG', '138_CD', '141_AB', '144_AB', '145_GHK', '151_AB', '151_EF', '160_H', '167_EF', '170_GH', '171_G', '178_DE', '178_FGH', '179_ABC', '180_AB', '181_CD', '185_ABC', '185_DEF', '186_GH', '188_ABC', '189_AB', '189_CD', '190_DEF', '191_CD', '199_ABC', '204_DEF', '205_ABC', '208_DEF', '209_KL', '212_ABC', '213_ABC', '089_AB', '093_CD', '102_EF', '119_ABC', '132_ABC', '161_DEF', '167_AB', '197_ABC', '005_GH', '120_DEF', '154_ABC', '178_KL', '183_ABC', '013_CD', '070_GHK', '074_DEF', '074_GH', '085_CDE', '100_ABC', '102_CD', '107_ABC', '107_DEF', '108_AB', '116_AB', '117_FGH', '121_AB', '126_CD', '134_KL', '143_C', '147_ABC', '153_DEF', '157_ABC', '179_GH', '180_CD', '201_DEF', '202_DEF', '207_ABC', '207_DE', '210_DEF', '182_ABC']"
03_17_09_49,0.2,"['002_G', '003_GH', '008_ABC', '012_AB', '012_E', '013_AB', '014_AB', '014_CD', '016_ABC', '016_DEF', '017_ABC', '017_DEF', '019_DEF', '023_DEF', '026_ABC', '026_DEF', '029_DEF', '030_AB', '030_CD', '031_DE', '034_AB', '035_KL', '037_A', '037_DEF', '041_ABC', '041_DEF', '042_ABC', '044_ABC', '046_GH', '048_DEF', '048_G', '054_GH', '058_KL', '059_CD', '059_EF', '061_DEF', '065_DEF', '066_GH', '068_DEF', '073_ABC', '081_ABC', '083_ABC', '086_AB', '091_DE', '094_DEF', '099_ABC', '099_GHK', '100_DEF', '101_ABC', '104_CD', '109_ABC', '111_EF', '113_ABC', '115_ABC', '119_L', '120_GH', '121_CD', '128_DEF', '131_AB', '131_EF', '133_ABC', '135_ABC', '140_ABC', '140_DEF', '140_GH', '143_DE', '144_AB', '145_DEF', '145_LMN', '150_DEF', '151_AB', '156_DEF', '158_CD', '159_DEF', '160_B', '161_ABC', '167_CD', '171_G', '171_L', '173_DE', '177_ABC', '179_ABC', '181_CD', '181_G', '182_DEF', '190_DEF', '194_DEF', '198_AB', '204_DEF', '205_ABC', '209_ABC', '209_KL', '212_ABC', '212_DEF', '128_ABC', '132_ABC', '151_CD', '161_DEF', '167_AB', '171_M', '114_CD', '154_ABC', '160_P', '172_GH', '178_KL', '200_AB', '013_EF', '035_ABC', '048_ABC', '051_GH', '054_DEF', '058_ABC', '060_DEF', '062_DEF', '070_DEF', '085_CDE', '087_ABC', '095_DEF', '097_DEF', '098_DEF', '109_DEF', '116_AB', '124_CD', '133_DEF', '134_KL', '143_F', '164_ABC', '179_GH', '180_CD', '193_EFG', '203_GHK', '207_FG', '208_ABC']"
03_17_16_35,0.1666666666666666,"['003_GH', '005_ABC', '005_KL', '006_G', '008_ABC', '008_DEF', '012_CD', '014_AB', '014_EF', '016_KL', '017_DEF', '018_ABC', '019_ABC', '020_CD', '022_CD', '022_EF', '030_CD', '032_CD', '032_EF', '033_GH', '034_CD', '034_EF', '036_CD', '037_DEF', '041_ABC', '043_AB', '044_ABC', '048_G', '049_ABC', '061_ABC', '061_DEF', '063_ABC', '065_DEF', '068_ABC', '073_ABC', '075_ABC', '077_ABC', '077_DEF', '078_CD', '081_ABC', '082_ABC', '083_ABC', '083_DEF', '085_AB', '086_EF', '087_DEF', '091_DE', '096_DEF', '099_ABC', '099_GHK', '100_DEF', '103_DEF', '104_CD', '104_EF', '110_DEF', '111_EF', '124_EF', '129_DEF', '131_EF', '133_ABC', '133_GH', '135_ABC', '136_FG', '140_ABC', '141_CD', '144_AB', '144_CD', '145_DEF', '145_GHK', '150_DEF', '151_AB', '152_ABC', '159_DEF', '160_L', '167_CD', '167_EF', '171_B', '171_C', '171_F', '171_H', '172_ABC', '178_DE', '178_FGH', '180_AB', '181_AB', '185_DEF', '187_ABC', '189_CD', '189_EF', '190_ABC', '198_AB', '198_EF', '204_ABC', '204_DEF', '205_ABC', '208_DEF', '209_KL', '213_ABC', '080_DEF', '089_AB', '151_CD', '167_AB', '171_M', '197_ABC', '213_DEF', '213_GHK', '063_DEF', '154_ABC', '168_ABC', '172_GH', '003_KL', '048_ABC', '050_ABC', '054_ABC', '054_DEF', '062_DEF', '070_DEF', '071_KL', '085_CDE', '098_DEF', '106_ABC', '116_AB', '119_DEF', '126_EF', '150_GH', '153_DEF', '193_EFG', '201_GH', '203_GHK', '210_DEF', '078_EF', '182_ABC', '191_EFG']"
03_17_23_17,0.0666666666666666,"['002_DEF', '002_G', '003_GH', '010_GH', '012_CD', '012_E', '014_AB', '014_EF', '016_GH', '016_KL', '018_DEF', '019_DEF', '029_DEF', '030_CD', '030_EF', '030_GH', '034_EF', '037_A', '037_DEF', '038_ABC', '038_FGH', '041_ABC', '043_CD', '044_ABC', '046_EF', '047_EF', '048_G', '049_L', '051_DEF', '052_DEF', '059_CD', '059_EF', '061_DEF', '065_DEF', '066_ABC', '066_GH', '072_ABC', '073_ABC', '075_ABC', '077_KL', '078_CD', '081_ABC', '085_AB', '087_DEF', '088_GH', '091_DE', '097_ABC', '099_ABC', '099_GHK', '101_DEF', '113_ABC', '119_GHK', '121_CD', '124_EF', '125_ABC', '128_DEF', '130_DEF', '131_CD', '131_EF', '135_DEF', '136_FG', '141_EF', '144_AB', '145_ABC', '145_GHK', '145_LMN', '148_DEF', '149_DEF', '151_AB', '152_DEF', '158_CD', '159_ABC', '171_F', '171_H', '171_K', '173_DE', '175_ABC', '177_ABC', '178_DE', '178_FGH', '184_ZZZ', '190_ABC', '190_DEF', '196_DE', '198_AB', '198_EF', '199_ABC', '205_ABC', '208_DEF', '209_KL', '080_DEF', '119_ABC', '123_EF', '174_DEF', '160_E', '005_GH', '031_F', '089_CD', '120_DEF', '154_ABC', '168_ABC', '172_GH', '178_KL', '024_ABC', '031_ABC', '040_DEF', '049_DEF', '055_ABC', '057_ABC', '060_ABC', '062_DEF', '069_F', '071_KL', '080_G', '085_CDE', '087_ABC', '097_DEF', '107_DEF', '107_GHK', '116_AB', '143_F', '153_ABC', '153_DEF', '157_ABC', '168_DEF', '180_CD', '188_DEF', '193_EFG', '196_ABC', '201_ABC', '205_GH', '207_DE', '210_ABC']"
03_17_30_09,0.2,"['002_DEF', '003_GH', '005_KL', '006_ABC', '006_G', '007_ABC', '010_ABC', '010_DEF', '011_DEF', '012_E', '020_CD', '022_AB', '023_ABC', '023_DEF', '025_EF', '029_DEF', '030_AB', '032_EF', '033_ABC', '035_KL', '036_CD', '037_A', '037_DEF', '038_ABC', '038_FGH', '043_AB', '044_ABC', '045_DEF', '046_AB', '046_GH', '047_CD', '048_G', '049_GHK', '052_DEF', '058_KL', '059_EF', '061_DEF', '063_ABC', '065_DEF', '066_ABC', '071_FGH', '072_ABC', '073_ABC', '080_ABC', '081_ABC', '082_ABC', '084_DEF', '086_AB', '086_CD', '087_DEF', '090_GH', '091_DE', '099_ABC', '099_DEF', '099_GHK', '100_DEF', '102_GH', '104_EF', '111_EF', '114_EF', '115_DEF', '119_GHK', '125_ABC', '136_FG', '140_ABC', '144_AB', '144_CD', '148_ABC', '151_AB', '151_EF', '152_ABC', '152_DEF', '158_CD', '159_ABC', '159_DEF', '161_ABC', '171_E', '171_F', '171_H', '171_N', '178_ABC', '179_DEF', '181_AB', '181_CD', '184_ZZZ', '185_DEF', '189_EF', '191_CD', '196_DE', '198_EF', '204_DEF', '205_ABC', '209_KL', '089_AB', '132_ABC', '213_GHK', '201_KL', '063_DEF', '069_AB', '102_MN', '124_AB', '154_ABC', '178_KL', '180_EFG', '183_ABC', '025_AB', '050_ABC', '050_DEF', '057_ABC', '060_ABC', '062_DEF', '069_F', '070_ABC', '070_GHK', '072_DEF', '074_GH', '085_CDE', '087_ABC', '095_DEF', '116_AB', '119_DEF', '133_DEF', '137_DEF', '143_F', '147_ABC', '153_DEF', '172_DEF', '176_DEF', '179_GH', '186_DEF', '195_EF', '208_ABC', '191_EFG']"
