slide_id,pos_x,pos_y,on_bg,on_blur,on_dist,patch_lvl,patch_size
001_ABC,79363,200115,0.53509521484375,66.41710980026983,23.56966145833333,0,256
001_ABC,79363,200371,0.9918212890625,95.33843967225404,59.85967000325521,0,256
001_ABC,79619,198835,0.776092529296875,100.40067835128866,42.70593770345052,0,256
001_ABC,79619,199091,0.810699462890625,95.2655124196317,45.26243591308594,0,256
001_ABC,79619,199347,0.965301513671875,97.98868465423584,55.19009399414063,0,256
001_ABC,79619,199603,0.9151153564453124,138.29739981121384,38.340423583984375,0,256
001_ABC,79619,199859,0.8623199462890625,101.66178324446082,38.50161743164063,0,256
001_ABC,79619,200115,0.8450164794921875,86.37549966550432,35.8761240641276,0,256
001_ABC,79619,200371,0.9181976318359376,78.61927812895738,36.806488037109375,0,256
001_ABC,79875,198323,0.7197418212890625,62.34058583690785,50.85143025716146,0,256
001_ABC,79875,198579,0.9908294677734376,84.90362691041082,44.84452819824219,0,256
001_ABC,79875,198835,0.993865966796875,71.27623201697133,72.5213623046875,0,256
001_ABC,79875,199091,0.9899444580078124,68.10210372484289,58.93152872721354,0,256
001_ABC,79875,199347,0.997772216796875,92.01553753670304,66.36351013183594,0,256
001_ABC,79875,199603,1.0,114.1818900553044,47.47319539388021,0,256
001_ABC,79875,199859,0.9942474365234376,109.2562492452562,43.88776652018229,0,256
001_ABC,79875,200115,0.791961669921875,83.64875441766344,29.14159647623698,0,256
001_ABC,79875,200371,0.98541259765625,92.41204497125,35.10395304361979,0,256
001_ABC,80131,197811,0.6334686279296875,67.08728816732764,24.274439493815105,0,256
001_ABC,80131,198067,0.95123291015625,68.65589812374674,34.270426432291664,0,256
001_ABC,80131,198323,0.9991455078125,65.54779333528131,41.5057118733724,0,256
001_ABC,80131,198579,0.946502685546875,78.18688569380902,44.77066040039063,0,256
001_ABC,80131,198835,0.736663818359375,78.9046130774077,34.11492919921875,0,256
001_ABC,80131,199091,0.8845367431640625,99.87327444716357,52.63397725423177,0,256
001_ABC,80131,199347,0.9993743896484376,113.9072163021192,47.75592041015625,0,256
001_ABC,80131,199603,0.99273681640625,110.86319231591187,35.91954040527344,0,256
001_ABC,80131,199859,0.9958953857421876,121.28786946437322,36.490814208984375,0,256
001_ABC,80131,200115,0.9878387451171876,103.70676432549952,45.07501220703125,0,256
001_ABC,80131,200371,0.911895751953125,93.47043937421404,33.501068115234375,0,256
001_ABC,80387,197811,1.0,60.05502313375473,57.33533732096354,0,256
001_ABC,80387,198067,0.9996337890625,95.2384719417896,40.3893076578776,0,256
001_ABC,80387,198323,0.964447021484375,94.48327751248144,48.47065734863281,0,256
001_ABC,80387,198579,0.676177978515625,81.41551614715718,29.27887471516927,0,256
001_ABC,80387,198835,0.6514129638671875,68.476591527462,47.70258076985677,0,256
001_ABC,80387,199091,0.5201873779296875,63.78682754933834,30.674468994140625,0,256
001_ABC,80387,199347,0.424652099609375,81.99956098548137,18.288253784179688,0,256
001_ABC,80387,199603,0.1264190673828125,58.57897363603115,10.681126912434896,0,256
001_ABC,80387,199859,0.12200927734375,56.67279666662216,9.807861328125,0,256
001_ABC,80387,200115,0.2071380615234375,60.16540911211632,11.594868977864584,0,256
001_ABC,80387,200371,0.27362060546875,77.39985619392246,13.327067057291666,0,256
001_ABC,80643,197555,0.8905792236328125,64.71996818482876,34.60844930013021,0,256
001_ABC,80643,197811,0.9960784912109376,85.01086995541118,37.495513916015625,0,256
001_ABC,80643,198067,0.8482818603515625,84.41626744507812,44.82577006022135,0,256
001_ABC,80643,198323,0.07537841796875,54.135877502849326,10.370997111002604,0,256
001_ABC,80899,197555,0.987060546875,63.30071913823485,38.65349833170573,0,256
001_ABC,80899,197811,0.9728546142578124,81.74174222885631,35.419281005859375,0,256
001_ABC,80899,198067,0.5570220947265625,91.37021231651306,19.97529602050781,0,256
001_ABC,80899,198323,0.0,51.025194419315085,6.893096923828125,0,256
001_ABC,81155,197555,0.98724365234375,77.09328566491604,30.167063395182293,0,256
001_ABC,81155,197811,0.97479248046875,102.70649360027164,33.884918212890625,0,256
001_ABC,81155,198067,0.970855712890625,90.9856748150196,51.41470336914063,0,256
001_ABC,81155,198323,0.048126220703125,50.50717609724961,7.5617523193359375,0,256
001_ABC,81411,197555,0.9960479736328124,62.96724382578395,30.06890360514323,0,256
001_ABC,81411,197811,0.9757232666015624,71.96531337499619,29.70580037434896,0,256
001_ABC,81411,198067,0.978851318359375,78.94896873435937,33.76091003417969,0,256
001_ABC,81411,198323,0.1632843017578125,58.42531358799897,13.48047892252604,0,256
001_ABC,81667,197555,0.993438720703125,61.27089591976255,30.909520467122395,0,256
001_ABC,81667,197811,0.9893035888671876,69.99492715462111,33.239715576171875,0,256
001_ABC,81667,198067,0.9887237548828124,74.92097407742403,31.08434549967448,0,256
001_ABC,81667,198323,0.354583740234375,62.60852052993141,20.51880391438802,0,256
001_ABC,81923,197555,0.995269775390625,58.78508627042174,32.33722432454427,0,256
001_ABC,81923,197811,0.9979248046875,77.53152184095234,31.317703247070312,0,256
001_ABC,81923,198067,0.9863433837890624,78.08425198402256,26.628219604492188,0,256
001_ABC,81923,198323,0.2977752685546875,63.029888450866565,16.023691813151043,0,256
001_ABC,82179,197555,0.9998779296875,67.8898258768022,39.87599182128906,0,256
001_ABC,82179,197811,1.0,69.14460805407725,40.36127217610677,0,256
001_ABC,82179,198067,0.992950439453125,92.05619406700134,27.42760721842448,0,256
001_ABC,82179,198323,0.1344451904296875,66.50198299344629,13.423324584960938,0,256
001_ABC,82435,197555,0.99957275390625,76.08014730899595,43.53836568196615,0,256
001_ABC,82435,197811,0.998992919921875,64.61457995232195,45.22616068522135,0,256
001_ABC,82435,198067,0.9933929443359376,76.13973737414926,38.54054260253906,0,256
001_ABC,82435,198323,0.36553955078125,77.4384518971201,17.319366455078125,0,256
001_ABC,82691,197555,0.9560699462890624,100.98560019931756,35.922871907552086,0,256
001_ABC,82691,197811,0.9988555908203124,68.07009414490312,41.92619323730469,0,256
001_ABC,82691,198067,0.996002197265625,75.79352677590214,38.57479349772135,0,256
001_ABC,82691,198323,0.420562744140625,86.78383039287291,19.287424723307293,0,256
001_ABC,82947,197555,0.7368011474609375,88.9769996961113,27.89842732747396,0,256
001_ABC,82947,197811,0.998321533203125,83.79791305377148,36.32583618164063,0,256
001_ABC,82947,198067,0.9900970458984376,112.1873615195509,32.19903564453125,0,256
001_ABC,82947,198323,0.3641510009765625,84.05819501890801,17.636255900065105,0,256
001_ABC,83203,197811,0.93548583984375,131.7856029344257,30.230367024739586,0,256
001_ABC,83203,198067,0.30621337890625,102.83879079087636,18.973973592122395,0,256
001_ABC,32321,187183,0.3559417724609375,85.45266385283321,17.951365152994793,0,256
001_ABC,32321,187439,0.576080322265625,98.47031452483498,25.66461181640625,0,256
001_ABC,32321,187695,0.37408447265625,73.97225803136826,15.573257446289062,0,256
001_ABC,32321,187951,0.63983154296875,96.26078679016793,34.649027506510414,0,256
001_ABC,32321,188207,0.8731842041015625,141.8392264386639,35.86907958984375,0,256
001_ABC,32321,188463,0.9701690673828124,138.33277864544652,53.6656494140625,0,256
001_ABC,32321,188719,0.9878082275390624,160.90219305362552,45.47770690917969,0,256
001_ABC,32321,188975,0.8698272705078125,134.47731241211295,31.543813069661457,0,256
001_ABC,32321,189231,0.82659912109375,131.93015340622514,31.47149658203125,0,256
001_ABC,32321,189487,0.4439697265625,98.62200051452965,23.68371073404948,0,256
001_ABC,32577,187183,0.54864501953125,57.0360396169126,26.738937377929688,0,256
001_ABC,32577,187439,0.7701568603515625,74.9373380234465,37.38261413574219,0,256
001_ABC,32577,187695,0.6933135986328125,66.32800505287014,25.63738505045573,0,256
001_ABC,32577,187951,0.99462890625,77.10345742013305,54.1315663655599,0,256
001_ABC,32577,188207,0.9810638427734376,98.3501797085628,39.60728454589844,0,256
001_ABC,32577,188463,0.956146240234375,123.35819978802463,37.98718770345052,0,256
001_ABC,32577,188719,0.992034912109375,117.40122184134088,40.26600646972656,0,256
001_ABC,32577,188975,0.9662322998046876,97.90262399613856,37.83075459798177,0,256
001_ABC,32577,189231,0.9495391845703124,81.46372985839844,33.111968994140625,0,256
001_ABC,32577,189487,0.9626617431640624,87.04687699582428,37.04617818196615,0,256
001_ABC,32577,189743,0.9716339111328124,100.69406674802303,38.75401814778646,0,256
001_ABC,32577,189999,0.992828369140625,103.16807460784912,34.524251302083336,0,256
001_ABC,32577,190255,0.8276214599609375,87.81421945896,25.900477091471355,0,256
001_ABC,32833,187183,0.921295166015625,56.80234866193496,49.77001444498698,0,256
001_ABC,32833,187439,0.7684173583984375,67.82714765425771,39.86561075846354,0,256
001_ABC,32833,187695,0.92919921875,74.21218881919049,30.03113301595052,0,256
001_ABC,32833,187951,0.939300537109375,78.55194006022066,32.897440592447914,0,256
001_ABC,32833,188207,0.839019775390625,80.4122921442613,31.425745646158852,0,256
001_ABC,32833,188463,0.9434661865234376,75.57032201974653,45.982747395833336,0,256
001_ABC,32833,188719,0.998779296875,89.0286797946319,39.16079711914063,0,256
001_ABC,32833,188975,0.91668701171875,87.01013956964016,36.59978739420573,0,256
001_ABC,32833,189231,0.922332763671875,86.09787152707577,37.37332661946615,0,256
001_ABC,32833,189487,0.9945831298828124,75.5795526409056,31.834177652994796,0,256
001_ABC,32833,189743,0.90325927734375,79.60282118222676,31.51263427734375,0,256
001_ABC,32833,189999,0.9940948486328124,71.2650644145906,29.86032613118489,0,256
001_ABC,32833,190255,1.0,86.72055062069558,40.27064005533854,0,256
001_ABC,32833,190511,0.51116943359375,70.67722978978418,22.008433024088543,0,256
001_ABC,33089,187183,0.812042236328125,76.34823491773568,37.652852376302086,0,256
001_ABC,33089,187439,0.96728515625,86.00603125034831,37.96867879231771,0,256
001_ABC,33089,187695,0.9364471435546876,79.95956097147427,36.2129160563151,0,256
001_ABC,33089,187951,0.9402313232421876,78.0968731706962,36.43266296386719,0,256
001_ABC,33089,188207,0.8978729248046875,79.72814905433916,38.7668202718099,0,256
001_ABC,33089,188463,0.952117919921875,89.67716956045479,32.79810078938802,0,256
001_ABC,33089,188719,0.8896331787109375,95.50729024317116,30.331125895182293,0,256
001_ABC,33089,188975,0.993408203125,80.82291478454135,36.663421630859375,0,256
001_ABC,33089,189231,0.9995880126953124,86.23894304037094,31.462259928385414,0,256
001_ABC,33089,189487,0.93658447265625,93.10969977732748,31.345347086588543,0,256
001_ABC,33089,189743,0.9278564453125,82.42696486413479,30.65100606282552,0,256
001_ABC,33089,189999,0.9463958740234376,86.23739556130022,32.58159383138021,0,256
001_ABC,33089,190255,0.63775634765625,71.03609985648654,20.96380615234375,0,256
001_ABC,33089,190511,0.356719970703125,55.97959680831991,16.882888793945312,0,256
001_ABC,33345,187183,0.8218231201171875,75.04818812361918,36.7100575764974,0,256
001_ABC,33345,187439,0.9485931396484376,78.67049986030906,41.81776936848959,0,256
001_ABC,33345,187695,0.9711151123046876,95.21486200368965,38.2211659749349,0,256
001_ABC,33345,187951,0.9936676025390624,101.58660184964538,35.22721862792969,0,256
001_ABC,33345,188207,0.998504638671875,117.57012775167824,37.67291259765625,0,256
001_ABC,33345,188463,0.981201171875,98.91799561469816,36.01041158040365,0,256
001_ABC,33345,188719,0.9632110595703124,92.22425105795264,34.242777506510414,0,256
001_ABC,33345,188975,0.8410797119140625,80.7955351525452,30.223790486653645,0,256
001_ABC,33345,189231,0.7993316650390625,78.30847465409897,28.546127319335938,0,256
001_ABC,33345,189487,0.79156494140625,72.50078949495219,47.4537607828776,0,256
001_ABC,33345,189743,0.329925537109375,60.280379531672224,16.74213155110677,0,256
001_ABC,33345,189999,0.634307861328125,76.56786206155084,33.1611073811849,0,256
001_ABC,33345,190255,0.7714080810546875,80.61582938372158,26.604904174804688,0,256
001_ABC,33345,190511,0.2030487060546875,59.805756110465154,11.271347045898438,0,256
001_ABC,33601,187183,0.95599365234375,71.96096667810343,45.56014506022135,0,256
001_ABC,33601,187439,0.9067535400390624,71.18224120140076,36.497090657552086,0,256
001_ABC,33601,187695,0.920013427734375,81.74457244738005,34.95750935872396,0,256
001_ABC,33601,187951,0.9758453369140624,92.10878693684936,33.497823079427086,0,256
001_ABC,33601,188207,0.956024169921875,108.94073310284875,35.5697021484375,0,256
001_ABC,33601,188463,0.9151611328125,114.50346650090069,35.30980428059896,0,256
001_ABC,33601,188719,0.969940185546875,123.1332047486212,29.891764322916668,0,256
001_ABC,33601,188975,0.9855499267578124,80.50858148094267,36.43140665690104,0,256
001_ABC,33601,189231,0.80938720703125,71.99712716694921,30.61626688639323,0,256
001_ABC,33601,189487,0.5772857666015625,66.42105706385337,25.17345682779948,0,256
001_ABC,33601,189743,0.24151611328125,50.27403410896659,16.307403564453125,0,256
001_ABC,33601,189999,0.3037261962890625,57.35951848863624,15.94360860188802,0,256
001_ABC,33601,190255,0.8055419921875,84.5072625791654,33.56026204427084,0,256
001_ABC,33601,190511,0.8050994873046875,86.54840129776858,37.70729064941406,0,256
001_ABC,33857,187183,0.8001251220703125,82.72553848079406,32.036600748697914,0,256
001_ABC,33857,187439,0.76763916015625,86.22612357139587,30.55889383951823,0,256
001_ABC,33857,187695,0.87451171875,101.69792286213487,37.49522908528646,0,256
001_ABC,33857,187951,0.98638916015625,94.12182548618875,36.71651204427084,0,256
001_ABC,33857,188207,0.991455078125,108.93607064872047,37.31157938639323,0,256
001_ABC,33857,188463,0.958282470703125,127.0480316868052,38.029296875,0,256
001_ABC,33857,188719,0.9578094482421876,123.13686881959438,33.0842539469401,0,256
001_ABC,33857,188975,0.8701019287109375,86.43956590420566,29.574869791666668,0,256
001_ABC,33857,189231,0.9512176513671876,86.04823940619826,36.13416544596354,0,256
001_ABC,33857,189487,0.8924560546875,93.16521209478378,30.834884643554688,0,256
001_ABC,33857,189743,0.559112548828125,72.04182055499405,21.759328206380207,0,256
001_ABC,33857,189999,0.095672607421875,44.92265528975986,8.770650227864584,0,256
001_ABC,33857,190255,0.5294189453125,77.39384919567965,18.659205118815105,0,256
001_ABC,33857,190511,0.6537322998046875,84.01751360646449,22.65509541829427,0,256
001_ABC,34113,187183,0.7990570068359375,81.82112892321311,31.44612630208333,0,256
001_ABC,34113,187439,0.85693359375,98.46257002069616,32.43841552734375,0,256
001_ABC,34113,187695,0.8689117431640625,90.34004204696976,36.46601867675781,0,256
001_ABC,34113,187951,0.9130706787109376,86.86559974006377,42.96754455566406,0,256
001_ABC,34113,188207,0.9869842529296876,118.47292369604112,40.04639180501302,0,256
001_ABC,34113,188463,0.9541473388671876,149.5791818422731,38.87606302897135,0,256
001_ABC,34113,188719,0.9907989501953124,112.1839201094117,34.021748860677086,0,256
001_ABC,34113,188975,0.9823455810546876,110.29504762566648,34.30596923828125,0,256
001_ABC,34113,189231,0.6096649169921875,85.69990722811781,22.123850504557293,0,256
001_ABC,34113,189487,0.8217315673828125,97.18060298170894,29.50697326660156,0,256
001_ABC,34113,189743,0.8582611083984375,101.33640011772512,31.26338195800781,0,256
001_ABC,34113,189999,0.1401519775390625,53.50333323702216,10.100387573242188,0,256
001_ABC,34113,190255,0.765289306640625,88.87110171443783,30.62066141764323,0,256
001_ABC,34113,190511,0.64520263671875,79.53925999789499,33.909200032552086,0,256
001_ABC,34369,187183,0.2617645263671875,58.89760771300644,13.159444173177084,0,256
001_ABC,34369,187439,0.29058837890625,56.970116432756186,12.967391967773438,0,256
001_ABC,34369,187695,0.6608734130859375,66.08837128966115,39.05387878417969,0,256
001_ABC,34369,187951,0.8759918212890625,124.7029630781617,30.533721923828125,0,256
001_ABC,34369,188207,0.971893310546875,161.4626579573378,30.91322326660156,0,256
001_ABC,34369,188463,0.962371826171875,178.97550039715134,33.35407511393229,0,256
001_ABC,34369,188719,0.830291748046875,128.06222375272773,27.862335205078125,0,256
001_ABC,34369,188975,0.9903411865234376,116.36783817759716,33.1973622639974,0,256
001_ABC,34369,189231,0.8248748779296875,123.45873318519445,30.474782307942707,0,256
001_ABC,34369,189487,0.8659210205078125,133.32267911708914,29.50824483235677,0,256
001_ABC,34369,189743,0.8609466552734375,166.19791357940994,25.650477091471355,0,256
001_ABC,34369,189999,0.7159881591796875,89.84830221137963,24.525110880533852,0,256
001_ABC,34369,190255,0.814788818359375,99.50163498148322,33.01166788736979,0,256
001_ABC,34369,190511,0.4350738525390625,82.55659197992645,20.121119181315105,0,256
001_ABC,34625,187183,0.4824676513671875,53.97464865795337,18.24492899576823,0,256
001_ABC,34625,187439,0.426422119140625,49.39518319070339,32.58171081542969,0,256
001_ABC,34625,187695,0.8165435791015625,58.63378548249602,43.33404032389323,0,256
001_ABC,34625,187951,0.985015869140625,70.95365240774117,35.98663838704427,0,256
001_ABC,34625,188207,0.974212646484375,77.56593075022101,41.7649180094401,0,256
001_ABC,34625,188463,0.890380859375,78.45215234323405,37.7252197265625,0,256
001_ABC,34625,188719,0.9422760009765624,84.45847775577568,33.8193359375,0,256
001_ABC,34625,188975,0.899322509765625,75.48964717891067,29.27258809407552,0,256
001_ABC,34625,189231,0.576934814453125,65.8445185457822,24.63584899902344,0,256
001_ABC,34625,189487,0.5986785888671875,65.46453252038918,21.659922281901043,0,256
001_ABC,34625,189743,0.9876251220703124,79.56415686919354,35.11016337076823,0,256
001_ABC,34625,189999,0.7393035888671875,67.78940308629535,29.54522705078125,0,256
001_ABC,34625,190255,0.7595367431640625,75.36796555272304,32.372955322265625,0,256
001_ABC,34625,190511,0.371063232421875,61.366762574762106,16.933863321940105,0,256
001_ABC,34881,187183,0.6613006591796875,64.29803408589214,23.830464680989586,0,256
001_ABC,34881,187439,0.7318878173828125,55.93557400419377,40.13471476236979,0,256
001_ABC,34881,187695,0.92779541015625,59.94118973240256,47.73720296223959,0,256
001_ABC,34881,187951,0.954315185546875,64.98733846633695,36.405364990234375,0,256
001_ABC,34881,188207,0.9915924072265624,72.36345049366355,38.35578918457031,0,256
001_ABC,34881,188463,1.0,72.77614832576364,37.38169860839844,0,256
001_ABC,34881,188719,0.599090576171875,68.71864194772206,21.738845825195312,0,256
001_ABC,34881,188975,0.9606170654296876,71.0769191251602,38.365234375,0,256
001_ABC,34881,189231,0.4736480712890625,60.44460013136268,19.775955200195312,0,256
001_ABC,34881,189487,0.3569183349609375,58.31925916299224,15.77465311686198,0,256
001_ABC,34881,189743,0.53271484375,60.61033411300741,20.74146016438802,0,256
001_ABC,34881,189999,0.35552978515625,57.71859599556774,16.7379150390625,0,256
001_ABC,34881,190255,0.9765625,81.64439080655575,37.72143046061198,0,256
001_ABC,34881,190511,0.465972900390625,65.72551008220762,17.121073404947918,0,256
001_ABC,35137,187183,0.941802978515625,72.43331473111175,32.4000244140625,0,256
001_ABC,35137,187439,0.9632568359375,91.82237926102243,42.254170735677086,0,256
001_ABC,35137,187695,0.9400482177734376,83.33864340092987,43.32213338216146,0,256
001_ABC,35137,187951,0.898193359375,85.70252519636415,34.17077128092448,0,256
001_ABC,35137,188207,0.1390380859375,62.356792769394815,14.675496419270834,0,256
001_ABC,35137,188463,0.7555084228515625,74.09803717001341,29.773778279622395,0,256
001_ABC,35137,188719,0.9218292236328124,69.94031402259134,48.48677571614584,0,256
001_ABC,35137,188975,0.9654693603515624,75.47038339730352,35.29432169596354,0,256
001_ABC,35137,189231,0.4726409912109375,63.54446029663086,17.15685526529948,0,256
001_ABC,35137,189487,0.4947967529296875,65.26306083775125,17.628194173177082,0,256
001_ABC,35137,189743,0.6172027587890625,73.9562715718057,20.24009704589844,0,256
001_ABC,35137,189999,0.3654022216796875,70.71885634004138,18.136179606119796,0,256
001_ABC,35137,190255,0.87030029296875,93.0539091785904,42.34099833170573,0,256
001_ABC,35137,190511,0.28448486328125,67.95249361707829,15.96026611328125,0,256
001_ABC,35393,187183,0.8581390380859375,101.4491706432309,42.49391174316406,0,256
001_ABC,35393,187439,0.85699462890625,82.12395903375,33.17637634277344,0,256
001_ABC,35393,187695,1.0,85.8211495091673,36.09371439615885,0,256
001_ABC,35393,187951,1.0,86.92652228078805,41.62592061360677,0,256
001_ABC,35393,188207,0.9212799072265624,85.0338653025683,39.88386535644531,0,256
001_ABC,35393,188463,0.800567626953125,79.57801811746322,36.493916829427086,0,256
001_ABC,35393,188719,0.98626708984375,64.85566781461239,51.05390930175781,0,256
001_ABC,35393,188975,0.9933929443359376,65.8500362848863,51.02876281738281,0,256
001_ABC,35393,189231,0.7053375244140625,75.10392325907014,27.581527709960938,0,256
001_ABC,35393,189487,0.3627166748046875,62.10315055935644,15.460993448893229,0,256
001_ABC,35393,189743,0.3987274169921875,63.95093320310116,24.46591186523437,0,256
001_ABC,35393,189999,0.5490264892578125,80.86658828682266,22.037185668945312,0,256
001_ABC,35393,190255,0.5669097900390625,76.13945656921715,25.412272135416668,0,256
001_ABC,35393,190511,0.28900146484375,67.33449497446418,17.15234883626302,0,256
001_ABC,35649,187439,0.908111572265625,96.20911893784069,29.351277669270832,0,256
001_ABC,35649,187695,0.99908447265625,106.34292480326258,35.29378763834635,0,256
001_ABC,35649,187951,1.0,99.09375005867332,41.15619405110677,0,256
001_ABC,35649,188207,0.999298095703125,102.4851531982422,39.22975158691406,0,256
001_ABC,35649,188463,0.9720001220703124,102.8879029750824,32.0091552734375,0,256
001_ABC,35649,188719,0.91302490234375,83.26856461819261,42.7749989827474,0,256
001_ABC,35649,188975,0.994110107421875,73.61981122847646,42.25519307454427,0,256
001_ABC,35649,189231,0.962249755859375,89.23886043485254,45.00970967610677,0,256
001_ABC,35649,189487,0.54803466796875,68.84644937305711,23.531148274739586,0,256
001_ABC,35649,189743,0.7947845458984375,84.01299298461527,25.93992106119792,0,256
001_ABC,35649,189999,0.5694580078125,82.70404924359173,25.494155883789062,0,256
001_ABC,35649,190255,0.2597198486328125,73.14173828600906,14.522933959960938,0,256
001_ABC,35649,190511,0.330352783203125,72.45616105175577,14.768844604492188,0,256
001_ABC,35905,187439,0.693328857421875,97.07691012672149,24.546315511067707,0,256
001_ABC,35905,187695,0.992828369140625,114.88032790250143,33.38276672363281,0,256
001_ABC,35905,187951,0.9997406005859376,127.73546643345615,38.701568603515625,0,256
001_ABC,35905,188207,0.9997406005859376,135.44222185923718,40.38084411621094,0,256
001_ABC,35905,188463,0.8504638671875,90.66199197992682,33.048065185546875,0,256
001_ABC,35905,188719,0.306427001953125,71.56121960189193,16.720896402994793,0,256
001_ABC,35905,188975,0.544464111328125,84.2255318237003,23.28012084960937,0,256
001_ABC,35905,189231,0.8490447998046875,81.30846685171127,26.738352457682293,0,256
001_ABC,35905,189487,0.4680633544921875,70.55588675825857,18.81199137369792,0,256
001_ABC,35905,189743,0.3004302978515625,70.38849209412001,15.17371622721354,0,256
001_ABC,35905,189999,0.82464599609375,116.46996080479585,38.48448689778646,0,256
001_ABC,35905,190255,0.6101226806640625,90.959696944803,19.653416951497395,0,256
001_ABC,35905,190511,0.3204345703125,78.67634096648544,16.003148396809895,0,256
001_ABC,36161,187439,0.7903289794921875,104.1210320291575,31.462615966796875,0,256
001_ABC,36161,187695,0.970245361328125,128.2280855467543,40.82304382324219,0,256
001_ABC,36161,187951,1.0,133.3787360729184,39.54112752278646,0,256
001_ABC,36161,188207,1.0,121.84747236128896,40.80070495605469,0,256
001_ABC,36161,188463,0.975372314453125,87.55427405959927,48.50476582845052,0,256
001_ABC,36161,188719,0.3948211669921875,78.22923673666082,20.973790486653645,0,256
001_ABC,36161,188975,0.99688720703125,95.51664966344832,41.067159016927086,0,256
001_ABC,36161,189231,0.54852294921875,88.37965232669376,25.71455383300781,0,256
001_ABC,36161,189487,0.151611328125,67.0310556255281,13.13646952311198,0,256
001_ABC,36161,189743,0.011016845703125,59.87457718490623,9.93065897623698,0,256
001_ABC,36161,189999,0.6949615478515625,99.1384622042533,23.022257486979168,0,256
001_ABC,36161,190255,0.1904449462890625,76.76426467089914,12.95068868001302,0,256
001_ABC,36161,190511,0.3609619140625,80.18370562023483,17.80596415201823,0,256
001_ABC,36417,187439,0.9949493408203124,143.98664500471205,34.4938710530599,0,256
001_ABC,36417,187695,0.9666900634765624,116.04757506377064,35.68631490071615,0,256
001_ABC,36417,187951,0.999755859375,123.88621464534664,42.931976318359375,0,256
001_ABC,36417,188207,1.0,118.061796605587,45.72506205240885,0,256
001_ABC,36417,188463,0.769989013671875,103.30895323958248,36.8187255859375,0,256
001_ABC,36417,188719,0.591461181640625,82.51118895038962,21.063100179036457,0,256
001_ABC,36417,188975,0.9928436279296876,106.93384481198154,50.03966267903646,0,256
001_ABC,36417,189231,0.7032318115234375,77.6684422455728,35.24185689290365,0,256
001_ABC,36417,189487,0.326873779296875,80.4253427349031,15.861618041992188,0,256
001_ABC,36417,189743,0.3770904541015625,93.41714684083126,18.24070231119792,0,256
001_ABC,36417,189999,0.358367919921875,70.3457773886621,15.299245198567707,0,256
001_ABC,36417,190255,0.3699798583984375,79.14488716330379,18.45130920410156,0,256
001_ABC,36417,190511,0.4018096923828125,76.55633090436459,18.056793212890625,0,256
001_ABC,36417,190767,0.724151611328125,108.99815071350896,43.46646118164063,0,256
001_ABC,36673,187439,0.9847869873046876,70.13514850940555,33.20958455403646,0,256
001_ABC,36673,187695,0.95465087890625,70.37532375752926,35.58350118001302,0,256
001_ABC,36673,187951,0.9599761962890624,77.97670908924192,36.80118306477865,0,256
001_ABC,36673,188207,0.989990234375,74.68017482757568,39.59232076009115,0,256
001_ABC,36673,188463,0.5627593994140625,62.74197410023771,25.60431416829427,0,256
001_ABC,36673,188719,0.392974853515625,53.707810304127634,22.63665262858073,0,256
001_ABC,36673,188975,0.4467620849609375,55.72313543013297,22.641977945963543,0,256
001_ABC,36673,189231,0.5203399658203125,63.68801886495203,27.670730590820312,0,256
001_ABC,36673,189487,0.8522491455078125,90.40696479543112,29.719146728515625,0,256
001_ABC,36929,187183,0.8773345947265625,70.65356275066733,30.33934529622396,0,256
001_ABC,36929,187439,0.9905242919921876,69.65242629870772,35.25127665201823,0,256
001_ABC,36929,187695,0.983551025390625,72.80577075108886,35.38127644856771,0,256
001_ABC,36929,187951,0.97381591796875,76.93000864144415,37.75592549641927,0,256
001_ABC,36929,188207,0.1502838134765625,52.92923850170337,12.289754231770834,0,256
001_ABC,36929,188463,0.55126953125,55.76733542582952,32.88804626464844,0,256
001_ABC,36929,188719,0.9302520751953124,73.38401641673408,57.12657674153646,0,256
001_ABC,36929,188975,0.635009765625,62.44241189118475,33.2433827718099,0,256
001_ABC,36929,189231,0.7355804443359375,73.31286415364593,24.21471659342448,0,256
001_ABC,36929,189487,0.531158447265625,57.4278669198975,16.521067301432293,0,256
001_ABC,37185,186927,0.9127197265625,77.82378425798379,33.631022135416664,0,256
001_ABC,37185,187183,0.966400146484375,78.06760892807506,38.507344563802086,0,256
001_ABC,37185,187439,0.99639892578125,72.45692247152328,42.22847493489584,0,256
001_ABC,37185,187695,0.998016357421875,78.69121174421161,39.4774169921875,0,256
001_ABC,37185,187951,0.998687744140625,75.58883856143802,43.69625854492188,0,256
001_ABC,37185,188207,0.3403167724609375,59.283112581819296,16.15264383951823,0,256
001_ABC,37185,188463,0.758819580078125,68.28402990102768,37.789459228515625,0,256
001_ABC,37185,188719,0.7300567626953125,67.31631421949714,35.72480773925781,0,256
001_ABC,37185,188975,0.919281005859375,71.73824404343031,49.5748291015625,0,256
001_ABC,37185,189231,0.513092041015625,57.62851103185676,28.36086018880208,0,256
001_ABC,37441,186927,0.9985198974609376,82.9688842499163,40.97747294108073,0,256
001_ABC,37441,187183,1.0,76.75289635267109,39.7296396891276,0,256
001_ABC,37441,187439,0.9925537109375,77.5455274709966,36.005269368489586,0,256
001_ABC,37441,187695,0.975006103515625,85.50675043091178,39.946685791015625,0,256
001_ABC,37441,187951,0.98724365234375,83.18899477808736,44.904388427734375,0,256
001_ABC,37441,188207,0.5588836669921875,67.5988237708807,24.646148681640625,0,256
001_ABC,37441,188463,0.4150543212890625,73.23968308791518,19.737375895182293,0,256
001_ABC,37441,188719,0.779388427734375,72.32239773496985,36.471099853515625,0,256
001_ABC,37441,188975,0.9988861083984376,53.01249167486094,66.04739379882812,0,256
001_ABC,37441,189231,0.2904205322265625,45.76728109805845,20.119832356770832,0,256
001_ABC,37697,186671,0.7010498046875,81.80399681534618,41.16252136230469,0,256
001_ABC,37697,186927,0.95751953125,88.4061069318559,36.67037963867188,0,256
001_ABC,37697,187183,0.924591064453125,77.51160036004148,39.53508504231771,0,256
001_ABC,37697,187439,0.992584228515625,82.07643958344124,40.058207194010414,0,256
001_ABC,37697,187695,0.6580810546875,73.08386831707321,30.85939534505208,0,256
001_ABC,37697,187951,0.453033447265625,68.31174257188104,22.908396402994796,0,256
001_ABC,37697,188207,0.8047027587890625,71.45336910709739,46.74434916178385,0,256
001_ABC,37697,188463,0.62908935546875,77.92786205164157,31.032684326171875,0,256
001_ABC,37697,188719,0.9248199462890624,74.25052337511443,54.05635070800781,0,256
001_ABC,37697,188975,0.51348876953125,70.35811237897724,30.35874938964844,0,256
001_ABC,37697,189231,0.0,33.001440388849005,5.024739583333333,0,256
001_ABC,37953,186671,0.93170166015625,97.22661857213824,35.28504435221354,0,256
001_ABC,37953,186927,0.8991851806640625,84.20585220470093,35.755635579427086,0,256
001_ABC,37953,187183,0.9517974853515624,77.54147483012639,45.131195068359375,0,256
001_ABC,37953,187439,0.70855712890625,80.71444844361395,28.40015157063802,0,256
001_ABC,37953,187695,0.0609130859375,58.53009437024593,10.55389404296875,0,256
001_ABC,37953,187951,0.5283355712890625,73.39651921298355,27.09454345703125,0,256
001_ABC,37953,188207,0.7005157470703125,80.47235032892786,38.37947082519531,0,256
001_ABC,37953,188463,0.910400390625,83.00306039210409,51.865376790364586,0,256
001_ABC,37953,188719,0.3641815185546875,64.42949735745788,19.012985229492188,0,256
001_ABC,37953,188975,0.0,34.55975858028978,5.1203155517578125,0,256
001_ABC,38209,186671,0.956146240234375,128.64198264083825,34.67046610514323,0,256
001_ABC,38209,186927,0.9957733154296876,112.84523216052912,36.97972615559896,0,256
001_ABC,38209,187183,0.989471435546875,101.26547272410244,37.91817220052084,0,256
001_ABC,38209,187439,0.6695098876953125,91.98209947999568,26.647603352864586,0,256
001_ABC,38209,187695,0.0708160400390625,60.95449694618583,10.2811279296875,0,256
001_ABC,38209,187951,0.001495361328125,59.17209976329468,8.793116251627604,0,256
001_ABC,38209,188207,0.4279937744140625,80.92447475995868,22.631189982096355,0,256
001_ABC,38209,188463,0.5757598876953125,92.28824261482804,28.906687418619796,0,256
001_ABC,38209,188719,0.23126220703125,66.17112721665762,15.267664591471354,0,256
001_ABC,38465,186671,0.9937591552734376,149.73778986558318,36.21739196777344,0,256
001_ABC,38465,186927,0.9994964599609376,136.94275513268076,36.33231608072917,0,256
001_ABC,38465,187183,0.9177703857421876,129.27575905038975,33.76524861653646,0,256
001_ABC,38465,187439,0.9035186767578124,132.95695008989424,28.227940877278645,0,256
001_ABC,38465,187695,0.621307373046875,95.9043110886123,21.117960611979168,0,256
001_ABC,38465,187951,0.1013641357421875,71.04448400228284,12.115041097005207,0,256
001_ABC,38465,188207,0.6361846923828125,98.56703415419906,26.50615946451823,0,256
001_ABC,38465,188463,0.4327239990234375,95.35155776049942,19.588623046875,0,256
001_ABC,38465,188719,0.6847686767578125,101.8232555182185,34.457489013671875,0,256
001_ABC,38721,186671,0.99139404296875,96.61123030539602,33.088409423828125,0,256
001_ABC,38721,186927,0.99334716796875,89.24173447396606,37.77850341796875,0,256
001_ABC,38721,187183,0.934234619140625,72.37636784370989,37.13654073079427,0,256
001_ABC,38721,187439,0.550079345703125,64.01997363194823,23.068308512369796,0,256
001_ABC,38721,187695,0.839630126953125,63.507239934057,40.877349853515625,0,256
001_ABC,38721,187951,0.91876220703125,69.24470958835445,45.28992207845052,0,256
001_ABC,38721,188207,0.9626312255859376,72.09009819850326,54.9230702718099,0,256
001_ABC,38721,188463,0.466400146484375,60.55514947976917,26.476603190104168,0,256
001_ABC,38977,186415,0.974761962890625,73.16292321309447,33.273518880208336,0,256
001_ABC,38977,186671,0.9986419677734376,88.5484893284738,35.39722696940104,0,256
001_ABC,38977,186927,0.999481201171875,95.7428849467542,36.68932596842448,0,256
001_ABC,38977,187183,0.999481201171875,87.73283941950649,34.247212727864586,0,256
001_ABC,38977,187439,0.489532470703125,66.98966827034019,24.072367350260414,0,256
001_ABC,38977,187695,0.5984649658203125,62.59116599126719,37.0042978922526,0,256
001_ABC,38977,187951,0.3934173583984375,57.49837299971841,22.09358723958333,0,256
001_ABC,38977,188207,0.4912872314453125,69.09156703948975,25.758738199869796,0,256
001_ABC,38977,188463,0.5150604248046875,76.83702875580639,25.493062337239586,0,256
001_ABC,39233,186159,0.982666015625,94.86763306497596,36.03117879231771,0,256
001_ABC,39233,186415,0.9925689697265624,93.9901283076033,35.89612325032552,0,256
001_ABC,39233,186671,0.99285888671875,100.7045387586113,31.13374328613281,0,256
001_ABC,39233,186927,1.0,112.25416917260736,35.46114095052084,0,256
001_ABC,39233,187183,0.8459320068359375,94.80496685369872,31.054484049479168,0,256
001_ABC,39233,187439,0.4455718994140625,65.92333158827387,26.894007364908852,0,256
001_ABC,39233,187695,0.7767333984375,76.16332476004027,36.55848185221354,0,256
001_ABC,39233,187951,0.5181427001953125,72.0896421985235,22.601755777994796,0,256
001_ABC,39233,188207,0.1850738525390625,64.25115698203444,16.60558573404948,0,256
001_ABC,39233,188463,0.375274658203125,69.7107828182634,21.927836100260414,0,256
001_ABC,39489,186159,0.9991455078125,109.5914699768182,32.108439127604164,0,256
001_ABC,39489,186415,0.9975128173828124,91.92736419662832,33.70716857910156,0,256
001_ABC,39489,186671,0.9988555908203124,117.81069922447205,36.78062438964844,0,256
001_ABC,39489,186927,1.0,125.04018795397133,36.19222513834635,0,256
001_ABC,39489,187183,0.6781463623046875,85.54682543780655,28.01563008626302,0,256
001_ABC,39489,187439,1.0,77.79568266496062,53.85332234700521,0,256
001_ABC,39489,187695,0.98101806640625,91.2658030949533,53.27415466308594,0,256
001_ABC,39489,187951,0.9656829833984376,92.20093607134186,49.74090067545573,0,256
001_ABC,39489,188207,0.22637939453125,67.12960061058402,16.079808553059895,0,256
001_ABC,39745,186159,0.67950439453125,101.11676937132142,21.623621622721355,0,256
001_ABC,39745,186415,0.6871337890625,104.98138369526714,26.73272196451823,0,256
001_ABC,39745,186671,0.9173736572265624,118.48979215975852,42.65495808919271,0,256
001_ABC,39745,186927,0.5243682861328125,78.35707447584718,24.20198567708333,0,256
001_ABC,39745,187183,0.20794677734375,64.77406263886951,18.10433959960937,0,256
001_ABC,39745,187439,0.9082489013671876,79.9249140934553,49.56832377115885,0,256
001_ABC,39745,187695,0.895111083984375,85.39047082304023,48.89542134602865,0,256
001_ABC,39745,187951,0.944244384765625,83.72282393439673,60.72388203938802,0,256
001_ABC,39745,188207,0.222625732421875,67.32207981660031,20.03464253743489,0,256
001_ABC,40001,186159,0.1355133056640625,72.25670893653296,11.02966817220052,0,256
001_ABC,40001,186415,0.2936553955078125,83.70454851328395,17.21441141764323,0,256
001_ABC,40001,186671,0.87841796875,144.43765134271234,43.14515686035156,0,256
001_ABC,40001,186927,0.3853759765625,95.48253235872836,18.982681274414062,0,256
001_ABC,40001,187183,0.000274658203125,58.875097571872175,10.969289143880207,0,256
001_ABC,40001,187439,0.0001983642578125,60.74783872603439,10.589813232421877,0,256
001_ABC,40257,186159,0.8645172119140625,165.3503738248255,27.56366475423177,0,256
001_ABC,40257,186415,0.9584808349609376,160.16755732684396,38.26799011230469,0,256
001_ABC,40257,186671,0.958740234375,163.7578787317034,47.47340393066406,0,256
001_ABC,40257,186927,0.8193817138671875,181.94220703002065,39.00101216634115,0,256
001_ABC,40257,187183,0.01190185546875,60.98432921222411,11.416895548502604,0,256
001_ABC,40257,187439,0.0,59.545684604905546,10.674468994140623,0,256
001_ABC,40513,186159,0.996337890625,184.1962968995795,34.31450907389323,0,256
001_ABC,40513,186415,0.9958343505859376,207.64883017539975,34.08734639485677,0,256
001_ABC,40513,186671,0.987396240234375,199.05377149488777,39.66404724121094,0,256
001_ABC,40513,186927,0.7282867431640625,141.3378541469574,26.9581298828125,0,256
001_ABC,40513,187183,0.002227783203125,62.14434529445134,11.329366048177084,0,256
001_ABC,40513,187439,0.0,61.146871401928365,10.8709716796875,0,256
001_ABC,40769,185903,0.8000030517578125,74.623113255715,40.23388163248698,0,256
001_ABC,40769,186159,0.9104461669921876,89.08921367279254,29.829086303710938,0,256
001_ABC,40769,186415,0.707794189453125,80.07823057076894,23.09479268391927,0,256
001_ABC,40769,186671,0.582977294921875,79.1353709732648,25.109649658203125,0,256
001_ABC,40769,186927,0.464935302734375,65.02912894426845,21.50853474934896,0,256
001_ABC,40769,187183,0.370941162109375,49.4535519098863,21.249170939127605,0,256
001_ABC,40769,187439,0.0,39.2480803579092,6.513590494791667,0,256
001_ABC,41025,185135,0.512725830078125,51.77487671910785,28.12603759765625,0,256
001_ABC,41025,185391,0.0538482666015625,47.566894348710775,9.21497599283854,0,256
001_ABC,41025,185647,0.431915283203125,58.10294597200118,19.98533121744792,0,256
001_ABC,41025,185903,0.6433258056640625,73.00876113399863,29.054087320963543,0,256
001_ABC,41025,186159,0.5313568115234375,76.20034635975026,18.441126505533852,0,256
001_ABC,41025,186415,0.589202880859375,69.12413275893778,24.89792378743489,0,256
001_ABC,41025,186671,0.9001617431640625,89.19437099900097,46.88345336914063,0,256
001_ABC,41025,186927,0.9380035400390624,88.60296019073576,37.289204915364586,0,256
001_ABC,41025,187183,0.8408355712890625,86.2950102230534,39.19488016764323,0,256
001_ABC,41025,187439,0.1241455078125,45.76121940370649,11.541107177734377,0,256
001_ABC,41281,184879,0.9083251953125,58.02926631178707,51.38184102376302,0,256
001_ABC,41281,185135,0.0958099365234375,44.21978517225944,10.11084493001302,0,256
001_ABC,41281,185391,0.0,40.901317888638005,6.264617919921875,0,256
001_ABC,41281,185647,0.019683837890625,46.238707221113145,7.114267985026042,0,256
001_ABC,41281,185903,0.115997314453125,51.55505460500717,10.04229736328125,0,256
001_ABC,41281,186159,0.572174072265625,81.57964221364819,23.735107421875,0,256
001_ABC,41281,186415,0.2384033203125,66.41211549355648,13.621526082356771,0,256
001_ABC,41281,186671,0.7000885009765625,80.46787976846099,37.60747273763021,0,256
001_ABC,41281,186927,0.840087890625,87.37479967530817,39.69690958658854,0,256
001_ABC,41281,187183,0.518096923828125,65.26503094262443,24.271209716796875,0,256
001_ABC,41281,187439,0.0319366455078125,43.075468480587006,7.3325347900390625,0,256
001_ABC,41537,184879,0.75,82.45867443992756,30.01375325520833,0,256
001_ABC,41537,185135,0.2997589111328125,59.36509996256791,14.611114501953123,0,256
001_ABC,41537,185391,0.143157958984375,48.979573072632775,9.562957763671877,0,256
001_ABC,41537,185647,0.020843505859375,45.29727777000517,6.953603108723958,0,256
001_ABC,41537,185903,0.014556884765625,44.34379290766083,6.8922170003255205,0,256
001_ABC,41537,186159,0.3826446533203125,67.55720671638846,16.181020100911457,0,256
001_ABC,41537,186415,0.666900634765625,92.0534098779317,23.15155537923177,0,256
001_ABC,41537,186671,0.51373291015625,77.67737990594469,24.522074381510414,0,256
001_ABC,41537,186927,0.54046630859375,79.92308889329433,26.66708374023437,0,256
001_ABC,41537,187183,0.106719970703125,46.84989100601524,9.150436401367188,0,256
001_ABC,41537,187439,0.0,39.47270185663365,6.24816385904948,0,256
001_ABC,41793,185135,0.6409912109375,93.03713227971456,26.123443603515625,0,256
001_ABC,41793,185391,0.7175445556640625,72.16815316840075,25.848551432291668,0,256
001_ABC,41793,185647,0.1007537841796875,53.5217130871024,9.449447631835938,0,256
001_ABC,41793,185903,0.064697265625,50.359937293222174,8.492329915364584,0,256
001_ABC,41793,186159,0.7562255859375,90.96151491161436,24.82689412434896,0,256
001_ABC,41793,186415,0.447357177734375,79.45399439684115,19.75303649902344,0,256
001_ABC,41793,186671,0.7873382568359375,95.67207930143924,39.79346211751302,0,256
001_ABC,41793,186927,0.6930084228515625,86.37821945175529,35.44794718424479,0,256
001_ABC,41793,187183,0.2348480224609375,55.94376808195375,15.011805216471354,0,256
001_ABC,41793,187439,0.03045654296875,43.11132946517319,7.125925699869792,0,256
001_ABC,42049,185135,0.761474609375,71.13814938417636,41.08094278971354,0,256
001_ABC,42049,185391,0.93603515625,88.47599782212637,50.89832560221354,0,256
001_ABC,42049,185647,0.628509521484375,70.25212947442196,30.14458719889323,0,256
001_ABC,42049,185903,0.10430908203125,56.68618222232908,9.69592793782552,0,256
001_ABC,42049,186159,0.8013153076171875,97.09363737865353,40.15043640136719,0,256
001_ABC,42049,186415,0.663970947265625,85.70798443234526,27.371978759765625,0,256
001_ABC,42049,186671,0.8869781494140625,92.62301069125532,38.577056884765625,0,256
001_ABC,42049,186927,0.92022705078125,92.28915975033306,46.13120524088541,0,256
001_ABC,42049,187183,0.9629669189453124,91.71557584195398,52.83153788248698,0,256
001_ABC,42049,187439,0.0412139892578125,44.783895363798365,7.66956075032552,0,256
001_ABC,42305,185135,0.9938507080078124,59.59232261683792,57.810078938802086,0,256
001_ABC,42305,185391,0.802154541015625,62.7421642607078,54.01269022623698,0,256
001_ABC,42305,185647,0.122039794921875,54.89374233689159,9.838058471679688,0,256
001_ABC,42305,185903,0.347503662109375,69.66139966598712,15.954269409179688,0,256
001_ABC,42305,186159,0.4429473876953125,79.58707984513603,19.42351786295573,0,256
001_ABC,42305,186415,0.7382354736328125,117.45565995480864,27.939036051432293,0,256
001_ABC,42305,186671,0.863739013671875,101.93882229551672,43.3492177327474,0,256
001_ABC,42305,186927,1.0,88.32771235867403,50.73514811197917,0,256
001_ABC,42305,187183,0.95684814453125,92.0953459867742,51.463399251302086,0,256
001_ABC,42305,187439,0.0601348876953125,42.913561097346246,8.579533894856771,0,256
001_ABC,42561,185135,0.627655029296875,66.01565359532833,36.0324452718099,0,256
001_ABC,42561,185391,0.1272430419921875,55.45338353305124,10.87547810872396,0,256
001_ABC,42561,185647,0.231231689453125,69.00638691685162,13.022272745768229,0,256
001_ABC,42561,185903,0.85333251953125,85.5854720917996,49.76358540852865,0,256
001_ABC,42561,186159,0.8945159912109375,89.20224871393293,48.70130920410156,0,256
001_ABC,42561,186415,0.928436279296875,105.87027261010373,44.92735290527344,0,256
001_ABC,42561,186671,0.7182464599609375,105.7121705932077,26.63218688964844,0,256
001_ABC,42561,186927,0.595184326171875,94.32186794281006,30.81634012858073,0,256
001_ABC,42561,187183,0.2391510009765625,62.98968540132046,13.840474446614584,0,256
001_ABC,42561,187439,0.381011962890625,84.87107913848013,16.250223795572918,0,256
001_ABC,42817,185391,0.1240081787109375,53.86217370606028,10.894312540690104,0,256
001_ABC,42817,185647,0.5418701171875,75.22149522509426,21.07726542154948,0,256
001_ABC,42817,185903,0.1031951904296875,55.25580462790094,11.648844401041666,0,256
001_ABC,42817,186159,0.54339599609375,57.48257361142896,26.768381754557293,0,256
001_ABC,42817,186415,0.677642822265625,69.42280359542929,34.538614908854164,0,256
001_ABC,42817,186671,0.7838897705078125,75.76457261666656,27.112462361653645,0,256
001_ABC,42817,186927,0.7272796630859375,71.26884459308349,26.43501281738281,0,256
001_ABC,42817,187183,0.6803131103515625,77.15365789830685,27.346598307291668,0,256
001_ABC,42817,187439,0.9144744873046876,91.47556820861064,29.8883056640625,0,256
001_ABC,42817,187695,0.9709014892578124,107.44977518334052,39.40777587890625,0,256
001_ABC,42817,187951,0.80419921875,91.22207747003996,33.65105692545573,0,256
001_ABC,42817,188207,0.009429931640625,52.585883795283735,9.989725748697916,0,256
001_ABC,42817,188463,0.6382293701171875,58.64518276392482,38.40206909179688,0,256
001_ABC,42817,188719,0.623748779296875,57.93542191013694,37.27730814615885,0,256
001_ABC,42817,188975,0.5469512939453125,64.51165085658431,27.778076171875,0,256
001_ABC,43073,185391,0.555267333984375,68.38040092564188,25.560094197591145,0,256
001_ABC,43073,185647,0.656707763671875,72.32265437557362,28.061981201171875,0,256
001_ABC,43073,185903,0.254974365234375,58.40721686091274,16.55585225423177,0,256
001_ABC,43073,186159,0.5346527099609375,66.07352343178354,25.97479248046875,0,256
001_ABC,43073,186415,0.8161468505859375,77.98913553263992,31.659205118815105,0,256
001_ABC,43073,186671,0.9114837646484376,83.23327466472983,46.94489542643229,0,256
001_ABC,43073,186927,0.7453460693359375,82.3767028504517,28.51808675130208,0,256
001_ABC,43073,187183,0.8404998779296875,85.24408835521899,35.85902404785156,0,256
001_ABC,43073,187439,0.9751434326171876,103.24160515121184,34.78169759114584,0,256
001_ABC,43073,187695,0.9639434814453124,99.63436781987548,36.74024454752604,0,256
001_ABC,43073,187951,0.3101043701171875,66.13827370107174,17.753829956054688,0,256
001_ABC,43073,188207,0.0001678466796875,54.647112688981,9.646504720052084,0,256
001_ABC,43073,188463,0.2124786376953125,61.12588130473159,14.112085978190104,0,256
001_ABC,43073,188719,0.106658935546875,52.87370293564163,10.72618611653646,0,256
001_ABC,43073,188975,0.0,44.3919974451419,6.779998779296875,0,256
001_ABC,43329,185391,0.832733154296875,85.24755520722829,29.16771952311198,0,256
001_ABC,43329,185647,0.786834716796875,86.70477962493896,25.37835184733073,0,256
001_ABC,43329,185903,0.7331390380859375,87.62998745939694,32.37081400553385,0,256
001_ABC,43329,186159,0.345458984375,62.368659460684285,18.830856323242188,0,256
001_ABC,43329,186415,0.4729766845703125,69.56763707101345,27.770594278971355,0,256
001_ABC,43329,186671,0.7303314208984375,86.3122348615434,33.64647928873698,0,256
001_ABC,43329,186927,0.7035675048828125,80.8007000607904,27.441691080729168,0,256
001_ABC,43329,187183,0.8389129638671875,95.51048717624508,44.8929443359375,0,256
001_ABC,43329,187439,0.819854736328125,116.60321117728016,32.47718302408854,0,256
001_ABC,43329,187695,0.4750823974609375,87.28232996514998,24.326334635416668,0,256
001_ABC,43329,187951,0.1607818603515625,62.76285536191426,12.707316080729166,0,256
001_ABC,43329,188207,0.0,59.80689907073975,9.771280924479166,0,256
001_ABC,43329,188463,0.112060546875,65.77822292386554,13.98455810546875,0,256
001_ABC,43329,188719,0.1023101806640625,54.51989474520087,11.130467732747396,0,256
001_ABC,43329,188975,0.0,43.42367701139301,6.822575887044271,0,256
001_ABC,43585,185647,0.6641082763671875,93.04976290091872,25.36536153157552,0,256
001_ABC,43585,185903,0.9190673828125,96.25708968099208,37.97381591796875,0,256
001_ABC,43585,186159,0.5442352294921875,84.84317342727445,20.91139729817708,0,256
001_ABC,43585,186415,0.7336883544921875,91.50682901008986,35.36412048339844,0,256
001_ABC,43585,186671,0.724365234375,95.65246423869394,27.402730305989586,0,256
001_ABC,43585,186927,0.8587646484375,97.05044003482908,39.93797302246094,0,256
001_ABC,43585,187183,0.87176513671875,91.71942049171776,33.04328918457031,0,256
001_ABC,43585,187439,0.760986328125,87.76347508071922,31.150319417317707,0,256
001_ABC,43585,187695,0.6126251220703125,84.07342056347989,28.173731486002605,0,256
001_ABC,43585,187951,0.2529144287109375,67.35404783836566,16.14379374186198,0,256
001_ABC,43585,188207,0.0813751220703125,68.00127185788006,13.135147094726562,0,256
001_ABC,43585,188463,0.00042724609375,63.145492451032624,9.929931640625,0,256
001_ABC,43585,188719,0.0,48.86744337901473,7.4162546793619795,0,256
001_ABC,43585,188975,0.0,45.81449345103465,7.022527058919271,0,256
001_ABC,43841,185647,0.91259765625,107.32861751317978,34.60224405924479,0,256
001_ABC,43841,185903,0.7116241455078125,95.00185854639858,28.40156555175781,0,256
001_ABC,43841,186159,0.510528564453125,78.24068147595972,24.258168538411457,0,256
001_ABC,43841,186415,0.310699462890625,80.42971251904964,18.67098999023437,0,256
001_ABC,43841,186671,0.8405303955078125,89.43253099545836,52.218180338541664,0,256
001_ABC,43841,186927,0.7736358642578125,72.75683358847164,47.68706766764323,0,256
001_ABC,43841,187183,0.883392333984375,82.07061678823084,51.4596201578776,0,256
001_ABC,43841,187439,0.985443115234375,110.6953979989048,45.08556620279948,0,256
001_ABC,43841,187695,0.9795989990234376,124.25964119634592,42.408599853515625,0,256
001_ABC,43841,187951,0.6884307861328125,94.89196728169918,37.21959431966146,0,256
001_ABC,43841,188207,0.549896240234375,75.04030975326896,32.54808553059896,0,256
001_ABC,43841,188463,0.0782470703125,67.6322945242282,11.395197550455729,0,256
001_ABC,43841,188719,0.2513885498046875,55.67347119748592,24.482838948567707,0,256
001_ABC,43841,188975,0.49200439453125,40.96033606841229,64.8887430826823,0,256
001_ABC,43841,189231,0.5245361328125,51.02990398462862,55.40975443522135,0,256
001_ABC,44097,185647,0.0595855712890625,61.9359484964516,10.528045654296877,0,256
001_ABC,44097,185903,0.0,57.69488255097531,8.732228597005209,0,256
001_ABC,44097,186159,0.0,58.80457059200853,8.695755004882812,0,256
001_ABC,44097,186415,0.0038299560546875,63.203002327820286,8.789403279622396,0,256
001_ABC,44097,186671,0.2815704345703125,73.96261578425765,16.390289306640625,0,256
001_ABC,44097,186927,0.733551025390625,109.03414881019852,37.47431945800781,0,256
001_ABC,44097,187183,0.7764739990234375,93.17058714455924,45.78890482584635,0,256
001_ABC,44097,187439,0.7561492919921875,79.18361902888864,37.684672037760414,0,256
001_ABC,44097,187695,0.7659454345703125,85.28635035362095,30.341257731119796,0,256
001_ABC,44097,187951,0.8229217529296875,105.72264006710613,37.37109375,0,256
001_ABC,44097,188207,0.87176513671875,99.09551716945134,34.68653361002604,0,256
001_ABC,44097,188463,0.854034423828125,104.70324276178144,38.34412129720052,0,256
001_ABC,44097,188719,0.5323944091796875,76.2468563595321,30.33275349934896,0,256
001_ABC,44097,188975,0.975677490234375,43.57347770687193,112.71240743001302,0,256
001_ABC,44097,189231,0.88360595703125,80.85553346551023,97.48265584309895,0,256
001_ABC,44097,189487,0.05767822265625,52.0560127904173,8.495285034179688,0,256
001_ABC,44353,185647,0.0561981201171875,69.40594542003237,9.748977661132812,0,256
001_ABC,44353,185903,0.2101593017578125,76.02060266933404,13.190709431966146,0,256
001_ABC,44353,186159,0.5297393798828125,104.14866509940477,24.789138793945312,0,256
001_ABC,44353,186415,0.11248779296875,70.64229305251502,11.067418416341146,0,256
001_ABC,44353,186671,0.03704833984375,61.30544417724013,10.531784057617188,0,256
001_ABC,44353,186927,0.1577606201171875,67.45642846822739,12.437566121419271,0,256
001_ABC,44353,187183,0.2512359619140625,80.18492985307239,20.409678141276043,0,256
001_ABC,44353,187439,0.5081634521484375,105.10966475470924,23.472127278645832,0,256
001_ABC,44353,187695,0.63543701171875,131.1012518964708,25.07293192545573,0,256
001_ABC,44353,187951,0.7480316162109375,132.26428485568613,35.611480712890625,0,256
001_ABC,44353,188207,0.791412353515625,123.96797224041076,41.71177673339844,0,256
001_ABC,44353,188463,0.774566650390625,137.4370071196463,33.13175964355469,0,256
001_ABC,44353,188719,0.408721923828125,86.87882187124342,18.32506815592448,0,256
001_ABC,44353,188975,0.191619873046875,61.053561674198136,15.664103190104166,0,256
001_ABC,44353,189231,0.0235595703125,58.20423234230839,8.242095947265625,0,256
001_ABC,44609,185647,0.83612060546875,145.21504163369536,30.89422098795573,0,256
001_ABC,44609,185903,0.837249755859375,148.17007852136155,29.900807698567707,0,256
001_ABC,44609,186159,0.847412109375,133.36772107705474,31.57867431640625,0,256
001_ABC,44609,186415,0.7498321533203125,96.60946647729725,25.775304158528645,0,256
001_ABC,44865,184623,0.940521240234375,72.26201311289333,32.02115376790365,0,256
001_ABC,44865,184879,0.83685302734375,70.74811941361986,29.43869527180989,0,256
001_ABC,44865,185135,0.767578125,71.58632896840572,26.452056884765625,0,256
001_ABC,44865,185391,0.6320648193359375,70.68877647817135,22.89686584472656,0,256
001_ABC,44865,185647,0.6806793212890625,75.03506460413337,26.802256266276043,0,256
001_ABC,44865,185903,0.9086151123046876,72.89892580732703,38.51041666666666,0,256
001_ABC,44865,186159,0.94573974609375,73.8191906278953,33.7723388671875,0,256
001_ABC,44865,186415,0.3238525390625,56.24563074763864,14.172658284505207,0,256
001_ABC,45121,184623,0.6580657958984375,62.52294503129088,21.917633056640625,0,256
001_ABC,45121,184879,0.6953887939453125,64.54216726031154,24.10882568359375,0,256
001_ABC,45121,185135,0.6548919677734375,66.3712400381919,25.19431559244792,0,256
001_ABC,45121,185391,0.87188720703125,83.78887754585594,29.81196594238281,0,256
001_ABC,45121,185647,0.887451171875,82.5731523593422,33.449188232421875,0,256
001_ABC,45121,185903,0.705230712890625,79.45460660732351,28.62060038248698,0,256
001_ABC,45121,186159,0.2208709716796875,51.76257039955817,11.33349609375,0,256
001_ABC,45377,184879,0.7590179443359375,64.42148059234023,40.29292297363281,0,256
001_ABC,45377,185135,0.8173065185546875,74.78801906644367,30.91088358561198,0,256
001_ABC,45377,185391,0.908935546875,81.03700200445019,27.92889404296875,0,256
001_ABC,45377,185647,0.803955078125,81.32942054397427,31.66945393880208,0,256
001_ABC,45377,185903,0.084625244140625,50.82017240463756,9.131642659505207,0,256
001_ABC,45633,184879,0.943389892578125,84.45427664741874,35.7868906656901,0,256
001_ABC,45633,185135,0.80035400390625,82.03792548179626,29.54925028483073,0,256
001_ABC,45633,185391,0.924835205078125,75.33964446163736,34.79204813639323,0,256
001_ABC,45633,185647,0.3507080078125,65.36014341353439,17.863169352213543,0,256
001_ABC,45633,185903,0.194610595703125,59.78731180145405,13.787546793619793,0,256
001_ABC,45889,184879,0.8455963134765625,94.12902115075848,40.31962076822917,0,256
001_ABC,45889,185135,0.567779541015625,76.21663787122816,24.68297831217448,0,256
001_ABC,45889,185391,0.4817047119140625,73.25229449546896,19.116953531901043,0,256
001_ABC,45889,185647,0.41082763671875,70.89573004445992,19.275848388671875,0,256
001_ABC,45889,185903,0.1058349609375,57.95133804134093,10.831614176432293,0,256
001_ABC,46145,185647,0.3233795166015625,72.47915636003017,15.329243977864584,0,256
001_ABC,46145,185903,0.0616912841796875,57.23210856108926,9.75561014811198,0,256
001_ABC,46401,185903,0.11956787109375,63.21223184629344,11.07884724934896,0,256
001_ABC,46657,185903,0.59515380859375,82.53652065619826,20.061111450195312,0,256
001_ABC,46657,186159,0.7731781005859375,94.09866477153264,30.203648885091145,0,256
001_ABC,46657,186415,0.961578369140625,87.76574701070786,59.08477274576823,0,256
001_ABC,46657,186671,0.6583099365234375,98.14732052921318,24.49755859375,0,256
001_ABC,46913,185903,0.897064208984375,70.39339143200777,58.32791646321615,0,256
001_ABC,46913,186159,0.94720458984375,70.3140294989571,30.881678263346355,0,256
001_ABC,46913,186415,0.901458740234375,68.78544471389614,23.187057495117188,0,256
001_ABC,47169,185903,0.5580902099609375,70.6713557234034,23.38275146484375,0,256
001_ABC,47169,186159,0.724365234375,70.83539763255976,23.34130350748698,0,256
001_ABC,47425,186159,0.8506011962890625,84.21418761624955,32.7903086344401,0,256
001_ABC,47681,186159,0.6779327392578125,87.89537040493451,22.191940307617188,0,256
001_ABC,47937,186159,0.9274749755859376,88.59380945353769,28.989471435546875,0,256
001_ABC,48193,186159,0.9944000244140624,106.01157481386326,33.76390075683594,0,256
001_ABC,48193,186415,0.9912261962890624,99.65363156422973,28.88690185546875,0,256
001_ABC,48193,186671,0.9901123046875,118.88918298482896,30.50217692057292,0,256
001_ABC,48193,186927,0.99688720703125,110.38849173486231,29.930002848307293,0,256
001_ABC,48193,187183,0.4099273681640625,68.06852715439163,19.66339111328125,0,256
001_ABC,48449,186159,0.998138427734375,119.18949746713042,30.877003987630207,0,256
001_ABC,48449,186415,0.9991302490234376,116.60372923966496,31.569590250651043,0,256
001_ABC,48449,186671,0.9984130859375,125.55025155004114,33.35867818196615,0,256
001_ABC,48449,186927,0.983367919921875,134.24576280172914,29.73169453938802,0,256
001_ABC,48449,187183,0.8668212890625,116.30581751815043,30.190083821614586,0,256
001_ABC,48705,186159,0.9722747802734376,121.26675027608871,35.72769673665365,0,256
001_ABC,48705,186415,0.9521636962890624,108.42217943049036,31.321762084960938,0,256
001_ABC,48705,186671,0.957366943359375,114.83609115704894,31.673685709635414,0,256
001_ABC,48705,186927,0.990386962890625,113.48910175915807,33.46845499674479,0,256
001_ABC,48705,187183,0.9962005615234376,118.45324673876166,32.025736490885414,0,256
001_ABC,48705,187439,0.9615325927734376,112.01745069678871,37.15884399414063,0,256
001_ABC,48705,187695,0.4201202392578125,66.22035920247436,16.951772054036457,0,256
001_ABC,48961,186159,0.993560791015625,70.35099910199642,34.189554850260414,0,256
001_ABC,48961,186415,0.94390869140625,67.90438637044281,31.47532145182292,0,256
001_ABC,48961,186671,0.95208740234375,83.19667921960354,30.54320271809896,0,256
001_ABC,48961,186927,0.9983673095703124,91.49850390851498,33.453206380208336,0,256
001_ABC,48961,187183,0.9825897216796876,79.49781496613286,30.766260782877605,0,256
001_ABC,48961,187439,0.91888427734375,71.64816601178609,27.963953653971355,0,256
001_ABC,48961,187695,0.89453125,67.03680355008692,31.64007059733073,0,256
001_ABC,49217,186159,0.8498992919921875,77.3595831245184,28.353856404622395,0,256
001_ABC,49217,186415,0.9591827392578124,81.95070771104656,29.339497884114586,0,256
001_ABC,49217,186671,0.977325439453125,95.33520997106098,32.707621256510414,0,256
001_ABC,49217,186927,0.99749755859375,95.07046101987362,29.97620137532552,0,256
001_ABC,49217,187183,0.9950408935546876,79.46862482652068,30.17040506998698,0,256
001_ABC,49217,187439,0.9844818115234376,71.61074739601463,28.478612263997395,0,256
001_ABC,49217,187695,1.0,74.535771334311,33.51045735677084,0,256
001_ABC,49217,187951,0.388031005859375,53.51150289084762,14.81390380859375,0,256
001_ABC,49473,186415,0.9432220458984376,83.90902314498089,28.08616129557292,0,256
001_ABC,49473,186671,0.8863983154296875,83.90445238887332,28.61846923828125,0,256
001_ABC,49473,186927,0.980010986328125,94.8556190095842,30.60595194498698,0,256
001_ABC,49473,187183,0.9999847412109376,84.81362914666533,32.620646158854164,0,256
001_ABC,49473,187439,1.0,85.49629150866531,31.853057861328125,0,256
001_ABC,49473,187695,0.9886322021484376,87.42545910086483,34.461588541666664,0,256
001_ABC,49473,187951,0.900115966796875,81.92560075013898,32.872283935546875,0,256
001_ABC,49473,188207,0.0457916259765625,45.428213343024254,7.449656168619792,0,256
001_ABC,49729,186415,0.922515869140625,89.22398553788662,27.425181070963543,0,256
001_ABC,49729,186671,0.9752655029296876,91.67953008413316,27.613800048828125,0,256
001_ABC,49729,186927,0.9776458740234376,92.70356678124516,29.49927266438802,0,256
001_ABC,49729,187183,0.9998016357421876,88.48701390414499,31.488250732421875,0,256
001_ABC,49729,187439,1.0,89.59884771867655,34.30326843261719,0,256
001_ABC,49729,187695,0.967803955078125,86.38721548183821,31.821197509765625,0,256
001_ABC,49729,187951,0.9965667724609376,100.5456253362354,34.605570475260414,0,256
001_ABC,49729,188207,0.681884765625,82.82580755557865,25.10666402180989,0,256
001_ABC,49985,186415,0.87811279296875,91.31173262535594,26.32630920410156,0,256
001_ABC,49985,186671,0.9442291259765624,93.9159137175884,25.329010009765625,0,256
001_ABC,49985,186927,0.9818878173828124,87.39723689015955,28.740163167317707,0,256
001_ABC,49985,187183,1.0,94.0346923393663,34.86620585123698,0,256
001_ABC,49985,187439,1.0,88.5248525282368,31.47802225748698,0,256
001_ABC,49985,187695,0.9882965087890624,94.30747981905006,33.36613464355469,0,256
001_ABC,49985,187951,0.9601898193359376,103.60997563507408,31.576502482096355,0,256
001_ABC,49985,188207,0.974151611328125,102.74967589601874,33.728434244791664,0,256
001_ABC,49985,188463,0.820343017578125,95.8198501688894,28.60047912597656,0,256
001_ABC,50241,186671,0.9923248291015624,111.6992075664457,31.14060465494792,0,256
001_ABC,50241,186927,0.9843902587890624,94.97989939060062,27.17681376139323,0,256
001_ABC,50241,187183,1.0,100.3240012077149,32.3922373453776,0,256
001_ABC,50241,187439,1.0,102.5969090424478,33.96977742513021,0,256
001_ABC,50241,187695,1.0,96.3262255480513,32.52843221028646,0,256
001_ABC,50241,187951,0.999664306640625,98.00327220186593,30.155649820963543,0,256
001_ABC,50241,188207,0.9833984375,108.72427813871764,28.77989196777344,0,256
001_ABC,50241,188463,0.8950653076171875,114.27644138014875,29.281209309895832,0,256
001_ABC,50241,188719,0.734619140625,107.9431167447474,27.257715861002605,0,256
001_ABC,50497,186671,0.9442596435546876,106.8986503535416,28.05988057454427,0,256
001_ABC,50497,186927,0.9194183349609376,106.96724585047924,29.735483805338543,0,256
001_ABC,50497,187183,0.995361328125,108.66905086277984,31.100107828776043,0,256
001_ABC,50497,187439,1.0,117.53883139579555,35.462198893229164,0,256
001_ABC,50497,187695,0.9994049072265624,112.69605606026016,31.924967447916668,0,256
001_ABC,50497,187951,0.9917755126953124,120.54753869771956,29.95503234863281,0,256
001_ABC,50497,188207,0.9932861328125,109.1456499164924,31.44635518391927,0,256
001_ABC,50497,188463,0.9640960693359376,114.24241337087004,28.98983764648437,0,256
001_ABC,50497,188719,0.9752960205078124,133.4868242433295,33.936991373697914,0,256
001_ABC,50497,188975,0.7230224609375,101.95157878450118,26.22396850585937,0,256
001_ABC,50753,186671,0.9105377197265624,131.13389065489173,34.051116943359375,0,256
001_ABC,50753,186927,0.9887847900390624,109.44346132781357,31.436935424804688,0,256
001_ABC,50753,187183,1.0,99.1341557353735,31.98594665527344,0,256
001_ABC,50753,187439,0.99658203125,105.67552944249474,29.878921508789062,0,256
001_ABC,50753,187695,0.998931884765625,106.37128560151903,32.42332458496094,0,256
001_ABC,50753,187951,0.9736785888671876,121.28735458478332,33.972310384114586,0,256
001_ABC,50753,188207,0.975799560546875,93.05619615316392,30.19977315266927,0,256
001_ABC,50753,188463,0.902435302734375,96.04600019659848,28.25982666015625,0,256
001_ABC,50753,188719,0.9983367919921876,117.58883559331298,34.39274597167969,0,256
001_ABC,50753,188975,0.9708251953125,114.89439287572168,34.3991953531901,0,256
001_ABC,50753,189231,0.5341339111328125,87.1501115327701,23.130691528320312,0,256
001_ABC,51009,186671,0.6755218505859375,78.89292837283574,23.349817911783852,0,256
001_ABC,51009,186927,0.9864501953125,78.65100698894821,31.067281087239586,0,256
001_ABC,51009,187183,0.9998779296875,71.33575406298041,30.202840169270832,0,256
001_ABC,51009,187439,0.993621826171875,69.27717422111891,32.44408671061198,0,256
001_ABC,51009,187695,1.0,69.62284110486507,33.68602498372396,0,256
001_ABC,51009,187951,0.93402099609375,68.90382337197661,32.24739074707031,0,256
001_ABC,51009,188207,0.991302490234375,69.46322828694247,29.197408040364586,0,256
001_ABC,51009,188463,0.997344970703125,70.77383480966091,33.36834208170573,0,256
001_ABC,51009,188719,0.9510040283203124,80.2523193359375,31.41077168782552,0,256
001_ABC,51009,188975,0.996551513671875,74.61818147986196,31.94592793782552,0,256
001_ABC,51009,189231,0.9803314208984376,90.71754438593052,40.54059855143229,0,256
001_ABC,51009,189487,0.3983001708984375,64.42132567521185,19.740590413411457,0,256
001_ABC,51265,186927,0.9725189208984376,81.87045220192522,27.621902465820312,0,256
001_ABC,51265,187183,0.9988861083984376,69.741745169973,29.452245076497395,0,256
001_ABC,51265,187439,0.99267578125,71.47864883369766,31.207468668619796,0,256
001_ABC,51265,187695,0.999908447265625,74.81351908203214,34.11332702636719,0,256
001_ABC,51265,187951,0.992523193359375,70.45628045499325,27.393641153971355,0,256
001_ABC,51265,188207,0.998779296875,72.05993313505314,29.662887573242188,0,256
001_ABC,51265,188463,1.0,73.89835449680686,31.528966267903645,0,256
001_ABC,51265,188719,0.9745941162109376,79.88837817218155,32.10094197591146,0,256
001_ABC,51265,188975,0.9973297119140624,82.78374617453665,33.82042439778646,0,256
001_ABC,51265,189231,0.83013916015625,71.87089189514518,30.035812377929688,0,256
001_ABC,51265,189487,0.8952789306640625,78.43346678372473,32.36690775553385,0,256
001_ABC,51265,189743,0.3252105712890625,60.59909255709499,18.869588216145832,0,256
001_ABC,51521,187183,0.968719482421875,76.84802755317651,29.162302652994796,0,256
001_ABC,51521,187439,0.999908447265625,89.28113653860055,39.14889526367188,0,256
001_ABC,51521,187695,0.9983062744140624,81.37828124291264,30.500991821289062,0,256
001_ABC,51521,187951,0.9975738525390624,82.77851911541075,31.93416341145833,0,256
001_ABC,51521,188207,0.9995880126953124,85.51644549123012,31.806447347005207,0,256
001_ABC,51521,188463,1.0,85.851786240004,30.949935913085938,0,256
001_ABC,51521,188719,0.9998321533203124,83.78407263662666,29.85089619954427,0,256
001_ABC,51521,188975,0.9927978515625,75.55365298688412,26.7259521484375,0,256
001_ABC,51521,189231,0.999725341796875,84.08439582493156,30.171401977539062,0,256
001_ABC,51521,189487,0.9486083984375,74.24087054934353,29.61873372395833,0,256
001_ABC,51521,189743,0.9249420166015624,82.13433000352234,37.070536295572914,0,256
001_ABC,51521,189999,0.1001434326171875,56.625233912607655,10.960586547851562,0,256
001_ABC,51777,187183,0.9553375244140624,77.923201023601,30.31967163085937,0,256
001_ABC,51777,187439,0.96551513671875,92.49422800447792,32.03752136230469,0,256
001_ABC,51777,187695,0.9764251708984376,91.8184919198975,34.04700215657552,0,256
001_ABC,51777,187951,0.9995880126953124,90.67438355996272,37.08411661783854,0,256
001_ABC,51777,188207,1.0,91.13207422196864,33.126800537109375,0,256
001_ABC,51777,188463,1.0,93.2091612285003,34.30262247721354,0,256
001_ABC,51777,188719,0.9781036376953124,77.24877512361854,29.93101501464844,0,256
001_ABC,51777,188975,0.9944610595703124,79.12660217285156,26.818761189778645,0,256
001_ABC,51777,189231,0.9976043701171876,80.84385092905723,30.163818359375,0,256
001_ABC,51777,189487,1.0,79.2723737321794,30.756276448567707,0,256
001_ABC,51777,189743,1.0,97.83731079753488,36.27771504720052,0,256
001_ABC,51777,189999,0.6551055908203125,83.91076487954706,24.074666341145832,0,256
001_ABC,52033,187183,0.9515380859375,101.65599244832993,32.49334716796875,0,256
001_ABC,52033,187439,0.990203857421875,107.4646905788686,32.26708475748698,0,256
001_ABC,52033,187695,0.9619293212890624,78.57492337282747,26.17311604817708,0,256
001_ABC,52033,187951,1.0,94.74093892797828,34.178253173828125,0,256
001_ABC,52033,188207,0.9993743896484376,98.88034900650382,29.61304219563802,0,256
001_ABC,52033,188463,0.9986419677734376,94.62945377244614,30.18247985839844,0,256
001_ABC,52033,188719,0.98736572265625,86.6455242773518,32.19139099121094,0,256
001_ABC,52033,188975,0.9920654296875,89.40584128256887,27.953648885091145,0,256
001_ABC,52033,189231,0.9935302734375,87.53389786183834,32.958028157552086,0,256
001_ABC,52033,189487,0.995849609375,92.21069572027773,32.782816569010414,0,256
001_ABC,52033,189743,0.9904632568359376,104.95204222924076,32.657318115234375,0,256
001_ABC,52033,189999,0.973876953125,100.8125441109296,29.337117513020832,0,256
001_ABC,52033,190255,0.4184112548828125,71.71325339167379,17.201624552408855,0,256
001_ABC,52289,187183,0.773223876953125,97.74120639264584,26.033279418945312,0,256
001_ABC,52289,187439,0.991607666015625,100.29395636543632,32.03873189290365,0,256
001_ABC,52289,187695,0.95037841796875,90.5083023419138,27.95094807942708,0,256
001_ABC,52289,187951,0.980194091796875,112.39404010376892,33.28380330403646,0,256
001_ABC,52289,188207,0.994110107421875,123.37391935195774,33.773966471354164,0,256
001_ABC,52289,188463,0.9576873779296876,116.97985976934432,32.62298583984375,0,256
001_ABC,52289,188719,0.9891357421875,89.64441629662178,33.03538513183594,0,256
001_ABC,52289,188975,0.9971923828125,85.73849765001796,30.58954366048177,0,256
001_ABC,52289,189231,0.967529296875,86.078959150007,29.726359049479168,0,256
001_ABC,52289,189487,0.982574462890625,97.25339412689208,31.900548299153645,0,256
001_ABC,52289,189743,0.9268798828125,101.87849126756193,30.499191284179688,0,256
001_ABC,52289,189999,0.9508209228515624,92.38171558617614,30.897104899088543,0,256
001_ABC,52289,190255,0.8152008056640625,93.37274936935864,32.91351826985677,0,256
001_ABC,52545,187439,0.9393768310546876,112.3480787044391,29.648691813151043,0,256
001_ABC,52545,187695,0.985137939453125,102.02678606822155,36.00001525878906,0,256
001_ABC,52545,187951,0.962066650390625,128.81650631478988,39.509552001953125,0,256
001_ABC,52545,188207,0.9779205322265624,131.3146873852238,31.634236653645832,0,256
001_ABC,52545,188463,0.9510498046875,117.98374928697012,32.395772298177086,0,256
001_ABC,52545,188719,0.9693450927734376,98.15411924361251,31.084513346354168,0,256
001_ABC,52545,188975,0.9613800048828124,95.9210853909608,28.20818583170573,0,256
001_ABC,52545,189231,0.9911041259765624,101.95024746283887,31.515055338541668,0,256
001_ABC,52545,189487,0.9060211181640624,117.73136770888232,29.79060872395833,0,256
001_ABC,52545,189743,0.95977783203125,130.3896717876196,30.944956461588543,0,256
001_ABC,52545,189999,0.7370758056640625,100.10480070835912,26.057520548502605,0,256
001_ABC,52545,190255,0.5145416259765625,74.50060337944888,18.958236694335938,0,256
001_ABC,52801,187439,0.8974456787109375,113.44697207189164,30.17260233561198,0,256
001_ABC,52801,187695,0.9153594970703124,139.47050189203583,33.368428548177086,0,256
001_ABC,52801,187951,0.8677520751953125,108.73177224304528,30.641743977864586,0,256
001_ABC,52801,188207,0.9231719970703124,108.00836111512037,29.75891621907552,0,256
001_ABC,52801,188463,0.934417724609375,94.97386689460836,30.394846598307293,0,256
001_ABC,52801,188719,0.983642578125,102.54799628257751,32.6395009358724,0,256
001_ABC,52801,188975,0.9437408447265624,99.2556762099266,28.469655354817707,0,256
001_ABC,52801,189231,0.96234130859375,107.67442100401968,32.1141103108724,0,256
001_ABC,52801,189487,0.979248046875,114.06440416141412,31.243687947591145,0,256
001_ABC,52801,189743,0.9756622314453124,116.0338596382644,32.46337381998698,0,256
001_ABC,52801,189999,0.677154541015625,95.61660692072472,24.382288614908852,0,256
001_ABC,52801,190255,0.688873291015625,79.3937959074974,23.60596211751302,0,256
001_ABC,52801,190511,0.826202392578125,89.58836717135273,30.96483357747396,0,256
001_ABC,53057,187695,0.690093994140625,72.88542162999511,27.896764119466145,0,256
001_ABC,53057,187951,0.8414154052734375,72.46678107883781,25.789072672526043,0,256
001_ABC,53057,188207,0.936798095703125,64.06433093524538,32.267415364583336,0,256
001_ABC,53057,188463,0.9101715087890624,65.87519436865114,30.676727294921875,0,256
001_ABC,53057,188719,0.91357421875,82.5486485583242,28.711741129557293,0,256
001_ABC,53057,188975,0.9769134521484376,76.69999627931975,32.25805155436198,0,256
001_ABC,53057,189231,0.9072265625,76.69058798253536,28.94894917805989,0,256
001_ABC,53057,189487,0.9932708740234376,76.08009716775268,34.37444559733073,0,256
001_ABC,53057,189743,0.894287109375,73.86316265142523,31.88646443684896,0,256
001_ABC,53057,189999,0.753173828125,63.768893398111686,26.937896728515625,0,256
001_ABC,53057,190255,0.98590087890625,69.12038244958967,35.94770304361979,0,256
001_ABC,53057,190511,0.988555908203125,78.42362325801514,37.56084696451823,0,256
001_ABC,53057,190767,0.167877197265625,41.48667472391389,9.573186238606771,0,256
001_ABC,53313,187695,0.80487060546875,85.91887152846903,24.104537963867188,0,256
001_ABC,53313,187951,0.86273193359375,73.69994882284664,26.928680419921875,0,256
001_ABC,53313,188207,0.9571380615234376,71.15779384132475,30.990707397460938,0,256
001_ABC,53313,188463,0.8868408203125,73.36163234338164,30.332834879557293,0,256
001_ABC,53313,188719,0.9073638916015624,84.51312976679765,29.08791097005208,0,256
001_ABC,53313,188975,0.9282989501953124,82.69686541310512,28.779083251953125,0,256
001_ABC,53313,189231,0.9445343017578124,75.19294157251716,32.76094055175781,0,256
001_ABC,53313,189487,0.98846435546875,78.07056849054061,37.13280741373698,0,256
001_ABC,53313,189743,0.9513397216796876,85.78506480809301,35.25312296549479,0,256
001_ABC,53313,189999,0.9708099365234376,87.71125671919435,38.80287170410156,0,256
001_ABC,53313,190255,0.876617431640625,82.89749139547348,28.50865173339844,0,256
001_ABC,53313,190511,0.9654083251953124,80.36426045652479,33.80438232421875,0,256
001_ABC,53313,190767,0.36865234375,58.10406386642717,12.734649658203123,0,256
001_ABC,53569,187695,0.7805938720703125,99.96195717318916,27.486414591471355,0,256
001_ABC,53569,187951,0.5695037841796875,75.61123788519762,17.637502034505207,0,256
001_ABC,53569,188207,0.8363494873046875,97.35361582948826,26.61688741048177,0,256
001_ABC,53569,188463,0.9031219482421876,81.79625824815594,35.17381795247396,0,256
001_ABC,53569,188719,0.8354644775390625,78.62666839361191,32.0821533203125,0,256
001_ABC,53569,188975,0.8572845458984375,88.90018959506415,31.532018025716145,0,256
001_ABC,53569,189231,0.9400482177734376,85.30605468060821,33.27567036946615,0,256
001_ABC,53569,189487,0.91180419921875,86.87408374249935,35.742645263671875,0,256
001_ABC,53569,189743,0.8238983154296875,92.84501543431544,27.016270955403645,0,256
001_ABC,53569,189999,0.75775146484375,88.30419240891933,27.842330932617188,0,256
001_ABC,53569,190255,0.774658203125,84.34776049014181,26.558517456054688,0,256
001_ABC,53569,190511,0.9030303955078124,84.29748253431171,32.49384053548177,0,256
001_ABC,53569,190767,0.6326141357421875,81.39173372252844,19.50594075520833,0,256
001_ABC,53825,187439,0.799591064453125,91.07903750962578,25.69504801432292,0,256
001_ABC,53825,187695,0.907623291015625,107.55169466044754,33.12024434407552,0,256
001_ABC,53825,187951,0.783172607421875,76.15184015757404,26.982045491536457,0,256
001_ABC,53825,188207,0.5490875244140625,74.03322523739189,20.18099975585937,0,256
001_ABC,53825,188463,0.60009765625,65.30300786695443,19.349461873372395,0,256
001_ABC,53825,188719,0.7545623779296875,59.709121633088216,24.27239481608073,0,256
001_ABC,53825,188975,0.8376922607421875,70.37169168889523,28.752115885416668,0,256
001_ABC,53825,189231,0.5377349853515625,68.99299501790665,19.22263081868489,0,256
001_ABC,53825,189487,0.56793212890625,79.2547422030475,20.120274861653645,0,256
001_ABC,53825,189743,0.5160064697265625,78.5802764610853,19.17809549967448,0,256
001_ABC,53825,189999,0.80218505859375,91.12845728150567,31.16865539550781,0,256
001_ABC,53825,190255,0.9534759521484376,92.89875491615383,33.31597900390625,0,256
001_ABC,53825,190511,0.8880157470703125,93.94004075764678,31.668482462565105,0,256
001_ABC,53825,190767,0.7237091064453125,89.49549037124962,25.43230692545573,0,256
001_ABC,54081,186415,0.8642120361328125,85.66067921719514,33.791748046875,0,256
001_ABC,54081,186671,0.670013427734375,81.05128002888523,26.056737263997395,0,256
001_ABC,54081,186927,0.7566070556640625,86.39550609863363,32.21147155761719,0,256
001_ABC,54081,187183,0.8558197021484375,105.65520515642127,32.76727294921875,0,256
001_ABC,54081,187439,0.8973388671875,90.0959934273269,22.96809895833333,0,256
001_ABC,54081,187695,1.0,70.91927320114337,42.6685536702474,0,256
001_ABC,54081,187951,1.0,59.949246417498216,49.18285115559896,0,256
001_ABC,54081,188207,0.9541168212890624,64.59266363084316,40.8230946858724,0,256
001_ABC,54081,188463,0.80401611328125,70.16563586308621,23.925608317057293,0,256
001_ABC,54081,188719,0.984893798828125,63.47594735678285,31.39721171061198,0,256
001_ABC,54081,188975,0.999725341796875,60.47139313723892,40.39290873209635,0,256
001_ABC,54081,189231,0.8248443603515625,57.15679585095495,38.1898193359375,0,256
001_ABC,54081,189487,0.5576171875,59.71987414709292,20.832015991210938,0,256
001_ABC,54081,189743,0.496063232421875,58.13574134930968,17.824111938476562,0,256
001_ABC,54081,189999,0.885345458984375,80.1594135677442,31.30444844563802,0,256
001_ABC,54081,190255,0.6437225341796875,80.54723070561886,21.54612223307292,0,256
001_ABC,54081,190511,0.934844970703125,70.78383555985056,35.327860514322914,0,256
001_ABC,54081,190767,0.65875244140625,59.5214809095487,26.935506184895832,0,256
001_ABC,54337,186159,0.636627197265625,93.5421113371849,23.860605875651043,0,256
001_ABC,54337,186415,0.9110870361328124,114.13703263527714,35.27539571126302,0,256
001_ABC,54337,186671,0.7939910888671875,94.72107948525807,27.70012919108073,0,256
001_ABC,54337,186927,0.7961578369140625,103.48820377117954,26.34759012858073,0,256
001_ABC,54337,187183,0.844757080078125,136.9751394370105,26.614115397135414,0,256
001_ABC,54337,187439,0.8780670166015625,99.12767028808594,26.49481709798177,0,256
001_ABC,54337,187695,0.952423095703125,93.61511871009134,33.801177978515625,0,256
001_ABC,54337,187951,0.9632720947265624,89.66443440853618,31.999542236328125,0,256
001_ABC,54337,188207,0.98724365234375,75.48581634368747,37.52142842610677,0,256
001_ABC,54337,188463,0.9998931884765624,70.65423825290054,37.46966044108073,0,256
001_ABC,54337,188719,0.6780548095703125,66.28825879259966,23.41448465983073,0,256
001_ABC,54337,188975,0.7336578369140625,75.08477611816488,27.5560302734375,0,256
001_ABC,54337,189231,0.9992828369140624,73.59584829374216,44.52282206217448,0,256
001_ABC,54337,189487,0.9105987548828124,70.11640858557075,30.83172098795573,0,256
001_ABC,54337,189743,0.8267669677734375,65.16381703317165,25.64654541015625,0,256
001_ABC,54337,189999,0.99078369140625,71.06165517284535,39.1155039469401,0,256
001_ABC,54337,190255,0.9563140869140624,68.45240665203892,32.591288248697914,0,256
001_ABC,54337,190511,0.5808258056640625,59.774628756335005,20.645167032877605,0,256
001_ABC,54337,190767,0.0156097412109375,25.98677278845571,5.058695475260417,0,256
001_ABC,54593,186159,0.8126068115234375,91.04316566116177,35.96843973795573,0,256
001_ABC,54593,186415,0.780181884765625,136.77907337155193,26.35548909505208,0,256
001_ABC,54593,186671,0.8631744384765625,138.55931570916437,30.12428792317708,0,256
001_ABC,54593,186927,0.6714019775390625,95.53605835116468,20.37717183430989,0,256
001_ABC,54593,187183,0.9663543701171876,148.17830057349056,32.69426981608073,0,256
001_ABC,54593,187439,0.856597900390625,120.11030226922594,28.09619649251302,0,256
001_ABC,54593,187695,0.96563720703125,160.87307246192358,34.470377604166664,0,256
001_ABC,54593,187951,0.924560546875,120.99921220541,26.776407877604168,0,256
001_ABC,54593,188207,0.8048248291015625,104.4593007704243,27.14463806152344,0,256
001_ABC,54593,188463,0.823211669921875,114.75429419032298,25.56646219889323,0,256
001_ABC,54593,188719,0.806732177734375,95.69775366783142,26.40749104817708,0,256
001_ABC,54593,188975,0.2547607421875,57.60643391218037,12.742568969726562,0,256
001_ABC,54593,189231,0.9918365478515624,75.13514777924865,35.25652058919271,0,256
001_ABC,54593,189487,0.7826080322265625,63.81391030177474,28.493667602539062,0,256
001_ABC,54593,189743,0.5444488525390625,65.08937797602266,20.696970621744796,0,256
001_ABC,54593,189999,0.6928558349609375,71.75829313672148,24.157674153645832,0,256
001_ABC,54593,190255,0.7185211181640625,72.70706835365854,25.379491170247395,0,256
001_ABC,54849,185903,0.923583984375,113.11742663010956,33.80750020345052,0,256
001_ABC,54849,186159,0.8625640869140625,99.73199838399889,31.939254760742188,0,256
001_ABC,54849,186415,0.7641754150390625,115.54351790901272,23.828999837239586,0,256
001_ABC,54849,186671,0.76470947265625,124.92138168937528,25.124226888020832,0,256
001_ABC,54849,186927,0.7426605224609375,105.48004413302988,22.93318684895833,0,256
001_ABC,54849,187183,0.8610992431640625,129.0167849799618,27.95562235514323,0,256
001_ABC,54849,187439,0.909881591796875,125.4959882348776,26.887466430664062,0,256
001_ABC,54849,187695,0.841033935546875,124.55007294542156,27.18549092610677,0,256
001_ABC,54849,187951,0.966400146484375,127.60940375714564,31.310302734375,0,256
001_ABC,54849,188207,0.9312744140625,107.31094501912594,31.867233276367188,0,256
001_ABC,54849,188463,0.9198760986328124,109.49948611762376,26.56225077311198,0,256
001_ABC,54849,188719,0.9122467041015624,102.46106465323828,30.855153401692707,0,256
001_ABC,54849,188975,0.19512939453125,44.327961522853,10.908843994140623,0,256
001_ABC,54849,189231,0.948638916015625,92.0039655631408,34.20258076985677,0,256
001_ABC,54849,189487,0.8720550537109375,96.87651310279034,28.726816813151043,0,256
001_ABC,55105,185903,0.7641754150390625,68.81273830472492,33.65839640299479,0,256
001_ABC,55105,186159,0.8550262451171875,70.43384697078727,32.52953592936198,0,256
001_ABC,55105,186415,0.9084625244140624,77.03587021841668,31.583323160807293,0,256
001_ABC,55105,186671,0.9076385498046876,82.14773879945278,26.928634643554688,0,256
001_ABC,55105,186927,0.7851104736328125,89.07034271582961,24.8551025390625,0,256
001_ABC,55105,187183,0.7236480712890625,80.18348693847656,24.06591288248698,0,256
001_ABC,55105,187439,0.9514007568359376,99.05348166427576,32.09564717610677,0,256
001_ABC,55105,187695,0.936004638671875,79.32330520427786,30.062169392903645,0,256
001_ABC,55105,187951,0.9928436279296876,84.10701793432236,39.56775410970052,0,256
001_ABC,55105,188207,0.9986724853515624,77.75949961855076,35.3519287109375,0,256
001_ABC,55105,188463,0.9653472900390624,72.55485741398297,31.109507242838543,0,256
001_ABC,55105,188719,0.818878173828125,83.19797929539345,30.919291178385414,0,256
001_ABC,55105,188975,0.4225311279296875,63.619190659374,17.787887573242188,0,256
001_ABC,55105,189231,0.9972686767578124,77.94468034710735,38.92622884114584,0,256
001_ABC,55105,189487,0.7937164306640625,81.69130857940763,31.21127319335937,0,256
001_ABC,55361,185647,0.832000732421875,90.12944905250332,35.79541524251302,0,256
001_ABC,55361,185903,0.732086181640625,69.7857139967382,28.152262369791668,0,256
001_ABC,55361,186159,0.8106536865234375,78.14419817528687,27.171666463216145,0,256
001_ABC,55361,186415,0.821563720703125,84.69988263375126,29.428726196289062,0,256
001_ABC,55361,186671,0.8928985595703125,84.21329418173991,26.00072224934896,0,256
001_ABC,55361,186927,0.9813079833984376,101.15836621052586,32.168131510416664,0,256
001_ABC,55361,187183,0.9776611328125,93.66432172968052,33.235636393229164,0,256
001_ABC,55361,187439,0.999053955078125,79.97065219189972,34.24701436360677,0,256
001_ABC,55361,187695,0.985321044921875,96.3913907741662,31.78026835123698,0,256
001_ABC,55361,187951,0.974456787109375,85.44708859547973,33.66217549641927,0,256
001_ABC,55361,188207,0.9889373779296876,76.45716747059487,30.5985107421875,0,256
001_ABC,55361,188463,0.997650146484375,83.57256887853146,35.42839558919271,0,256
001_ABC,55361,188719,0.5614471435546875,80.05213042884134,23.552530924479168,0,256
001_ABC,55361,188975,0.49603271484375,75.89628337323666,18.83750915527344,0,256
001_ABC,55361,189231,0.9794769287109376,87.0551174543798,32.70073954264323,0,256
001_ABC,55361,189487,0.60546875,94.50610029604286,25.59730529785156,0,256
001_ABC,55617,185647,0.7835235595703125,82.24422895815223,33.07658894856771,0,256
001_ABC,55617,185903,0.9396514892578124,103.466719472548,38.54886881510416,0,256
001_ABC,55617,186159,0.78826904296875,92.6815865316894,27.737223307291668,0,256
001_ABC,55617,186415,0.820220947265625,92.92856415268034,29.371063232421875,0,256
001_ABC,55617,186671,0.9166107177734376,94.33553645922802,29.471176147460938,0,256
001_ABC,55617,186927,0.9730682373046876,112.70563512668014,35.25323994954427,0,256
001_ABC,55617,187183,0.908203125,91.48969320114702,29.086715698242188,0,256
001_ABC,55617,187439,0.964385986328125,99.0713395923376,30.746434529622395,0,256
001_ABC,55617,187695,0.992889404296875,102.52380194305442,32.315755208333336,0,256
001_ABC,55617,187951,0.98248291015625,89.17354768514633,32.03736877441406,0,256
001_ABC,55617,188207,0.996826171875,90.99697813019156,36.75396728515625,0,256
001_ABC,55617,188463,0.9115753173828124,89.43679620977491,29.610499064127605,0,256
001_ABC,55617,188719,0.478668212890625,77.964919090271,23.24132792154948,0,256
001_ABC,55873,185647,0.9187469482421876,113.64263056218624,40.73750305175781,0,256
001_ABC,55873,185903,0.8582305908203125,102.31932994350792,31.94393920898437,0,256
001_ABC,55873,186159,0.8380126953125,102.4280605679378,30.21313985188802,0,256
001_ABC,55873,186415,0.7746734619140625,98.7445145060774,24.48896789550781,0,256
001_ABC,55873,186671,0.95892333984375,113.28337896964511,36.75098164876302,0,256
001_ABC,55873,186927,0.997650146484375,127.44559132657014,34.190897623697914,0,256
001_ABC,55873,187183,0.99664306640625,106.8028182387352,38.94036356608073,0,256
001_ABC,55873,187439,0.9740142822265624,91.80750375147908,34.061381022135414,0,256
001_ABC,55873,187695,0.956329345703125,100.65175113989972,34.63014221191406,0,256
001_ABC,55873,187951,0.9576873779296876,117.46710328548215,33.2958730061849,0,256
001_ABC,55873,188207,0.9803924560546876,99.18972431775182,34.203338623046875,0,256
001_ABC,55873,188463,0.8275604248046875,93.95888613699935,29.39202372233073,0,256
001_ABC,56129,185647,0.954742431640625,104.01669028308244,36.19986979166666,0,256
001_ABC,56129,185903,0.8273773193359375,95.92473654355854,31.49831136067708,0,256
001_ABC,56129,186159,0.6721954345703125,91.56273464020342,25.783299763997395,0,256
001_ABC,56129,186415,0.811767578125,95.55653018481098,26.296290079752605,0,256
001_ABC,56129,186671,0.9585723876953124,140.13083849847317,36.53852844238281,0,256
001_ABC,56129,186927,0.9926300048828124,159.15822307555936,37.72228495279948,0,256
001_ABC,56129,187183,0.983367919921875,136.40392860677093,34.91631062825521,0,256
001_ABC,56129,187439,0.9385223388671876,99.34757520165294,29.921112060546875,0,256
001_ABC,56129,187695,0.9907989501953124,109.85413578501904,31.9093017578125,0,256
001_ABC,56129,187951,0.9735565185546876,132.86008821427822,36.180267333984375,0,256
001_ABC,56129,188207,0.821685791015625,116.0302558967378,29.511962890625,0,256
001_ABC,56129,188463,0.56036376953125,107.9377689026296,20.21692403157552,0,256
001_ABC,56385,185647,0.6107635498046875,98.37107202759944,22.726104736328125,0,256
001_ABC,56385,185903,0.7982940673828125,111.92425458785146,28.73781331380208,0,256
001_ABC,56385,186159,0.8935089111328125,107.64164202823304,33.64324442545573,0,256
001_ABC,56385,186415,0.9387054443359376,109.68035432323812,37.29340616861979,0,256
001_ABC,56385,186671,0.869293212890625,108.30589259020051,35.43099466959635,0,256
001_ABC,56385,186927,0.9947967529296876,153.1769454141613,40.17696634928385,0,256
001_ABC,56385,187183,0.9923095703125,160.3433606789913,35.89966837565104,0,256
001_ABC,56385,187439,0.98468017578125,160.77374705299735,33.452667236328125,0,256
001_ABC,56385,187695,0.9959564208984376,172.20070898439735,40.43013509114584,0,256
001_ABC,56385,187951,0.9583740234375,146.48385963379403,30.473256429036457,0,256
001_ABC,56385,188207,0.858245849609375,121.78821669681928,26.72230529785156,0,256
001_ABC,56385,188463,0.6950531005859375,116.59249746403655,22.26171366373698,0,256
001_ABC,56641,185903,0.739410400390625,108.65898404922336,26.995508829752605,0,256
001_ABC,56641,186159,0.68170166015625,126.2521662702784,23.773340861002605,0,256
001_ABC,56641,186415,0.7256927490234375,157.7311905825045,28.182403564453125,0,256
001_ABC,56641,186671,0.9624786376953124,121.91711266874336,36.09033203125,0,256
001_ABC,56641,186927,0.999786376953125,170.6468544860836,50.55284627278646,0,256
001_ABC,56641,187183,0.9889984130859376,209.42416992760263,44.15156046549479,0,256
001_ABC,56641,187439,0.9936981201171876,212.22456211503595,45.46683756510416,0,256
001_ABC,56641,187695,0.9919891357421876,182.06702575436796,46.52167256673177,0,256
001_ABC,56641,187951,0.96844482421875,156.79016183223575,40.30270385742188,0,256
001_ABC,56641,188207,0.8634796142578125,141.1273651123047,31.768030802408852,0,256
001_ABC,56641,188463,0.876007080078125,128.50945038883947,31.302907307942707,0,256
001_ABC,56897,185903,0.7367401123046875,97.22644945024513,29.84569295247396,0,256
001_ABC,56897,186159,0.9248199462890624,110.54899909696542,29.064493815104168,0,256
001_ABC,56897,186415,0.9254150390625,89.33515922329389,41.10479227701823,0,256
001_ABC,56897,186671,0.9513397216796876,93.77257660753094,37.72813924153646,0,256
001_ABC,56897,186927,0.9672698974609376,110.7043013551738,32.04886372884115,0,256
001_ABC,56897,187183,0.9819183349609376,197.967352733016,33.8291269938151,0,256
001_ABC,56897,187439,0.975433349609375,167.8517013990786,34.86246236165365,0,256
001_ABC,56897,187695,0.9001617431640625,134.07895912392996,29.557993570963543,0,256
001_ABC,56897,187951,0.8277740478515625,119.90970898396336,27.117843627929688,0,256
001_ABC,56897,188207,0.65533447265625,123.85473894677123,20.971694946289062,0,256
001_ABC,56897,188463,0.5397796630859375,87.99307992658578,23.80335998535156,0,256
001_ABC,57153,186159,0.769927978515625,69.93037235364318,30.718963623046875,0,256
001_ABC,57153,186415,0.7359619140625,70.74949221662246,25.38728841145833,0,256
001_ABC,57153,186671,0.547760009765625,68.15730277798139,19.038848876953125,0,256
001_ABC,57153,186927,0.8756256103515625,78.69721585302614,28.658604939778645,0,256
001_ABC,57153,187183,0.8966064453125,78.75824521481991,31.36143493652344,0,256
001_ABC,57153,187439,0.9106903076171876,70.43731690105051,29.99855550130208,0,256
001_ABC,57153,187695,0.8705902099609375,68.66279600909911,30.08762613932292,0,256
001_ABC,57153,187951,0.82208251953125,72.18900304660201,27.180694580078125,0,256
001_ABC,57153,188207,0.753570556640625,78.48997329338454,23.466217041015625,0,256
001_ABC,57153,188463,0.6883087158203125,73.75569802429527,27.841150919596355,0,256
001_ABC,57153,188719,0.598388671875,84.66331396996975,18.239125569661457,0,256
001_ABC,57153,188975,0.6476593017578125,91.20534424274229,23.81951395670573,0,256
001_ABC,57409,186159,0.8531341552734375,80.70827278122306,24.148666381835938,0,256
001_ABC,57409,186415,0.8944244384765625,81.29594507440925,27.843521118164062,0,256
001_ABC,57409,186671,0.86163330078125,84.07749742921442,28.196044921875,0,256
001_ABC,57409,186927,0.787322998046875,72.96007962431759,26.63035074869792,0,256
001_ABC,57409,187183,0.77166748046875,66.3027640467044,27.19582112630208,0,256
001_ABC,57409,187439,0.8899078369140625,74.9362276380416,30.212127685546875,0,256
001_ABC,57409,187695,0.8934173583984375,81.93778163101524,27.717783610026043,0,256
001_ABC,57409,187951,0.7648468017578125,78.80303151812404,23.113937377929688,0,256
001_ABC,57409,188207,0.8487548828125,79.48109129723161,28.98139953613281,0,256
001_ABC,57409,188463,0.82550048828125,87.25300096324645,30.81087239583333,0,256
001_ABC,57409,188719,0.79681396484375,114.32754842727444,29.16967264811198,0,256
001_ABC,57409,188975,0.794403076171875,100.5660893768072,27.96167500813802,0,256
001_ABC,57665,186415,0.872283935546875,85.79534810385667,30.58509826660156,0,256
001_ABC,57665,186671,0.9698486328125,83.37629865459166,32.00227355957031,0,256
001_ABC,57665,186927,0.974761962890625,90.15495931729674,34.09990437825521,0,256
001_ABC,57665,187183,0.90875244140625,77.29489625035785,31.3192138671875,0,256
001_ABC,57665,187439,0.8170166015625,76.16565313539468,23.11975606282552,0,256
001_ABC,57665,187695,0.861419677734375,83.676508939825,28.69439697265625,0,256
001_ABC,57665,187951,0.82525634765625,84.98920728918165,24.443491617838543,0,256
001_ABC,57665,188207,0.7042999267578125,84.00844048871659,22.298355102539062,0,256
001_ABC,57665,188463,0.800048828125,95.56406574859284,24.0316162109375,0,256
001_ABC,57665,188719,0.812469482421875,99.6031492629554,26.866353352864586,0,256
001_ABC,57665,188975,0.8125,116.76840102300048,25.99688212076823,0,256
001_ABC,57921,186415,0.9229736328125,113.25823526619934,30.270955403645832,0,256
001_ABC,57921,186671,0.9270172119140624,107.6752806266304,31.809239705403645,0,256
001_ABC,57921,186927,0.9248809814453124,91.48542956169696,30.19611104329427,0,256
001_ABC,57921,187183,0.97332763671875,79.7121926387772,30.014129638671875,0,256
001_ABC,57921,187439,0.94879150390625,77.47190817794763,30.98815409342448,0,256
001_ABC,57921,187695,0.966339111328125,76.14239498600364,32.58042907714844,0,256
001_ABC,57921,187951,0.96978759765625,83.51333822216839,32.79593404134115,0,256
001_ABC,57921,188207,0.8438568115234375,89.38799762330018,23.52671813964844,0,256
001_ABC,57921,188463,0.8570556640625,101.69063212699255,25.04686482747396,0,256
001_ABC,57921,188719,0.9124603271484376,105.72825357480906,26.067184448242188,0,256
001_ABC,57921,188975,0.8560028076171875,109.29794879234396,29.57918294270833,0,256
001_ABC,57921,189231,0.94671630859375,99.87385661504231,29.605972290039062,0,256
001_ABC,57921,189487,0.962646484375,109.14989744778724,31.138946533203125,0,256
001_ABC,58177,186671,0.968048095703125,122.99762823595664,33.13453674316406,0,256
001_ABC,58177,186927,0.991943359375,113.60357837914488,36.75535074869792,0,256
001_ABC,58177,187183,0.9370880126953124,87.52859031781554,34.5553232828776,0,256
001_ABC,58177,187439,0.98675537109375,95.14195794216356,33.938557942708336,0,256
001_ABC,58177,187695,0.973419189453125,75.19549688859843,25.200856526692707,0,256
001_ABC,58177,187951,0.923248291015625,82.01850193366408,25.568145751953125,0,256
001_ABC,58177,188207,0.7714996337890625,88.51576261874288,22.464767456054688,0,256
001_ABC,58177,188463,0.808319091796875,95.76437639794312,22.608083089192707,0,256
001_ABC,58177,188719,0.8115234375,102.26165556907654,24.646525065104168,0,256
001_ABC,58177,188975,0.9513092041015624,119.68387858360074,30.731226603190105,0,256
001_ABC,58177,189231,0.852264404296875,107.17386393225752,26.459828694661457,0,256
001_ABC,58177,189487,0.8923187255859375,104.33715545292944,26.765665690104168,0,256
001_ABC,58433,186927,0.942047119140625,137.51130660041235,32.2912851969401,0,256
001_ABC,58433,187183,0.9475860595703124,102.4292055068072,33.029052734375,0,256
001_ABC,58433,187439,0.9410247802734376,101.0466664424166,35.84925333658854,0,256
001_ABC,58433,187695,0.7712249755859375,90.19201923068611,25.049301147460938,0,256
001_ABC,58433,187951,0.85687255859375,90.78219596948476,27.50023396809896,0,256
001_ABC,58433,188207,0.839874267578125,103.67423808202147,24.016443888346355,0,256
001_ABC,58433,188463,0.706512451171875,98.10135249700396,22.948013305664062,0,256
001_ABC,58433,188719,0.8635406494140625,112.97517069336028,28.06370035807292,0,256
001_ABC,58433,188975,0.8978118896484375,97.44459011778235,24.504653930664062,0,256
001_ABC,58433,189231,0.810150146484375,101.60552522167563,26.9971923828125,0,256
001_ABC,58433,189487,0.8938751220703125,111.71105539705604,28.959401448567707,0,256
001_ABC,58433,189743,0.8412628173828125,102.94242685451172,40.683858235677086,0,256
001_ABC,58433,189999,0.8003997802734375,106.3028402624186,24.932627360026043,0,256
001_ABC,58689,187183,0.8678436279296875,112.0972722088918,34.28608703613281,0,256
001_ABC,58689,187439,0.9162750244140624,104.1013880034443,38.35700988769531,0,256
001_ABC,58689,187695,0.8823699951171875,135.24631697591394,24.36349995930989,0,256
001_ABC,58689,187951,0.818817138671875,140.56142840138637,23.49738057454427,0,256
001_ABC,58689,188207,0.75128173828125,117.59227900928818,23.111704508463543,0,256
001_ABC,58689,188463,0.8603668212890625,141.86240717675537,31.27643330891927,0,256
001_ABC,58689,188719,0.8600006103515625,148.9339424779173,24.901351928710938,0,256
001_ABC,58689,188975,0.893402099609375,160.04944606288336,36.91397603352865,0,256
001_ABC,58689,189231,0.928009033203125,165.70602588891052,34.64147440592448,0,256
001_ABC,58689,189487,0.9036407470703124,102.56567586120218,29.462290445963543,0,256
001_ABC,58689,189743,0.9492034912109376,136.80883116926998,42.2716064453125,0,256
001_ABC,58689,189999,0.975677490234375,135.01158716902137,31.31697591145833,0,256
001_ABC,58689,190255,0.7352752685546875,108.33656679093838,32.55255635579427,0,256
001_ABC,58945,188207,0.9651641845703124,111.67944065644406,28.851104736328125,0,256
001_ABC,58945,188463,0.8438873291015625,120.60572809702715,25.878326416015625,0,256
001_ABC,58945,188719,0.6497802734375,121.94574668910354,26.653127034505207,0,256
001_ABC,58945,188975,0.8492279052734375,106.52409152663311,37.26111348470052,0,256
001_ABC,58945,189231,0.99176025390625,135.39846869464964,29.22471618652344,0,256
001_ABC,58945,189487,0.9471282958984376,102.73245798051356,23.18783569335937,0,256
001_ABC,58945,189743,0.9749908447265624,136.44407998025417,29.68747965494792,0,256
001_ABC,58945,189999,0.95965576171875,112.02859126566908,25.12340799967448,0,256
001_ABC,58945,190255,0.976165771484375,95.4646477641072,39.567464192708336,0,256
001_ABC,58945,190511,0.1873016357421875,60.31772772944532,12.970016479492188,0,256
001_ABC,59201,188207,0.997711181640625,83.14146772376262,33.904317220052086,0,256
001_ABC,59201,188463,0.340240478515625,70.35873224493116,21.336939493815105,0,256
001_ABC,59201,188719,0.5015106201171875,78.88010745099746,22.67567443847656,0,256
001_ABC,59201,188975,0.9466400146484376,84.34855442866683,27.625284830729168,0,256
001_ABC,59201,189231,0.978973388671875,79.22362893819809,26.534255981445312,0,256
001_ABC,59201,189487,0.9899444580078124,67.44793319702148,28.419235229492188,0,256
001_ABC,59201,189743,0.98333740234375,73.83380081877112,25.673065185546875,0,256
001_ABC,59201,189999,0.9637451171875,75.46574049605988,30.023050944010414,0,256
001_ABC,59201,190255,0.982818603515625,77.70743726100773,33.4178466796875,0,256
001_ABC,59201,190511,0.4283447265625,62.67188370949589,19.58895874023437,0,256
001_ABC,59457,188207,0.990142822265625,86.66815814352594,28.835611979166668,0,256
001_ABC,59457,188463,0.9972686767578124,96.94890631339511,29.65728759765625,0,256
001_ABC,59457,188719,0.91845703125,87.91419981024228,24.277475992838543,0,256
001_ABC,59457,188975,0.96502685546875,90.5111729723867,25.697316487630207,0,256
001_ABC,59457,189231,0.992950439453125,87.03573539829813,33.197123209635414,0,256
001_ABC,59457,189487,0.9896240234375,81.96979357954115,31.663920084635414,0,256
001_ABC,59457,189743,0.96588134765625,76.18224404915236,24.236643473307293,0,256
001_ABC,59457,189999,0.9521636962890624,86.29829698428512,32.47696431477865,0,256
001_ABC,59457,190255,0.856475830078125,78.76253278157674,27.993377685546875,0,256
001_ABC,59457,190511,0.326080322265625,66.91668065544218,16.654149373372395,0,256
001_ABC,59713,188207,0.98797607421875,101.60508388280869,31.97474670410156,0,256
001_ABC,59713,188463,0.96612548828125,104.94073637365364,28.818166097005207,0,256
001_ABC,59713,188719,0.9283447265625,96.7250208479818,27.91599019368489,0,256
001_ABC,59713,188975,0.946380615234375,100.45650285086596,30.377248128255207,0,256
001_ABC,59713,189231,0.920318603515625,88.54264431982301,30.51360575358073,0,256
001_ABC,59713,189487,0.9337615966796876,90.03065703227185,31.775319417317707,0,256
001_ABC,59713,189743,0.893768310546875,92.52921837358736,26.615865071614586,0,256
001_ABC,59713,189999,0.8255462646484375,90.73312317742966,25.70869445800781,0,256
001_ABC,59713,190255,0.783294677734375,89.30094884312712,25.86105855305989,0,256
001_ABC,59713,190511,0.595733642578125,79.69168373849243,20.644287109375,0,256
001_ABC,59969,188207,0.99822998046875,113.63915045466274,35.16106669108073,0,256
001_ABC,59969,188463,0.998199462890625,108.5960388034582,33.733622233072914,0,256
001_ABC,59969,188719,0.9444580078125,98.06912061199546,29.963785807291668,0,256
001_ABC,59969,188975,0.9214935302734376,105.44660574174486,30.372812906901043,0,256
001_ABC,59969,189231,0.8963470458984375,112.06271453551015,35.68111165364584,0,256
001_ABC,59969,189487,0.944488525390625,97.93506573792548,35.93803914388021,0,256
001_ABC,59969,189743,0.919036865234375,92.36419916315936,27.945816040039062,0,256
001_ABC,59969,189999,0.8471527099609375,96.60821194853634,28.058451334635414,0,256
001_ABC,59969,190255,0.816650390625,117.43290084600449,28.554392496744796,0,256
001_ABC,59969,190511,0.8853759765625,89.7449945807457,35.28144836425781,0,256
001_ABC,60225,188207,0.9701080322265624,133.20319817960262,39.95481872558594,0,256
001_ABC,60225,188463,0.993377685546875,138.33097337535582,43.47356669108073,0,256
001_ABC,60225,188719,0.970245361328125,112.43077104887924,33.650370279947914,0,256
001_ABC,60225,188975,0.9792633056640624,112.05470987944864,33.01732889811198,0,256
001_ABC,60225,189231,0.98883056640625,126.1248771464452,35.312164306640625,0,256
001_ABC,60225,189487,0.964630126953125,110.30412053479812,33.67952982584635,0,256
001_ABC,60225,189743,0.9486846923828124,107.56421557045542,26.01934814453125,0,256
001_ABC,60225,189999,0.9595489501953124,151.4545439442154,28.65294901529948,0,256
001_ABC,60225,190255,0.9882659912109376,165.60290192067623,31.04543050130208,0,256
001_ABC,60225,190511,0.9429779052734376,113.29829404852352,27.798436482747395,0,256
001_ABC,60225,190767,0.0521240234375,57.297880358062685,9.89478556315104,0,256
001_ABC,60481,188207,0.9707489013671876,150.66832731640898,26.933191935221355,0,256
001_ABC,60481,188463,0.9981536865234376,159.4559420188889,31.68463134765625,0,256
001_ABC,60481,188719,0.99359130859375,117.45314544439316,27.91146850585937,0,256
001_ABC,60481,188975,0.9691619873046876,123.63468724116684,34.12348937988281,0,256
001_ABC,60481,189231,0.954742431640625,111.99675901886076,34.26991271972656,0,256
001_ABC,60481,189487,0.888885498046875,105.6131715120282,26.23056030273437,0,256
001_ABC,60481,189743,0.896484375,118.11140360846184,30.027684529622395,0,256
001_ABC,60481,189999,0.95806884765625,137.10213332995772,30.708953857421875,0,256
001_ABC,60481,190255,0.995361328125,140.19158284342848,32.23875427246094,0,256
001_ABC,60481,190511,0.998382568359375,106.80884513235652,36.4643300374349,0,256
001_ABC,60481,190767,0.3924102783203125,72.44922897755168,18.50386047363281,0,256
001_ABC,60737,188207,0.94561767578125,154.73532140045427,46.74195353190104,0,256
001_ABC,60737,188463,0.9884490966796876,157.79593251808546,40.35675048828125,0,256
001_ABC,60737,188719,0.934967041015625,127.02982220216654,25.333267211914062,0,256
001_ABC,60737,188975,0.9743804931640624,162.15745286550373,33.05948384602865,0,256
001_ABC,60737,189231,0.927886962890625,114.24055940564722,32.89362589518229,0,256
001_ABC,60737,189487,0.914398193359375,110.96300786733627,28.86431884765625,0,256
001_ABC,60737,189743,0.76556396484375,105.13004656485282,25.44611104329427,0,256
001_ABC,60737,189999,0.9875030517578124,118.10152234486304,34.25899759928385,0,256
001_ABC,60737,190255,0.960784912109375,127.67288629617542,36.45585632324219,0,256
001_ABC,60737,190511,0.965850830078125,121.26270491536708,30.57676696777344,0,256
001_ABC,60737,190767,0.548065185546875,88.09148296690546,18.320470174153645,0,256
001_ABC,60993,188207,0.90289306640625,130.9908066575881,36.55865987141927,0,256
001_ABC,60993,188463,0.92828369140625,123.30615804134868,32.87049865722656,0,256
001_ABC,60993,188719,0.8443145751953125,111.110400542384,35.36681111653646,0,256
001_ABC,60993,188975,0.9201812744140624,123.55212381388992,36.55856323242188,0,256
001_ABC,60993,189231,0.844207763671875,103.3208274245262,27.69195556640625,0,256
001_ABC,60993,189487,0.7127532958984375,89.65102213528007,30.43865458170573,0,256
001_ABC,60993,189743,0.941009521484375,96.6212010346353,34.672943115234375,0,256
001_ABC,60993,189999,0.227203369140625,61.53087197244167,14.527918497721354,0,256
001_ABC,60993,190255,0.8630828857421875,94.2764434532728,31.78161112467448,0,256
001_ABC,60993,190511,0.751861572265625,106.48722617980091,23.07697041829427,0,256
001_ABC,60993,190767,0.238250732421875,57.87225986435078,10.182235717773438,0,256
001_ABC,61249,188207,0.8366241455078125,69.29212687909603,25.745992024739586,0,256
001_ABC,61249,188463,0.870147705078125,69.18689177162014,22.821390787760414,0,256
001_ABC,61249,188719,0.9080047607421876,86.86886368691921,36.19084676106771,0,256
001_ABC,61249,188975,0.942474365234375,85.82353845215403,31.76344807942708,0,256
001_ABC,61249,189231,0.8645172119140625,58.867084487341344,40.29150390625,0,256
001_ABC,61249,189487,0.63433837890625,63.32898702262901,21.01210021972656,0,256
001_ABC,61249,189743,0.8338775634765625,68.6764842083212,39.12841288248698,0,256
001_ABC,61249,189999,0.091156005859375,47.05860872357152,10.272649129231771,0,256
001_ABC,61249,190255,0.94873046875,75.18288898072205,31.800933837890625,0,256
001_ABC,61249,190511,0.800018310546875,80.32192311342806,23.207361857096355,0,256
001_ABC,61249,190767,0.1998748779296875,50.45439110603184,9.16553751627604,0,256
001_ABC,61505,188207,0.7301177978515625,74.08362401626073,24.95636494954427,0,256
001_ABC,61505,188463,0.9434967041015624,83.73908949433826,36.73712666829427,0,256
001_ABC,61505,188719,0.963623046875,98.40345858037472,31.364857991536457,0,256
001_ABC,61505,188975,0.8782501220703125,90.74789915396832,28.35115559895833,0,256
001_ABC,61505,189231,0.916656494140625,81.81244954094291,30.123062133789062,0,256
001_ABC,61505,189487,0.8225555419921875,72.10036635398865,24.242930094401043,0,256
001_ABC,61505,189743,0.8778533935546875,87.19291562936269,30.85790506998698,0,256
001_ABC,61505,189999,0.40411376953125,58.69656033231877,21.2039794921875,0,256
001_ABC,61505,190255,0.65692138671875,64.1364176904317,26.98118082682292,0,256
001_ABC,61505,190511,0.9434051513671876,80.80982337892056,24.46151733398437,0,256
001_ABC,61505,190767,0.17156982421875,53.684774931520224,9.815648396809896,0,256
001_ABC,61761,188207,0.5871734619140625,72.30630600242876,31.575047810872395,0,256
001_ABC,61761,188463,0.7188873291015625,86.55892314366065,29.781906127929688,0,256
001_ABC,61761,188719,0.7415771484375,92.72564350720496,31.861704508463543,0,256
001_ABC,61761,188975,0.8082122802734375,92.1390978989657,29.120992024739586,0,256
001_ABC,61761,189231,0.8435516357421875,89.15868096589111,28.487345377604168,0,256
001_ABC,61761,189487,0.9532928466796876,85.19070275663398,26.79188537597656,0,256
001_ABC,61761,189743,0.7397613525390625,84.94485579035245,24.26410420735677,0,256
001_ABC,61761,189999,0.858428955078125,90.03485620673746,33.03682963053385,0,256
001_ABC,61761,190255,0.271392822265625,57.825591831468046,16.613861083984375,0,256
001_ABC,61761,190511,0.9526824951171876,88.24943486019038,35.87015279134115,0,256
001_ABC,61761,190767,0.364166259765625,68.81508899270557,14.402557373046877,0,256
001_ABC,62017,188207,0.499542236328125,87.28098700847477,17.622960408528645,0,256
001_ABC,62017,188463,0.712158203125,89.79899121052586,22.72217305501302,0,256
001_ABC,62017,188719,0.77557373046875,87.69969406630844,32.079020182291664,0,256
001_ABC,62017,188975,0.9122161865234376,96.50414061546326,37.0029551188151,0,256
001_ABC,62017,189231,0.9567413330078124,92.84087676531637,47.274922688802086,0,256
001_ABC,62017,189487,0.8755950927734375,98.74416477885096,29.34676106770833,0,256
001_ABC,62017,189743,0.8241119384765625,104.15281321760268,27.11815388997396,0,256
001_ABC,62017,189999,0.58770751953125,86.21326534356922,20.52509053548177,0,256
001_ABC,62017,190255,0.8986358642578125,93.07936223759316,34.705464680989586,0,256
001_ABC,62017,190511,0.6843719482421875,81.99954102933407,35.78131103515625,0,256
001_ABC,62017,190767,0.4719085693359375,73.41455685719848,20.998219807942707,0,256
001_ABC,62273,188207,0.6105194091796875,89.29657588899136,20.971995035807293,0,256
001_ABC,62273,188463,0.881195068359375,96.3292457452044,35.06184387207031,0,256
001_ABC,62273,188719,0.900421142578125,124.84460389590822,29.734049479166668,0,256
001_ABC,62273,188975,0.946380615234375,131.08448187983595,29.57082112630208,0,256
001_ABC,62273,189231,0.9450836181640624,103.94053644663654,27.455322265625,0,256
001_ABC,62273,189487,0.8348388671875,110.83063807128929,25.45716857910156,0,256
001_ABC,62273,189743,0.796539306640625,98.81705587520264,30.165578206380207,0,256
001_ABC,62273,189999,0.69232177734375,94.13435999955982,25.60192362467448,0,256
001_ABC,62273,190255,0.7024078369140625,109.55261922604404,27.33147684733073,0,256
001_ABC,62273,190511,0.8590850830078125,107.7651706105098,43.66865030924479,0,256
001_ABC,62273,190767,0.2259521484375,54.0763737631496,14.71045939127604,0,256
001_ABC,62529,188207,0.8146820068359375,97.08761462732218,29.49224344889323,0,256
001_ABC,62529,188463,0.904327392578125,102.80211714445612,33.18970235188802,0,256
001_ABC,62529,188719,0.8680877685546875,95.9038905778434,33.02849324544271,0,256
001_ABC,62529,188975,0.86895751953125,131.90853465138937,27.040562947591145,0,256
001_ABC,62529,189231,0.8869171142578125,148.5268903337419,31.61115010579427,0,256
001_ABC,62529,189487,0.9032135009765624,145.27874791412614,30.68145243326823,0,256
001_ABC,62529,189743,0.8063201904296875,120.20101769804025,23.49098714192708,0,256
001_ABC,62529,189999,0.7109222412109375,119.2594600894954,21.569773356119796,0,256
001_ABC,62529,190255,0.7344512939453125,132.53654832369648,30.89401753743489,0,256
001_ABC,62529,190511,0.1519622802734375,71.29907062626444,9.382675170898438,0,256
001_ABC,62785,187951,0.732330322265625,76.71410032734275,38.91148885091146,0,256
001_ABC,62785,188207,0.8665618896484375,117.73429775238036,30.812367757161457,0,256
001_ABC,62785,188463,0.895050048828125,121.44680338143372,34.433319091796875,0,256
001_ABC,62785,188719,0.8726043701171875,130.09594224393368,30.172042846679688,0,256
001_ABC,62785,188975,0.762939453125,135.1143564544618,28.73962910970052,0,256
001_ABC,62785,189231,0.8347625732421875,174.10703621804714,26.9952392578125,0,256
001_ABC,62785,189487,0.7297515869140625,165.08795300032943,21.728068033854168,0,256
001_ABC,62785,189743,0.8809967041015625,149.81426505651325,32.70572408040365,0,256
001_ABC,62785,189999,0.7406005859375,138.34506224747747,23.78783671061198,0,256
001_ABC,62785,190255,0.51910400390625,133.5430416946765,20.07940673828125,0,256
001_ABC,63041,187951,0.8831939697265625,55.23347471258603,50.32126871744792,0,256
001_ABC,63041,188207,0.7507781982421875,82.56876566633582,21.26184590657552,0,256
001_ABC,63041,188463,0.9848480224609376,86.26524200080894,26.342066446940105,0,256
001_ABC,63041,188719,0.984954833984375,98.22294604382478,35.05963643391927,0,256
001_ABC,63041,188975,0.88946533203125,93.85608514002524,32.803975423177086,0,256
001_ABC,63041,189231,0.8547210693359375,93.06892166822216,28.164230346679688,0,256
001_ABC,63041,189487,0.782501220703125,93.15318040899,25.011194864908852,0,256
001_ABC,63041,189743,0.9567718505859376,124.23920444748364,27.505945841471355,0,256
001_ABC,63041,189999,0.946044921875,98.42960901535116,31.12456766764323,0,256
001_ABC,63041,190255,0.5055999755859375,76.41735287662596,21.47349548339844,0,256
001_ABC,63297,187951,0.9869384765625,68.06119997589849,38.17316182454427,0,256
001_ABC,63297,188207,0.820892333984375,70.79508279985748,22.43707784016927,0,256
001_ABC,63297,188463,0.9370880126953124,80.54605514160357,28.860310872395832,0,256
001_ABC,63297,188719,0.9715728759765624,79.41787519212812,27.318862915039062,0,256
001_ABC,63297,188975,0.919891357421875,79.50952903158031,29.802500406901043,0,256
001_ABC,63297,189231,0.7814178466796875,71.57470570504665,23.39404805501302,0,256
001_ABC,63297,189487,0.8528900146484375,74.74728209502064,33.77539571126302,0,256
001_ABC,63297,189743,0.9210662841796876,71.4866770633962,32.14618428548177,0,256
001_ABC,63297,189999,0.954071044921875,78.97023480758071,24.40392557779948,0,256
001_ABC,63553,187439,0.949737548828125,76.5352109214291,38.0453847249349,0,256
001_ABC,63553,187695,0.9722137451171876,80.14759838208556,37.27842712402344,0,256
001_ABC,63553,187951,0.9798583984375,87.69378351792693,28.94006856282552,0,256
001_ABC,63553,188207,0.9716949462890624,98.48348831757905,29.131200154622395,0,256
001_ABC,63553,188463,0.935455322265625,111.00775251886807,33.27080790201823,0,256
001_ABC,63553,188719,0.9163360595703124,106.70222388929687,31.8974609375,0,256
001_ABC,63553,188975,0.9322509765625,91.4996139013674,28.763234456380207,0,256
001_ABC,63553,189231,0.883026123046875,78.37664180225693,30.669148763020832,0,256
001_ABC,63553,189487,0.8598785400390625,76.88383553922176,33.24712626139323,0,256
001_ABC,63553,189743,0.876220703125,84.79821884422563,39.42756652832031,0,256
001_ABC,63553,189999,0.9254913330078124,80.84666318795644,25.898473103841145,0,256
001_ABC,63809,187439,0.85198974609375,101.30611088499428,36.47286478678385,0,256
001_ABC,63809,187695,0.8964996337890625,85.17069797194563,33.73210652669271,0,256
001_ABC,63809,187951,0.964569091796875,102.57716983556747,25.951644897460938,0,256
001_ABC,63809,188207,0.946441650390625,96.4207137057092,30.20563252766927,0,256
001_ABC,63809,188463,0.9173736572265624,97.70963901281355,28.685623168945312,0,256
001_ABC,63809,188719,0.9319915771484376,103.8132507407572,30.35894775390625,0,256
001_ABC,63809,188975,0.9534149169921876,118.97111424594186,31.145431518554688,0,256
001_ABC,63809,189231,0.947021484375,104.07931801583618,28.90276590983073,0,256
001_ABC,63809,189487,0.9056243896484376,85.16212463378906,35.6956787109375,0,256
001_ABC,63809,189743,0.972137451171875,101.31309385201894,37.24715677897135,0,256
001_ABC,63809,189999,0.5513916015625,67.6753776629921,17.103729248046875,0,256
001_ABC,64065,187439,0.8936614990234375,90.51504713459872,30.34063720703125,0,256
001_ABC,64065,187695,0.77545166015625,99.01172519638205,29.0660400390625,0,256
001_ABC,64065,187951,0.8515472412109375,109.21795105561614,30.475682576497395,0,256
001_ABC,64065,188207,0.8824615478515625,116.68059861264192,28.54766337076823,0,256
001_ABC,64065,188463,0.890899658203125,109.6458526586648,31.19240315755208,0,256
001_ABC,64065,188719,0.9371185302734376,105.8744424842298,32.334147135416664,0,256
001_ABC,64065,188975,0.9041900634765624,105.31505174166524,29.943796793619796,0,256
001_ABC,64065,189231,0.943206787109375,96.44370168074964,32.68004862467448,0,256
001_ABC,64065,189487,0.8871307373046875,106.20271253213286,32.88324483235677,0,256
001_ABC,64065,189743,0.867645263671875,105.6610001155641,32.90033467610677,0,256
001_ABC,64065,189999,0.0509490966796875,56.33909919462167,10.220611572265623,0,256
001_ABC,64321,187439,0.862701416015625,91.39710649475457,31.04979960123698,0,256
001_ABC,64321,187695,0.9678955078125,93.97206708206797,31.259674072265625,0,256
001_ABC,64321,187951,0.8963775634765625,106.94142146944068,31.13195292154948,0,256
001_ABC,64321,188207,0.9200592041015624,117.67475968948564,30.623046875,0,256
001_ABC,64321,188463,0.9689788818359376,123.6116251014173,32.475189208984375,0,256
001_ABC,64321,188719,0.9100189208984376,139.85136629990302,26.23313395182292,0,256
001_ABC,64321,188975,0.89501953125,119.09860837087037,26.717931111653645,0,256
001_ABC,64321,189231,0.9587249755859376,118.19315970106982,29.089040120442707,0,256
001_ABC,64321,189487,0.8052215576171875,102.82142176269554,31.544021606445312,0,256
001_ABC,64321,189743,0.302734375,71.17857998237014,16.918670654296875,0,256
001_ABC,64577,187183,0.91094970703125,102.05924743413924,33.529032389322914,0,256
001_ABC,64577,187439,0.9158172607421876,103.82964059337974,29.183853149414062,0,256
001_ABC,64577,187695,0.810028076171875,103.01492779119872,29.165913899739586,0,256
001_ABC,64577,187951,0.7606353759765625,133.2918196262326,25.12599690755208,0,256
001_ABC,64577,188207,0.7438812255859375,156.89413543394767,26.854705810546875,0,256
001_ABC,64577,188463,0.7646026611328125,136.93512335023843,22.501963297526043,0,256
001_ABC,64577,188719,0.917388916015625,162.71142482757568,29.979029337565105,0,256
001_ABC,64577,188975,0.9263153076171876,147.54221787955612,29.353159586588543,0,256
001_ABC,64577,189231,0.92779541015625,136.5952242454514,30.127756754557293,0,256
001_ABC,64577,189487,0.88861083984375,131.43291686475277,32.46100870768229,0,256
001_ABC,64833,185647,0.8040924072265625,125.179075345397,28.48066711425781,0,256
001_ABC,64833,185903,0.8339691162109375,135.8173682668712,23.797144571940105,0,256
001_ABC,64833,187183,0.825225830078125,151.6495141228661,27.160364786783852,0,256
001_ABC,64833,187439,0.8620452880859375,138.3167084818706,29.597396850585938,0,256
001_ABC,64833,187695,0.79376220703125,140.90636917576194,27.11389668782552,0,256
001_ABC,64833,187951,0.6512451171875,116.73316175839864,21.86896260579427,0,256
001_ABC,64833,188207,0.8581695556640625,137.07702255249023,24.34930419921875,0,256
001_ABC,64833,188463,0.753692626953125,113.00437059975228,22.365641276041668,0,256
001_ABC,64833,188719,0.945068359375,134.70188743411563,26.804158528645832,0,256
001_ABC,64833,188975,0.993927001953125,169.33391370228492,32.46124776204427,0,256
001_ABC,64833,189231,0.971771240234375,139.47850700374693,35.44065856933594,0,256
001_ABC,64833,189487,0.727325439453125,127.96782811637968,29.591959635416668,0,256
001_ABC,65089,185135,0.827301025390625,85.05388504988514,31.278106689453125,0,256
001_ABC,65089,185391,0.7402191162109375,87.59303226671182,22.244171142578125,0,256
001_ABC,65089,185647,0.6917572021484375,89.21012907382101,20.655680338541668,0,256
001_ABC,65089,185903,0.83392333984375,99.70281874760984,25.594431559244796,0,256
001_ABC,65089,186159,0.7676849365234375,85.60056749149226,23.30322265625,0,256
001_ABC,65089,186415,0.825439453125,88.56709809578024,26.297800699869796,0,256
001_ABC,65089,186671,0.7438201904296875,88.44104132219218,22.893295288085938,0,256
001_ABC,65089,186927,0.7982635498046875,86.31554647884332,26.133544921875,0,256
001_ABC,65089,187183,0.5943450927734375,72.52337597217411,21.138193766276043,0,256
001_ABC,65089,187439,0.5337677001953125,82.55119323707186,20.224965413411457,0,256
001_ABC,65089,187695,0.687469482421875,83.91765330638736,25.76437886555989,0,256
001_ABC,65089,187951,0.513336181640625,85.48242547735572,20.590525309244796,0,256
001_ABC,65089,188207,0.6934661865234375,83.27955443016253,22.99678039550781,0,256
001_ABC,65089,188463,0.76287841796875,82.59748514648527,22.638875325520832,0,256
001_ABC,65089,188719,0.7479705810546875,101.80647526099348,23.305160522460938,0,256
001_ABC,65089,188975,0.870086669921875,102.52651172038168,29.16821797688802,0,256
001_ABC,65089,189231,0.9219970703125,122.51305602490902,34.21940612792969,0,256
001_ABC,65089,189487,0.2287750244140625,74.43484021141194,11.200602213541666,0,256
001_ABC,65345,184879,0.847564697265625,99.04842583998106,28.414418538411457,0,256
001_ABC,65345,185135,0.7547607421875,76.55009196698666,29.833750406901043,0,256
001_ABC,65345,185391,0.85699462890625,76.77612696494907,26.288675944010414,0,256
001_ABC,65345,185647,0.7889251708984375,71.15113175637089,23.825337727864586,0,256
001_ABC,65345,185903,0.7909393310546875,73.53309631138109,27.031702677408852,0,256
001_ABC,65345,186159,0.81646728515625,68.53248088411056,24.220804850260414,0,256
001_ABC,65345,186415,0.80084228515625,73.04957579425536,23.391977945963543,0,256
001_ABC,65345,186671,0.7690277099609375,86.34291909798048,23.557647705078125,0,256
001_ABC,65345,186927,0.7000732421875,76.67863853182644,21.615066528320312,0,256
001_ABC,65345,187183,0.5975189208984375,65.42748808860779,18.969553629557293,0,256
001_ABC,65345,187439,0.5702056884765625,60.92973203561269,18.907730102539062,0,256
001_ABC,65345,187695,0.471710205078125,55.50314006861299,18.42294311523437,0,256
001_ABC,65345,187951,0.73516845703125,63.31229833862744,29.886082967122395,0,256
001_ABC,65345,188207,0.8454437255859375,67.85961158922873,27.40325419108073,0,256
001_ABC,65345,188463,0.6977691650390625,65.40749716386199,23.013702392578125,0,256
001_ABC,65345,188719,0.7675933837890625,90.460888374364,24.827799479166668,0,256
001_ABC,65345,188975,0.67242431640625,89.2867384692654,27.711680094401043,0,256
001_ABC,65345,189231,0.2559814453125,57.0704773736652,16.932179768880207,0,256
001_ABC,65601,184623,0.609344482421875,89.379784287652,20.99644470214844,0,256
001_ABC,65601,184879,0.8502655029296875,103.27967783040368,24.62401326497396,0,256
001_ABC,65601,185135,0.7908782958984375,90.02074285387062,29.818013509114586,0,256
001_ABC,65601,185391,0.811431884765625,88.30988953169435,24.988627115885414,0,256
001_ABC,65601,185647,0.7654266357421875,75.03137209638953,22.509521484375,0,256
001_ABC,65601,185903,0.86309814453125,90.32836151472291,28.851521809895832,0,256
001_ABC,65601,186159,0.788177490234375,79.23468730505556,25.996612548828125,0,256
001_ABC,65601,186415,0.84423828125,81.24122676043771,25.67639668782552,0,256
001_ABC,65601,186671,0.7628631591796875,92.03283792361616,21.88958231608073,0,256
001_ABC,65601,186927,0.714599609375,94.61860369867644,22.12078857421875,0,256
001_ABC,65601,187183,0.7243499755859375,85.12926312698983,22.212437947591145,0,256
001_ABC,65601,187439,0.57763671875,68.26584963849746,18.528767903645832,0,256
001_ABC,65601,187695,0.7734375,76.50279365479946,25.503489176432293,0,256
001_ABC,65601,187951,0.6915283203125,75.2616914564278,22.718734741210938,0,256
001_ABC,65601,188207,0.8307342529296875,84.66915326938033,29.775675455729168,0,256
001_ABC,65601,188463,0.793914794921875,82.2505577467382,27.152847290039062,0,256
001_ABC,65601,188719,0.4979095458984375,77.34798147901893,23.77978515625,0,256
001_ABC,65601,188975,0.082855224609375,47.24819825589657,7.7825673421223955,0,256
001_ABC,65857,184623,0.7769012451171875,85.39460547990166,36.40540059407552,0,256
001_ABC,65857,184879,0.7052001953125,110.42260273336431,23.781529744466145,0,256
001_ABC,65857,185135,0.8238983154296875,105.80105830891988,27.460617065429688,0,256
001_ABC,65857,185391,0.8344268798828125,92.66446915920824,28.901219685872395,0,256
001_ABC,65857,185647,0.71893310546875,82.47980164713226,22.70550028483073,0,256
001_ABC,65857,185903,0.90814208984375,90.41582616791128,29.489222208658852,0,256
001_ABC,65857,186159,0.9257049560546876,91.37018453306518,25.782262166341145,0,256
001_ABC,65857,186415,0.8484039306640625,94.12045073136689,27.88336181640625,0,256
001_ABC,65857,186671,0.7833251953125,91.65800001379102,26.61980692545573,0,256
001_ABC,65857,186927,0.67315673828125,90.28204196691512,21.45100911458333,0,256
001_ABC,65857,187183,0.7257843017578125,99.045409261249,21.440867106119796,0,256
001_ABC,65857,187439,0.7515869140625,88.60484832525253,23.39357503255208,0,256
001_ABC,65857,187695,0.8475189208984375,89.50252431631088,28.027989705403645,0,256
001_ABC,65857,187951,0.8018798828125,88.4399087568745,26.78997802734375,0,256
001_ABC,66113,184623,0.67388916015625,112.39215090102516,25.052027384440105,0,256
001_ABC,66113,184879,0.7369537353515625,110.46433997130951,27.238449096679688,0,256
001_ABC,66113,185135,0.844818115234375,112.25921034812929,27.607309977213543,0,256
001_ABC,66113,185391,0.893524169921875,103.5969071974978,25.598388671875,0,256
001_ABC,66113,185647,0.78363037109375,86.7646617682185,23.331013997395832,0,256
001_ABC,66113,185903,0.8711700439453125,101.0444985346403,26.684127807617188,0,256
001_ABC,66113,186159,0.8857421875,103.1816828167066,22.559183756510414,0,256
001_ABC,66113,186415,0.9572601318359376,106.12452208227478,23.94209289550781,0,256
001_ABC,66113,186671,0.8758697509765625,111.02604409214108,23.23825581868489,0,256
001_ABC,66113,186927,0.6836090087890625,89.92079520225525,23.638941446940105,0,256
001_ABC,66113,187183,0.725433349609375,87.71088402625173,24.02208964029948,0,256
001_ABC,66113,187439,0.8018035888671875,101.9121628664434,23.75556945800781,0,256
001_ABC,66113,187695,0.8130950927734375,100.26753567508422,28.32830810546875,0,256
001_ABC,66113,187951,0.657318115234375,96.99550960748456,22.913497924804688,0,256
001_ABC,66369,184623,0.7048797607421875,94.5033912062645,22.863571166992188,0,256
001_ABC,66369,184879,0.8397216796875,120.37245447165331,23.395416259765625,0,256
001_ABC,66369,185135,0.7629852294921875,124.21848114486784,24.2972412109375,0,256
001_ABC,66369,185391,0.814849853515625,102.80931852734648,27.60457356770833,0,256
001_ABC,66369,185647,0.827117919921875,88.0001417750027,25.966410319010414,0,256
001_ABC,66369,185903,0.881011962890625,105.48992719408125,24.662109375,0,256
001_ABC,66369,186159,0.9055938720703124,110.10206485516392,28.606786092122395,0,256
001_ABC,66369,186415,0.8225555419921875,104.7467121926602,24.437357584635414,0,256
001_ABC,66369,186671,0.8545074462890625,110.68198588117956,24.563059488932293,0,256
001_ABC,66369,186927,0.86767578125,119.2863830178976,26.781824747721355,0,256
001_ABC,66369,187183,0.8153076171875,117.272954310989,27.26642354329427,0,256
001_ABC,66369,187439,0.8813018798828125,112.4970397716388,30.72678120930989,0,256
001_ABC,66369,187695,0.74700927734375,117.84679609164596,22.193084716796875,0,256
001_ABC,66625,184623,0.7542572021484375,96.46313930954784,21.655563354492188,0,256
001_ABC,66625,184879,0.913421630859375,109.36189356073736,24.43671162923177,0,256
001_ABC,66625,185135,0.8028411865234375,108.96439543529414,22.09071350097656,0,256
001_ABC,66625,185391,0.8401947021484375,124.27148193656468,25.40845235188802,0,256
001_ABC,66625,185647,0.8055877685546875,99.67593048512936,25.18921407063802,0,256
001_ABC,66625,185903,0.9053192138671876,112.39207184966654,28.117640177408852,0,256
001_ABC,66625,186159,0.8714599609375,121.4077047072351,27.07819112141927,0,256
001_ABC,66625,186415,0.843902587890625,124.04503458645196,25.49720764160156,0,256
001_ABC,66625,186671,0.7156219482421875,105.5253495478537,21.67224629720052,0,256
001_ABC,66625,186927,0.8310089111328125,103.05069373548032,21.112706502278645,0,256
001_ABC,66625,187183,0.8815765380859375,132.2288419844117,23.48701477050781,0,256
001_ABC,66625,187439,0.89227294921875,129.65789364278316,27.3031005859375,0,256
001_ABC,66625,187695,0.3860626220703125,75.24300517491065,14.183690388997396,0,256
001_ABC,66881,184623,0.767822265625,137.8783572909888,21.920323689778645,0,256
001_ABC,66881,184879,0.9421539306640624,131.7375906088855,28.098536173502605,0,256
001_ABC,66881,185135,0.826019287109375,133.17767709493637,21.510950724283852,0,256
001_ABC,66881,185391,0.8910369873046875,168.6690140813589,24.68273417154948,0,256
001_ABC,66881,185647,0.8748016357421875,151.4637273810804,25.56018575032552,0,256
001_ABC,66881,185903,0.882781982421875,141.9355619882699,29.010955810546875,0,256
001_ABC,66881,186159,0.791259765625,154.0339274087455,23.05833943684896,0,256
001_ABC,66881,186415,0.8183441162109375,156.09886638610624,23.653330485026043,0,256
001_ABC,66881,186671,0.804779052734375,148.8527026658412,22.178415934244796,0,256
001_ABC,66881,186927,0.914398193359375,155.68561032321304,26.31618245442708,0,256
001_ABC,66881,187183,0.9108734130859376,168.25186824798584,25.239329020182293,0,256
001_ABC,66881,187439,0.6013031005859375,107.5011045539286,22.94847615559896,0,256
001_ABC,67137,183855,0.820159912109375,110.93170009716414,29.684850056966145,0,256
001_ABC,67137,184111,0.699249267578125,74.55582917388529,22.814524332682293,0,256
001_ABC,67137,184367,0.7458038330078125,78.36897277249955,24.99677022298177,0,256
001_ABC,67137,184623,0.9593353271484376,105.2651954255998,25.61361694335937,0,256
001_ABC,67137,184879,0.910980224609375,111.1001480286941,24.368815104166668,0,256
001_ABC,67137,185135,0.873931884765625,97.68282141443342,25.47577412923177,0,256
001_ABC,67137,185391,0.92596435546875,91.2818391174078,24.018051147460938,0,256
001_ABC,67137,185647,0.901580810546875,109.17944403644653,22.39984639485677,0,256
001_ABC,67137,185903,0.8033905029296875,95.61359210289083,21.97693379720052,0,256
001_ABC,67137,186159,0.8544921875,93.56317272689192,23.894632975260414,0,256
001_ABC,67137,186415,0.8177642822265625,82.53516715555452,23.09032694498698,0,256
001_ABC,67137,186671,0.953948974609375,106.32844500406644,31.252329508463543,0,256
001_ABC,67137,186927,0.9813232421875,119.91300313081592,29.729278564453125,0,256
001_ABC,67137,187183,0.9019927978515624,117.7365668863058,26.738525390625,0,256
001_ABC,67393,183599,0.676788330078125,64.67508663586341,22.904708862304688,0,256
001_ABC,67393,183855,0.698944091796875,72.6379389166832,21.87094116210937,0,256
001_ABC,67393,184111,0.7309722900390625,64.63476653001271,20.78900655110677,0,256
001_ABC,67393,184367,0.834197998046875,68.94853629823774,33.09368387858073,0,256
001_ABC,67393,184623,0.918548583984375,95.07927966467103,32.96013387044271,0,256
001_ABC,67393,184879,0.918060302734375,97.3236215931829,24.895680745442707,0,256
001_ABC,67393,185135,0.923858642578125,93.16122072096914,26.41235860188802,0,256
001_ABC,67393,185391,0.9323883056640624,86.31446321471594,24.40294901529948,0,256
001_ABC,67393,185647,0.92779541015625,74.78973839594983,23.09130350748698,0,256
001_ABC,67393,185903,0.938690185546875,77.5963996713981,24.093668619791668,0,256
001_ABC,67393,186159,0.8851165771484375,70.29285431071185,25.180592854817707,0,256
001_ABC,67393,186415,0.96343994140625,82.33843731507659,29.922266642252605,0,256
001_ABC,67393,186671,0.986663818359375,98.03387413918972,29.218821207682293,0,256
001_ABC,67393,186927,0.9987945556640624,95.1894802560564,31.093922932942707,0,256
001_ABC,67393,187183,0.5805511474609375,74.80562120280229,19.646753946940105,0,256
001_ABC,67649,183599,0.8361968994140625,78.90821664384566,30.921549479166668,0,256
001_ABC,67649,183855,0.8777618408203125,86.71606239583343,29.185623168945312,0,256
001_ABC,67649,184111,0.50604248046875,66.41177475079894,18.420089721679688,0,256
001_ABC,67649,184367,0.9279937744140624,80.22440244234167,27.92976888020833,0,256
001_ABC,67649,184623,0.946563720703125,87.59109506919049,30.000101725260414,0,256
001_ABC,67649,184879,0.9786834716796876,98.20473918970674,31.966512044270832,0,256
001_ABC,67649,185135,0.9636383056640624,90.91608013189398,27.419357299804688,0,256
001_ABC,67649,185391,0.9376678466796876,84.95131725724787,24.597152709960938,0,256
001_ABC,67649,185647,0.818359375,81.98005539085716,26.745193481445312,0,256
001_ABC,67649,185903,0.873382568359375,76.4095634482801,25.682662963867188,0,256
001_ABC,67649,186159,0.9718170166015624,77.2329923750367,27.56158955891927,0,256
001_ABC,67649,186415,0.9762115478515624,87.67899323976599,27.098663330078125,0,256
001_ABC,67649,186671,0.9845733642578124,92.8947511834558,31.869679768880207,0,256
001_ABC,67649,186927,0.9774017333984376,96.55145178525709,30.383443196614586,0,256
001_ABC,67649,187183,0.5018463134765625,74.49179875478148,17.697418212890625,0,256
001_ABC,67905,183599,0.8665008544921875,89.24112952849828,24.993520100911457,0,256
001_ABC,67905,183855,0.8735809326171875,91.40980648412368,28.83587137858073,0,256
001_ABC,67905,184111,0.7956390380859375,87.39667967613786,31.9736328125,0,256
001_ABC,67905,184367,0.910614013671875,85.19729168503545,27.24524434407552,0,256
001_ABC,67905,184623,0.9141387939453124,88.18054923391901,25.80211893717448,0,256
001_ABC,67905,184879,0.9724578857421876,100.245682757115,36.07344563802084,0,256
001_ABC,67905,185135,0.9780426025390624,93.22660174127668,28.939036051432293,0,256
001_ABC,67905,185391,0.8543548583984375,81.84345203242265,22.716720581054688,0,256
001_ABC,67905,185647,0.9511260986328124,95.01577663421632,25.93576558430989,0,256
001_ABC,67905,185903,0.9505767822265624,98.63056723680349,24.055252075195312,0,256
001_ABC,67905,186159,0.9259796142578124,91.53654178138822,31.512135823567707,0,256
001_ABC,67905,186415,0.9178314208984376,86.55628434475511,25.756215413411457,0,256
001_ABC,67905,186671,0.9944610595703124,102.71679490432145,32.37589009602865,0,256
001_ABC,67905,186927,0.8935699462890625,96.05063810572028,34.85566711425781,0,256
001_ABC,67905,187183,0.4114837646484375,71.58141803345643,17.454854329427082,0,256
001_ABC,68161,183855,0.9400177001953124,103.2885224611964,37.35596720377604,0,256
001_ABC,68161,184111,0.828216552734375,100.17916801199316,27.629735310872395,0,256
001_ABC,68161,184367,0.9046783447265624,103.45810801698826,23.337259928385414,0,256
001_ABC,68161,184623,0.7362823486328125,87.88715639617294,22.23901875813802,0,256
001_ABC,68161,184879,0.82403564453125,117.29955144762062,28.95691426595052,0,256
001_ABC,68161,185135,0.88336181640625,99.31342617212796,26.21628316243489,0,256
001_ABC,68161,185391,0.8411865234375,102.332857405534,30.291676839192707,0,256
001_ABC,68161,185647,0.9621429443359376,98.20191754191184,30.89413452148437,0,256
001_ABC,68161,185903,0.932647705078125,100.157076603733,25.545201619466145,0,256
001_ABC,68161,186159,0.9144134521484376,110.09175653173588,23.092783610026043,0,256
001_ABC,68161,186415,0.9281005859375,113.23680936917664,29.01866149902344,0,256
001_ABC,68161,186671,0.9538421630859376,107.32614702149294,30.213607788085938,0,256
001_ABC,68161,186927,0.9892730712890624,98.17978101200424,41.48846435546875,0,256
001_ABC,68161,187183,0.629791259765625,81.2402036190033,21.561737060546875,0,256
001_ABC,68417,183855,0.9539642333984376,145.17888193484396,26.783732096354168,0,256
001_ABC,68417,185391,0.923431396484375,127.12366005405784,29.26267496744792,0,256
001_ABC,68417,185647,0.9281005859375,108.1014760301914,26.54711405436198,0,256
001_ABC,68417,185903,0.95184326171875,123.45524620986544,26.92083231608073,0,256
001_ABC,68417,186159,0.90216064453125,122.08883762266488,25.181559244791668,0,256
001_ABC,68417,186415,0.905670166015625,127.77534262742849,27.036092122395832,0,256
001_ABC,68417,186671,0.9229736328125,109.99837732966988,33.697235107421875,0,256
001_ABC,68417,186927,0.9657440185546876,112.46320245764218,40.37154642740885,0,256
001_ABC,68417,187183,0.958282470703125,123.91189855337144,41.44385782877604,0,256
001_ABC,68673,183855,0.689788818359375,121.02534108515827,22.923670450846355,0,256
001_ABC,68673,185391,0.797882080078125,121.15888928994536,26.349416097005207,0,256
001_ABC,68673,185647,0.8306884765625,142.51231262739748,27.62816365559896,0,256
001_ABC,68673,185903,0.78521728515625,141.66811859514564,24.822642008463543,0,256
001_ABC,68673,186159,0.881072998046875,152.9091309159994,32.57350158691406,0,256
001_ABC,68673,186415,0.8868865966796875,165.4497482960578,23.755381266276043,0,256
001_ABC,68673,186671,0.972808837890625,136.51987689733505,25.64424133300781,0,256
001_ABC,68673,186927,0.973419189453125,113.42382369097322,28.673970540364586,0,256
001_ABC,68673,187183,0.9839019775390624,134.0306842511054,41.24650573730469,0,256
001_ABC,68673,187439,0.7541351318359375,110.9163982635364,22.932774861653645,0,256
001_ABC,68929,183855,0.90057373046875,135.74887610878795,23.289560953776043,0,256
001_ABC,68929,185391,0.7465667724609375,153.60986043862067,20.850596110026043,0,256
001_ABC,68929,185647,0.7876129150390625,146.80823768279515,20.37294006347656,0,256
001_ABC,68929,185903,0.9483184814453124,160.31894358620048,35.86439514160156,0,256
001_ABC,68929,186159,0.9295501708984376,164.09269638708793,40.12493896484375,0,256
001_ABC,68929,186415,0.8163604736328125,137.09428523271345,28.093795776367188,0,256
001_ABC,68929,186671,0.9453125,131.7821783160325,39.16435241699219,0,256
001_ABC,68929,186927,0.922698974609375,147.89328606775962,30.897140502929688,0,256
001_ABC,68929,187183,0.8361358642578125,107.66180303669536,27.27874755859375,0,256
001_ABC,68929,187439,0.9138336181640624,114.1996547197923,46.26966349283854,0,256
001_ABC,68929,187695,0.7298126220703125,115.6623885424342,22.03892517089844,0,256
001_ABC,69185,183855,0.904815673828125,97.37360766436905,24.83575948079427,0,256
001_ABC,69185,185391,0.547210693359375,87.05046151578426,18.197555541992188,0,256
001_ABC,69185,185647,0.6086578369140625,84.55715605523437,17.10504150390625,0,256
001_ABC,69185,185903,0.6822357177734375,92.57105549797416,20.25339253743489,0,256
001_ABC,69185,186159,0.7147216796875,86.79006081726402,19.23508707682292,0,256
001_ABC,69185,186415,0.83233642578125,81.70451307832263,25.086766560872395,0,256
001_ABC,69185,186671,0.840057373046875,92.18615901260635,38.329854329427086,0,256
001_ABC,69185,186927,0.6323089599609375,69.51504328008741,28.032826741536457,0,256
001_ABC,69185,187183,0.60162353515625,73.9156308984384,21.235015869140625,0,256
001_ABC,69185,187439,0.787109375,54.409006390487775,48.274678548177086,0,256
001_ABC,69185,187695,0.2696380615234375,55.86750721093267,11.509730021158854,0,256
001_ABC,69441,183855,0.8567352294921875,74.41323779523373,26.263153076171875,0,256
001_ABC,69441,185391,0.721588134765625,70.50589647865854,25.771957397460938,0,256
001_ABC,69441,185647,0.765167236328125,72.52474749740213,22.26643880208333,0,256
001_ABC,69441,185903,0.7896728515625,70.865475529572,23.88777669270833,0,256
001_ABC,69441,186159,0.6356201171875,69.43099003937095,20.47996012369792,0,256
001_ABC,69441,186415,0.5246124267578125,71.9645111055579,17.991007486979168,0,256
001_ABC,69441,186671,0.8740997314453125,104.32764354697429,22.762842814127605,0,256
001_ABC,69441,186927,0.66229248046875,84.94137620832771,18.4461669921875,0,256
001_ABC,69441,187183,0.5775146484375,66.21045519947074,17.618438720703125,0,256
001_ABC,69697,183343,0.950286865234375,93.46644519921392,30.52471923828125,0,256
001_ABC,69697,183599,0.939208984375,89.76043440564536,25.305577596028645,0,256
001_ABC,69697,183855,0.8819580078125,81.45428153499961,24.819137573242188,0,256
001_ABC,69697,185391,0.81591796875,78.72105559334159,25.25636800130208,0,256
001_ABC,69697,185647,0.7842254638671875,81.15745985135436,21.71587626139323,0,256
001_ABC,69697,185903,0.6858367919921875,72.00862401723862,23.27379862467448,0,256
001_ABC,69697,186159,0.6675872802734375,71.21333039458841,22.527638753255207,0,256
001_ABC,69697,186415,0.619842529296875,74.73220821842551,19.944508870442707,0,256
001_ABC,69697,186671,0.8236846923828125,93.96159547567368,33.05206298828125,0,256
001_ABC,69697,186927,0.654571533203125,96.00685685873032,20.40319315592448,0,256
001_ABC,69697,187183,0.5881805419921875,74.04528390523046,19.46429443359375,0,256
001_ABC,69953,183343,0.959442138671875,97.79312426387332,40.7201894124349,0,256
001_ABC,69953,183599,0.9427490234375,97.6112738547381,23.44408162434896,0,256
001_ABC,69953,183855,0.8910369873046875,88.82329794368707,22.13330586751302,0,256
001_ABC,69953,185391,0.642822265625,79.67430853843689,22.42819722493489,0,256
001_ABC,69953,185647,0.67974853515625,81.28776894672774,22.10814921061198,0,256
001_ABC,69953,185903,0.6714324951171875,80.06464929855429,22.4158935546875,0,256
001_ABC,69953,186159,0.7003021240234375,82.77413707599044,23.849024454752605,0,256
001_ABC,69953,186415,0.7196044921875,89.37719330354594,22.08224995930989,0,256
001_ABC,69953,186671,0.803619384765625,106.35653339978307,27.425338745117188,0,256
001_ABC,69953,186927,0.709625244140625,96.78782645403408,24.543614705403645,0,256
001_ABC,69953,187183,0.3890380859375,76.16094728163444,16.533223470052082,0,256
001_ABC,70209,183343,0.954376220703125,90.5664149960503,31.14904276529948,0,256
001_ABC,70209,183599,0.958160400390625,102.76243077218533,31.31336975097656,0,256
001_ABC,70209,183855,0.9330291748046876,94.79452501237392,25.507553100585938,0,256
001_ABC,70209,184111,0.9109649658203124,98.25717149674892,28.16980489095052,0,256
001_ABC,70209,184367,0.925018310546875,106.11939672729932,28.70012919108073,0,256
001_ABC,70209,184623,0.7152099609375,92.43113621859813,25.360941569010414,0,256
001_ABC,70209,184879,0.8014984130859375,91.0835763067007,24.927286783854168,0,256
001_ABC,70209,185135,0.7197723388671875,81.11095916852355,27.78351338704427,0,256
001_ABC,70209,185391,0.477813720703125,75.25944098457694,19.622955322265625,0,256
001_ABC,70209,185647,0.3198089599609375,64.9281158389058,13.26634724934896,0,256
001_ABC,70209,185903,0.4268341064453125,69.29800928290933,15.06298319498698,0,256
001_ABC,70209,186159,0.587158203125,94.7963861168828,19.884145100911457,0,256
001_ABC,70209,186415,0.54364013671875,116.0285811421927,23.123158772786457,0,256
001_ABC,70209,186671,0.723541259765625,110.65546971186996,20.624913533528645,0,256
001_ABC,70209,186927,0.64794921875,94.85669678356498,26.48456319173177,0,256
001_ABC,70465,183343,0.491455078125,77.76773083186708,22.1552734375,0,256
001_ABC,70465,183599,0.9198150634765624,113.94051778223366,30.241358439127605,0,256
001_ABC,70465,183855,0.9169769287109376,117.59919121488927,35.27312723795573,0,256
001_ABC,70465,184111,0.9420928955078124,113.61027283128352,30.365163167317707,0,256
001_ABC,70465,184367,0.8683319091796875,113.06693477532826,31.41968282063802,0,256
001_ABC,70465,184623,0.7732086181640625,129.0624466089066,24.734720865885414,0,256
001_ABC,70465,184879,0.797607421875,136.31727558281273,23.882954915364586,0,256
001_ABC,70465,185135,0.7645416259765625,113.91838911711238,22.804835001627605,0,256
001_ABC,70465,185391,0.7503814697265625,95.27604161202908,22.739644368489586,0,256
001_ABC,70465,185647,0.6947479248046875,91.13685590936802,23.566945393880207,0,256
001_ABC,70465,185903,0.46240234375,85.74574351101182,17.805028279622395,0,256
001_ABC,70465,186159,0.1624908447265625,63.89967882237397,9.991551717122396,0,256
001_ABC,70465,186415,0.37225341796875,90.19197203125805,15.758122762044271,0,256
001_ABC,70465,186671,0.6085662841796875,104.55519828852266,18.63329569498698,0,256
001_ABC,70721,183343,0.772064208984375,113.29622354148889,29.620040893554688,0,256
001_ABC,70721,183599,0.890350341796875,151.30385285778902,31.473800659179688,0,256
001_ABC,70721,183855,0.8900604248046875,158.38310986664146,29.691685994466145,0,256
001_ABC,70721,184111,0.9174957275390624,129.59618482156657,27.55579121907552,0,256
001_ABC,70721,184367,0.934722900390625,146.1209188066423,29.805007934570312,0,256
001_ABC,70721,184623,0.754119873046875,154.27635895833373,30.804066975911457,0,256
001_ABC,70721,184879,0.7755126953125,148.07333863317035,26.538726806640625,0,256
001_ABC,70721,185135,0.7625732421875,127.28820428973997,22.83478291829427,0,256
001_ABC,70721,185391,0.8438720703125,101.42263491358608,30.632609049479168,0,256
001_ABC,70721,185647,0.8297576904296875,94.77501478418708,25.58074951171875,0,256
001_ABC,70721,185903,0.605743408203125,94.97803365415892,18.510365804036457,0,256
001_ABC,70721,186159,0.559844970703125,100.55464785452932,17.334081013997395,0,256
001_ABC,70721,186415,0.6204986572265625,94.20921346894464,24.430923461914062,0,256
001_ABC,70721,186671,0.85516357421875,107.56886904593556,24.074610392252605,0,256
001_ABC,70977,183599,0.9283447265625,147.79228845215405,42.3325449625651,0,256
001_ABC,70977,183855,0.88720703125,155.78985154232942,33.78117879231771,0,256
001_ABC,70977,184111,0.840911865234375,164.54960495140404,26.11884053548177,0,256
001_ABC,70977,184367,0.90179443359375,173.74872258212417,30.59201558430989,0,256
001_ABC,70977,184623,0.7386322021484375,156.92067929264158,24.88092549641927,0,256
001_ABC,70977,184879,0.7224578857421875,141.27984280488454,25.974929809570312,0,256
001_ABC,70977,185135,0.703521728515625,115.86735638882963,25.69856770833333,0,256
001_ABC,70977,185391,0.7595367431640625,96.23698703106491,34.11394755045573,0,256
001_ABC,70977,185647,0.81097412109375,112.66961560747586,34.13814290364584,0,256
001_ABC,70977,185903,0.3605499267578125,97.24514544662088,15.19385782877604,0,256
001_ABC,70977,186159,0.4537200927734375,121.68561788555236,17.147715250651043,0,256
001_ABC,70977,186415,0.8346405029296875,116.53845781250855,31.382598876953125,0,256
001_ABC,70977,186671,0.852630615234375,112.82447754382156,26.584213256835938,0,256
001_ABC,71233,183599,0.9854888916015624,81.15385620272718,38.49515787760416,0,256
001_ABC,71233,183855,0.8251953125,75.85201609041542,30.719970703125,0,256
001_ABC,71233,184111,0.914947509765625,98.79791332571769,32.2254638671875,0,256
001_ABC,71233,184367,0.9587860107421876,93.144070870243,29.9183349609375,0,256
001_ABC,71233,184623,0.9564208984375,85.37446182384156,32.19004821777344,0,256
001_ABC,71233,184879,0.9598236083984376,81.77830434939824,35.0816904703776,0,256
001_ABC,71233,185135,0.7552337646484375,75.65691452845931,29.699874877929688,0,256
001_ABC,71233,185391,0.9741973876953124,68.77081905305386,43.77732340494792,0,256
001_ABC,71233,185647,0.81292724609375,74.1167508950457,21.08167012532552,0,256
001_ABC,71489,183855,0.9534149169921876,82.54327685176395,28.11859130859375,0,256
001_ABC,71489,184111,0.9640045166015624,81.61519889440387,28.49138895670573,0,256
001_ABC,71489,184367,0.9486083984375,79.28072069585323,28.383092244466145,0,256
001_ABC,71489,184623,0.9469451904296876,90.98521760012954,28.34788004557292,0,256
001_ABC,71489,184879,0.9798583984375,87.09594090189785,25.89831034342448,0,256
001_ABC,71489,185135,0.9497528076171876,76.34756891336292,24.26875305175781,0,256
001_ABC,71489,185391,0.9860687255859376,87.1697133348789,32.14908345540365,0,256
001_ABC,71489,185647,0.96246337890625,78.81262199487537,25.18674214680989,0,256
001_ABC,71745,184623,0.9724578857421876,104.2202907835599,27.204910278320312,0,256
001_ABC,71745,184879,0.9583892822265624,91.26322220172732,24.941390991210938,0,256
001_ABC,71745,185135,0.988006591796875,91.207484284183,25.366709391276043,0,256
001_ABC,33985,168491,0.5711517333984375,86.5557754652109,30.06320699055989,0,256
001_ABC,33985,168747,0.2794952392578125,66.85705558862537,15.225733439127604,0,256
001_ABC,33985,169003,0.1744232177734375,56.88561338186264,12.817581176757812,0,256
001_ABC,33985,169259,0.3792877197265625,73.02105617523193,21.118906656901043,0,256
001_ABC,33985,169515,0.8171844482421875,92.5818988820538,35.14117940266927,0,256
001_ABC,33985,169771,0.9620513916015624,134.20827526506037,44.5657704671224,0,256
001_ABC,33985,170027,0.913848876953125,151.37503242120147,39.91394551595052,0,256
001_ABC,33985,170283,0.7960968017578125,102.7525528499391,25.442916870117188,0,256
001_ABC,33985,170539,0.6580810546875,91.24414056539536,32.054219563802086,0,256
001_ABC,33985,170795,0.622589111328125,100.46455367072484,28.701624552408852,0,256
001_ABC,33985,171051,0.563934326171875,94.90724864578806,23.32909647623698,0,256
001_ABC,33985,171307,0.458465576171875,90.95509961037897,18.51377868652344,0,256
001_ABC,34241,168491,0.5337677001953125,85.08825658052228,23.40085856119792,0,256
001_ABC,34241,168747,0.881805419921875,113.5363993048668,39.80683898925781,0,256
001_ABC,34241,169003,0.8520965576171875,92.74020393844694,43.118499755859375,0,256
001_ABC,34241,169259,0.9938507080078124,122.21211217320524,50.72407023111979,0,256
001_ABC,34241,169515,0.9869232177734376,120.79174829996192,54.33965555826823,0,256
001_ABC,34241,169771,0.9505462646484376,133.9766991129145,40.754302978515625,0,256
001_ABC,34241,170027,0.98333740234375,156.43625579681247,40.33268229166666,0,256
001_ABC,34241,170283,0.9858856201171876,119.10499729937874,44.23869323730469,0,256
001_ABC,34241,170539,0.942230224609375,130.2268778567668,33.15393575032552,0,256
001_ABC,34241,170795,0.9603118896484376,128.10011834441684,36.2625732421875,0,256
001_ABC,34241,171051,0.9349822998046876,121.32211075723173,35.230743408203125,0,256
001_ABC,34241,171307,0.99334716796875,137.87905099405907,37.20953877766927,0,256
001_ABC,34241,171563,0.87884521484375,116.8418234733399,36.21676127115885,0,256
001_ABC,34497,168491,0.7992401123046875,76.95025160815567,32.055948893229164,0,256
001_ABC,34497,168747,0.920379638671875,88.88030987605453,41.996602376302086,0,256
001_ABC,34497,169003,0.9853973388671876,114.4047372257337,39.17022705078125,0,256
001_ABC,34497,169259,0.996917724609375,124.84048949182034,47.875020345052086,0,256
001_ABC,34497,169515,0.945770263671875,123.9482247196138,38.26686096191406,0,256
001_ABC,34497,169771,0.9215087890625,98.16128609981388,39.39262390136719,0,256
001_ABC,34497,170027,0.9923248291015624,122.0139337067958,37.633056640625,0,256
001_ABC,34497,170283,0.9293060302734376,115.75614858767948,38.8525136311849,0,256
001_ABC,34497,170539,0.9964141845703124,115.5941762328148,37.41898091634115,0,256
001_ABC,34497,170795,0.9506683349609376,115.2443455250468,38.53434244791666,0,256
001_ABC,34497,171051,0.946563720703125,101.11969292513096,32.9418690999349,0,256
001_ABC,34497,171307,0.9949798583984376,112.78108716174027,38.44600931803385,0,256
001_ABC,34497,171563,0.9495086669921876,126.98531384556554,39.354410807291664,0,256
001_ABC,34497,171819,0.397308349609375,63.66957243904472,20.778727213541668,0,256
001_ABC,34753,168491,0.84136962890625,50.049446906894445,57.282257080078125,0,256
001_ABC,34753,168747,0.891754150390625,78.19306308752857,34.78686014811198,0,256
001_ABC,34753,169003,0.963287353515625,80.89141601324081,33.689066569010414,0,256
001_ABC,34753,169259,0.939788818359375,75.39352621044964,41.75990295410156,0,256
001_ABC,34753,169515,0.943572998046875,64.72183227166533,35.82477823893229,0,256
001_ABC,34753,169771,0.962493896484375,71.83612015470862,31.564127604166668,0,256
001_ABC,34753,170027,0.9565277099609376,69.22720991075039,30.792185465494796,0,256
001_ABC,34753,170283,0.999053955078125,75.1403795145452,35.40974426269531,0,256
001_ABC,34753,170539,0.994537353515625,90.95649573928677,32.55348205566406,0,256
001_ABC,34753,170795,0.9615478515625,91.34002599772066,31.89510091145833,0,256
001_ABC,34753,171051,0.9850616455078124,83.39639266487211,31.433970133463543,0,256
001_ABC,34753,171307,0.7299041748046875,70.55448620929383,27.65416971842448,0,256
001_ABC,34753,171563,0.7328033447265625,56.39218908175826,44.24553934733073,0,256
001_ABC,34753,171819,0.2077484130859375,44.78910047910176,12.92920939127604,0,256
001_ABC,35009,168491,0.7319183349609375,81.78651347174309,26.84393310546875,0,256
001_ABC,35009,168747,0.9382476806640624,75.37074194848537,40.51661173502604,0,256
001_ABC,35009,169003,0.99993896484375,77.24698009993881,39.73157755533854,0,256
001_ABC,35009,169259,1.0,85.04432099848054,33.84842427571615,0,256
001_ABC,35009,169515,1.0,93.55173911130989,37.84854634602865,0,256
001_ABC,35009,169771,0.9852142333984376,80.73628211184405,35.06969706217448,0,256
001_ABC,35009,170027,0.969085693359375,81.22150359954685,34.69800821940104,0,256
001_ABC,35009,170283,0.9899749755859376,82.25578990555368,31.23237609863281,0,256
001_ABC,35009,170539,0.92633056640625,85.26728611811996,36.86927286783854,0,256
001_ABC,35009,170795,0.6542816162109375,67.00584095693193,25.841807047526043,0,256
001_ABC,35009,171051,0.181121826171875,55.05869466229342,12.335845947265623,0,256
001_ABC,35009,171307,0.4391937255859375,56.25775538291782,33.77484130859375,0,256
001_ABC,35009,171563,0.9342193603515624,54.55273627862334,80.98695373535156,0,256
001_ABC,35009,171819,0.6021270751953125,56.48131500184536,32.85702006022135,0,256
001_ABC,35265,168491,0.774749755859375,72.24857225990854,34.52279154459635,0,256
001_ABC,35265,168747,0.980926513671875,74.86527998908423,50.52523295084635,0,256
001_ABC,35265,169003,0.94268798828125,82.95651751384139,38.47193400065104,0,256
001_ABC,35265,169259,0.994232177734375,100.87029194436036,34.19025166829427,0,256
001_ABC,35265,169515,0.9640655517578124,100.40591442561708,34.66914367675781,0,256
001_ABC,35265,169771,0.964935302734375,102.78394740819932,36.36729431152344,0,256
001_ABC,35265,170027,0.99359130859375,116.39724294748156,33.965087890625,0,256
001_ABC,35265,170283,0.9917755126953124,86.8421008437872,36.25272115071615,0,256
001_ABC,35265,170539,0.8653564453125,83.29545657988638,35.8321278889974,0,256
001_ABC,35265,170795,0.8570404052734375,78.26723151560873,36.35686747233073,0,256
001_ABC,35265,171051,0.654388427734375,64.04953729733825,28.418624877929688,0,256
001_ABC,35265,171307,0.534149169921875,65.61629867553711,26.57537333170573,0,256
001_ABC,35265,171563,0.8396148681640625,80.07726177549921,43.79045104980469,0,256
001_ABC,35265,171819,0.66656494140625,75.27067684545182,28.84088643391927,0,256
001_ABC,35521,168491,0.966461181640625,85.10757338628173,46.32086181640625,0,256
001_ABC,35521,168747,0.9828948974609376,67.17083799256943,65.13179016113281,0,256
001_ABC,35521,169003,0.9558563232421876,84.87054550275207,41.15801493326823,0,256
001_ABC,35521,169259,0.9998931884765624,92.95207167207263,38.84669494628906,0,256
001_ABC,35521,169515,0.9976348876953124,90.17140382528304,41.62301127115885,0,256
001_ABC,35521,169771,0.990020751953125,106.36156898899937,41.43047078450521,0,256
001_ABC,35521,170027,0.9849700927734376,114.36267744004726,36.53483072916666,0,256
001_ABC,35521,170283,0.904571533203125,96.57252659811638,29.93701171875,0,256
001_ABC,35521,170539,0.9586334228515624,87.96480628265999,40.76023356119792,0,256
001_ABC,35521,170795,0.9033050537109376,93.51128875371067,28.03624979654948,0,256
001_ABC,35521,171051,0.9614715576171876,75.690140417777,27.916300455729168,0,256
001_ABC,35521,171307,0.6971282958984375,69.3411515483167,36.82523091634115,0,256
001_ABC,35521,171563,0.8308868408203125,82.2757456523832,32.25064595540365,0,256
001_ABC,35521,171819,0.93145751953125,79.46044772863388,44.87823486328125,0,256
001_ABC,35521,172075,0.078643798828125,55.73155088326894,9.002675374348959,0,256
001_ABC,35777,168491,0.9878082275390624,82.42757597472519,41.718292236328125,0,256
001_ABC,35777,168747,0.9267120361328124,80.87934950157069,45.400960286458336,0,256
001_ABC,35777,169003,0.5888824462890625,76.88293916522525,28.3946533203125,0,256
001_ABC,35777,169259,0.988372802734375,83.44218797143549,49.878438313802086,0,256
001_ABC,35777,169515,1.0,89.85801136097871,42.353108723958336,0,256
001_ABC,35777,169771,0.9973297119140624,126.509839448845,42.6554209391276,0,256
001_ABC,35777,170027,0.984283447265625,111.7676327964291,35.014424641927086,0,256
001_ABC,35777,170283,0.9977569580078124,120.14330309536308,34.30142720540365,0,256
001_ABC,35777,170539,0.6854095458984375,89.25378175731748,26.76085917154948,0,256
001_ABC,35777,170795,0.80615234375,87.851856674999,31.95324198404948,0,256
001_ABC,35777,171051,0.9918975830078124,104.24571727123111,37.55253092447917,0,256
001_ABC,35777,171307,0.5780792236328125,76.58878823276609,23.021774291992188,0,256
001_ABC,35777,171563,0.8642578125,83.93326090928167,35.55903625488281,0,256
001_ABC,35777,171819,0.8903656005859375,97.97446893155576,38.58782450358073,0,256
001_ABC,35777,172075,0.0209808349609375,51.520916390931234,8.031412760416666,0,256
001_ABC,36033,168491,0.9218902587890624,102.36096930503844,32.21351114908854,0,256
001_ABC,36033,168747,0.6881866455078125,89.60243469104171,28.309672037760414,0,256
001_ABC,36033,169003,0.9136199951171876,103.64999252161942,29.817057291666668,0,256
001_ABC,36033,169259,0.8809356689453125,84.21899234666489,34.93565877278646,0,256
001_ABC,36033,169515,0.9762725830078124,123.4997050052043,34.9388427734375,0,256
001_ABC,36033,169771,0.9807281494140624,128.2289675527718,37.6842295328776,0,256
001_ABC,36033,170027,0.9225311279296876,121.96174881025216,36.47966512044271,0,256
001_ABC,36033,170283,0.995086669921875,144.9375146990642,36.86066182454427,0,256
001_ABC,36033,170539,0.94439697265625,126.8672722966876,37.65311686197917,0,256
001_ABC,36033,170795,0.836456298828125,103.1871357576456,24.97718811035156,0,256
001_ABC,36033,171051,0.96636962890625,174.27372735366225,30.91810607910156,0,256
001_ABC,36033,171307,0.9719696044921876,104.19299864768982,31.80389404296875,0,256
001_ABC,36033,171563,0.8137054443359375,94.09692784771325,31.52611287434896,0,256
001_ABC,36033,171819,0.5555572509765625,77.78981742914766,21.35120137532552,0,256
001_ABC,36033,172075,0.07177734375,63.98870857967995,9.558364868164062,0,256
001_ABC,36289,168491,0.9242706298828124,86.96784886508249,32.352081298828125,0,256
001_ABC,36289,168747,0.63189697265625,78.62099453038536,26.04609680175781,0,256
001_ABC,36289,169003,0.5776519775390625,71.00771278864704,36.25692240397135,0,256
001_ABC,36289,169259,0.9691925048828124,118.87853070511484,37.4374033610026,0,256
001_ABC,36289,169515,0.9398651123046876,154.877104296349,34.625081380208336,0,256
001_ABC,36289,169771,0.937591552734375,164.26788759580813,38.6621348063151,0,256
001_ABC,36289,170027,0.911468505859375,156.379637776874,40.736419677734375,0,256
001_ABC,36289,170283,0.9412384033203124,146.42060630675405,33.02569580078125,0,256
001_ABC,36289,170539,0.686767578125,103.14848578628153,30.776285807291668,0,256
001_ABC,36289,170795,0.335845947265625,77.17608850821853,15.045369466145834,0,256
001_ABC,36289,171051,0.934478759765625,140.15168901905415,34.54253641764323,0,256
001_ABC,36289,171307,0.69891357421875,90.11556106433272,26.06052144368489,0,256
001_ABC,36289,171563,0.97772216796875,137.94142856821418,37.88504536946615,0,256
001_ABC,36289,171819,0.7028350830078125,111.23915692581797,27.378702799479168,0,256
001_ABC,36289,172075,0.1290740966796875,69.14644472952932,10.839655558268229,0,256
001_ABC,36545,168491,0.7584381103515625,79.89430217235349,27.176294962565105,0,256
001_ABC,36545,168747,0.0672760009765625,52.31202586903237,9.49059041341146,0,256
001_ABC,36545,169003,0.4298858642578125,57.99551099538803,24.838943481445312,0,256
001_ABC,36545,169259,0.81256103515625,94.01762880547903,29.36037190755208,0,256
001_ABC,36545,169515,1.0,106.6949759607669,36.86201477050781,0,256
001_ABC,36545,169771,0.9985504150390624,112.5187386048492,38.6255137125651,0,256
001_ABC,36545,170027,0.839385986328125,115.10533858742563,30.0997314453125,0,256
001_ABC,36545,170283,0.8243408203125,96.4063111336436,32.39056905110677,0,256
001_ABC,36545,170539,0.7396392822265625,85.60110645531677,33.84363301595052,0,256
001_ABC,36545,170795,0.5587158203125,84.51475350908004,19.9710693359375,0,256
001_ABC,36545,171051,0.4073028564453125,76.72724384069443,16.659372965494793,0,256
001_ABC,36545,171307,0.3564300537109375,66.91717205103487,15.857345581054688,0,256
001_ABC,36545,171563,0.8028106689453125,92.17047570063733,34.31258646647135,0,256
001_ABC,36545,171819,0.755523681640625,109.07980293035509,31.166880289713543,0,256
001_ABC,36545,172075,0.4775848388671875,76.83892483916134,19.965464274088543,0,256
001_ABC,36801,168747,0.7689666748046875,68.08743833005428,30.749125162760414,0,256
001_ABC,36801,169003,0.9269256591796876,62.22264270391315,56.52923075358073,0,256
001_ABC,36801,169259,0.64385986328125,58.772780667757615,26.38780212402344,0,256
001_ABC,36801,169515,0.6831512451171875,64.78639757237397,26.16453043619792,0,256
001_ABC,36801,169771,0.50372314453125,61.533146526664495,20.664779663085938,0,256
001_ABC,36801,170027,0.68414306640625,63.93188823736273,30.84259033203125,0,256
001_ABC,36801,170283,0.878692626953125,60.94050594209693,46.30120849609375,0,256
001_ABC,36801,170539,0.8108367919921875,71.9818415902555,29.52960205078125,0,256
001_ABC,36801,170795,0.15087890625,50.79134997352958,11.599212646484377,0,256
001_ABC,36801,171051,0.3754730224609375,56.829613676061854,15.88158671061198,0,256
001_ABC,36801,171307,0.44293212890625,60.46905659791082,17.18213399251302,0,256
001_ABC,36801,171563,0.3881988525390625,60.23252459219657,19.692418416341145,0,256
001_ABC,36801,171819,0.6265106201171875,65.50303511857055,32.016682942708336,0,256
001_ABC,36801,172075,0.4957275390625,58.9051481296774,23.102076212565105,0,256
001_ABC,37057,168747,0.956817626953125,89.22788304742426,38.80615234375,0,256
001_ABC,37057,169003,0.81719970703125,80.74357390403748,34.4897715250651,0,256
001_ABC,37057,169259,0.852294921875,80.96366050629877,29.813486735026043,0,256
001_ABC,37057,169515,0.9505462646484376,80.5276075375732,35.21642049153646,0,256
001_ABC,37057,169771,0.67791748046875,71.38257816783153,26.74890645345052,0,256
001_ABC,37057,170027,0.820281982421875,64.8836768080946,38.1006825764974,0,256
001_ABC,37057,170283,0.93304443359375,60.45271104574204,57.85838317871094,0,256
001_ABC,37057,170539,0.9193878173828124,76.23521696031094,36.060689290364586,0,256
001_ABC,37057,170795,0.5384368896484375,70.25619037356228,22.134134928385414,0,256
001_ABC,37313,168747,0.3895111083984375,70.89194471738301,17.661946614583332,0,256
001_ABC,37313,169003,0.8119049072265625,77.30271654482931,25.074076334635414,0,256
001_ABC,37313,169259,0.9393157958984376,93.60696446686052,31.358851114908852,0,256
001_ABC,37313,169515,0.985198974609375,84.19807160552591,41.57389322916666,0,256
001_ABC,37313,169771,0.96728515625,97.56853866577148,33.106903076171875,0,256
001_ABC,37313,170027,0.85693359375,92.62114718346857,26.78407287597656,0,256
001_ABC,37313,170283,0.8228912353515625,76.54548668768257,40.474945068359375,0,256
001_ABC,37313,170539,0.974273681640625,87.44301301892847,41.32927958170573,0,256
001_ABC,37313,170795,0.567657470703125,67.25157701573335,25.73529561360677,0,256
001_ABC,37569,169003,0.6500244140625,85.09888021438383,21.77283223470052,0,256
001_ABC,37569,169259,0.987152099609375,99.9672999677714,27.93987528483073,0,256
001_ABC,37569,169515,0.9903106689453124,107.42262662923896,30.32990010579427,0,256
001_ABC,37569,169771,0.9272308349609376,101.59379555261694,31.371414184570312,0,256
001_ABC,37569,170027,0.6254730224609375,76.67188752349466,29.307413736979168,0,256
001_ABC,37569,170283,0.0677642822265625,51.41702760546468,8.403396606445312,0,256
001_ABC,37569,170539,0.36981201171875,66.07231538719498,17.620686848958332,0,256
001_ABC,37569,170795,0.325714111328125,59.881711199646816,15.281305948893229,0,256
001_ABC,37825,169003,0.6424713134765625,84.67721982649527,23.408742268880207,0,256
001_ABC,37825,169259,0.9601287841796876,106.88518073782323,32.8834482828776,0,256
001_ABC,37825,169515,0.992523193359375,105.8492328664288,33.5791982014974,0,256
001_ABC,37825,169771,0.9583892822265624,95.6940984725952,38.93411763509115,0,256
001_ABC,37825,170027,0.65045166015625,70.44181622355245,38.855305989583336,0,256
001_ABC,37825,170283,0.2733306884765625,59.16005319892429,16.355565388997395,0,256
001_ABC,37825,170539,0.8924560546875,83.03199766180478,37.4185536702474,0,256
001_ABC,37825,170795,0.543609619140625,73.06228637695312,28.12537129720052,0,256
001_ABC,37825,172075,0.49853515625,66.49605300440453,25.25567626953125,0,256
001_ABC,37825,172331,0.384429931640625,65.72030544281006,21.94184875488281,0,256
001_ABC,38081,169003,0.8396453857421875,102.3765496404376,27.053782145182293,0,256
001_ABC,38081,169259,0.828369140625,91.64085387974046,30.03377278645833,0,256
001_ABC,38081,169515,0.9782867431640624,93.16227343585342,36.60248311360677,0,256
001_ABC,38081,169771,0.97705078125,94.3714881502092,39.46577962239584,0,256
001_ABC,38081,170027,0.5145416259765625,77.16836415231228,25.662144978841145,0,256
001_ABC,38081,170283,0.275543212890625,69.78171028918587,12.399922688802084,0,256
001_ABC,38081,170539,0.8712005615234375,82.72709223534912,48.54415893554688,0,256
001_ABC,38081,170795,0.4199371337890625,69.11746925115585,26.28623962402344,0,256
001_ABC,38081,171051,0.5393829345703125,87.60314949508756,21.63584899902344,0,256
001_ABC,38081,171307,0.356903076171875,72.04328696336597,15.498616536458334,0,256
001_ABC,38081,171563,0.53240966796875,72.89906192547642,19.352127075195312,0,256
001_ABC,38081,171819,0.4745025634765625,71.788963975152,26.515492757161457,0,256
001_ABC,38081,172075,0.47442626953125,82.98205174482428,23.07399495442708,0,256
001_ABC,38081,172331,0.213775634765625,68.12580059445463,12.637619018554688,0,256
001_ABC,38337,169003,0.982757568359375,118.3837423324585,33.83263651529948,0,256
001_ABC,38337,169259,0.980560302734375,113.04953103885056,38.314483642578125,0,256
001_ABC,38337,169515,0.9788665771484376,123.63986170268618,36.71123250325521,0,256
001_ABC,38337,169771,0.987579345703125,118.96154309227131,38.64009094238281,0,256
001_ABC,38337,170027,0.604888916015625,95.89471569564192,28.006551106770832,0,256
001_ABC,38337,170283,0.486083984375,78.72055657557212,26.925816853841145,0,256
001_ABC,38337,170539,0.5082244873046875,80.12333796080202,30.06517537434896,0,256
001_ABC,38337,170795,0.5613250732421875,91.60407063900492,22.296579996744796,0,256
001_ABC,38593,168747,0.613433837890625,70.5563697218895,21.793289184570312,0,256
001_ABC,38593,169003,0.957672119140625,73.94629375799559,36.67981465657552,0,256
001_ABC,38593,169259,0.9966278076171876,98.55128553672694,35.44636535644531,0,256
001_ABC,38593,169515,1.0,105.43064480810426,39.59661356608073,0,256
001_ABC,38593,169771,0.59051513671875,73.48621893837117,23.97157287597656,0,256
001_ABC,38593,170027,0.451751708984375,62.82350074476562,26.425877888997395,0,256
001_ABC,38593,170283,0.9891204833984376,78.0248744552955,59.75987243652344,0,256
001_ABC,38593,170539,0.6943206787109375,79.1756889668759,40.82041931152344,0,256
001_ABC,38593,170795,0.8060150146484375,80.48469471093267,30.50964864095052,0,256
001_ABC,38849,168747,0.9443511962890624,76.21230947133154,35.83397420247396,0,256
001_ABC,38849,169003,0.982421875,65.58262848015875,40.337544759114586,0,256
001_ABC,38849,169259,0.999053955078125,69.25104651763104,34.13077290852865,0,256
001_ABC,38849,169515,0.99810791015625,69.43535920605063,40.07418314615885,0,256
001_ABC,38849,169771,0.756805419921875,60.70904097612947,27.690943400065105,0,256
001_ABC,38849,170027,0.5477142333984375,61.86878655850887,31.88325500488281,0,256
001_ABC,38849,170283,0.9947662353515624,69.7154044052586,50.99654642740885,0,256
001_ABC,38849,170539,0.9715728759765624,53.66192566766404,66.84174092610677,0,256
001_ABC,38849,170795,0.7912445068359375,62.11652215174399,43.92572530110677,0,256
001_ABC,39105,168491,0.7808074951171875,71.6251774393022,32.3566640218099,0,256
001_ABC,39105,168747,1.0,67.54696483071893,41.50240071614584,0,256
001_ABC,39105,169003,0.9994659423828124,73.17453894927166,39.17623392740885,0,256
001_ABC,39105,169259,0.99871826171875,74.38408210501075,38.86340840657552,0,256
001_ABC,39105,169515,1.0,73.70124247297645,42.96188354492188,0,256
001_ABC,39105,169771,0.7225799560546875,62.2124019858893,29.392049153645832,0,256
001_ABC,39105,170027,0.3745574951171875,64.62597511708736,20.185704549153645,0,256
001_ABC,39105,170283,0.8829193115234375,65.60221615782939,44.26438903808594,0,256
001_ABC,39105,170539,0.9854736328125,61.02706990367733,62.49951171875,0,256
001_ABC,39105,170795,0.5527191162109375,54.425765972351655,40.44384256998698,0,256
001_ABC,39361,168491,0.8897705078125,93.08313089236616,44.885477701822914,0,256
001_ABC,39361,168747,0.9651336669921876,81.30320121883415,39.06076049804688,0,256
001_ABC,39361,169003,1.0,73.9395470386371,37.96947224934896,0,256
001_ABC,39361,169259,0.9852294921875,78.97504971525632,39.92713928222656,0,256
001_ABC,39361,169515,0.888031005859375,75.8440105766058,37.32824198404948,0,256
001_ABC,39361,169771,0.4657135009765625,63.15332301310264,22.49440511067708,0,256
001_ABC,39361,170027,0.8124237060546875,72.66086464747787,40.13870747884115,0,256
001_ABC,39361,170283,0.673126220703125,67.84561624750495,38.23289489746094,0,256
001_ABC,39361,170539,0.6912384033203125,67.41437523718923,46.2073008219401,0,256
001_ABC,39361,170795,0.0392913818359375,52.62459896504879,9.268697102864584,0,256
001_ABC,39617,168491,0.858001708984375,83.96596377249807,37.18114725748698,0,256
001_ABC,39617,168747,0.9521942138671876,78.19699790864252,35.2298583984375,0,256
001_ABC,39617,169003,0.9705657958984376,82.17023944086395,41.27337137858073,0,256
001_ABC,39617,169259,0.6121978759765625,71.61309145926498,23.756271362304688,0,256
001_ABC,39617,169515,0.197967529296875,56.834198020165786,13.680333455403646,0,256
001_ABC,39617,169771,0.407470703125,60.46990186325274,20.38514709472656,0,256
001_ABC,39617,170027,0.8386077880859375,74.33919450547546,43.15593973795573,0,256
001_ABC,39617,170283,0.61834716796875,69.69596499181353,35.94112650553385,0,256
001_ABC,39617,170539,0.1333465576171875,54.45964821032248,12.183537801106771,0,256
001_ABC,39873,168235,0.748077392578125,101.49703666917048,29.673629760742188,0,256
001_ABC,39873,168491,0.9940338134765624,94.7337491658982,41.904144287109375,0,256
001_ABC,39873,168747,0.87567138671875,79.78915972984396,35.47343444824219,0,256
001_ABC,39873,169003,0.9729766845703124,83.67311280965805,37.232014973958336,0,256
001_ABC,39873,169259,0.203521728515625,57.9624265616294,11.886672973632812,0,256
001_ABC,39873,169515,0.3167266845703125,60.27653855807148,17.00189717610677,0,256
001_ABC,39873,169771,0.5348052978515625,67.17092610499822,25.1104736328125,0,256
001_ABC,39873,170027,0.813720703125,86.73596032499336,45.67169189453125,0,256
001_ABC,39873,170283,0.4513397216796875,89.19707480724901,19.831090291341145,0,256
001_ABC,39873,170539,0.13043212890625,60.08200794062577,13.17444356282552,0,256
001_ABC,40129,168235,0.6809234619140625,112.99634741037153,26.507553100585938,0,256
001_ABC,40129,168491,0.9853057861328124,119.51129283662884,35.64166768391927,0,256
001_ABC,40129,168747,0.9883575439453124,111.09157386398874,29.975387573242188,0,256
001_ABC,40129,169003,0.9545745849609376,99.66591139486992,32.535054524739586,0,256
001_ABC,40129,169259,0.9203948974609376,108.43445615377276,29.87327067057292,0,256
001_ABC,40129,169515,0.3719024658203125,70.68578375480138,14.424509684244793,0,256
001_ABC,40129,169771,0.3040924072265625,57.51744318730198,16.416946411132812,0,256
001_ABC,40129,170027,0.7564697265625,90.26120847463608,38.21676635742188,0,256
001_ABC,40129,170283,0.5269927978515625,88.22554244450293,27.377944946289062,0,256
001_ABC,40129,170539,0.4862060546875,79.31716537475586,28.068267822265625,0,256
001_ABC,40385,168235,0.688140869140625,133.4607695301529,24.970718383789062,0,256
001_ABC,40385,168491,0.997894287109375,138.24672829266638,38.1506093343099,0,256
001_ABC,40385,168747,0.9998626708984376,113.13038258906454,39.6513671875,0,256
001_ABC,40385,169003,0.900848388671875,104.92737259506248,34.41509501139323,0,256
001_ABC,40385,169259,0.5897216796875,97.1195051369723,25.765904744466145,0,256
001_ABC,40385,169515,0.703277587890625,99.71464490517974,35.14671834309896,0,256
001_ABC,40385,169771,0.8822174072265625,98.31285481061786,59.28855895996094,0,256
001_ABC,40385,170027,0.75555419921875,78.37629684433341,62.04511006673177,0,256
001_ABC,40385,170283,0.3117218017578125,75.3401294236537,16.204579671223957,0,256
001_ABC,40641,168235,0.8551483154296875,110.1012561172247,28.33197021484375,0,256
001_ABC,40641,168491,0.960540771484375,108.3768206143286,31.266270955403645,0,256
001_ABC,40641,168747,0.9744415283203124,113.06511815544218,34.57469685872396,0,256
001_ABC,40641,169003,0.9955291748046876,117.05781542882325,34.47776794433594,0,256
001_ABC,40641,169259,0.64056396484375,80.50926278531551,28.744781494140625,0,256
001_ABC,40641,169515,0.880828857421875,66.04342566779815,57.54932657877604,0,256
001_ABC,40641,169771,0.6360626220703125,58.30990968621336,49.9156239827474,0,256
001_ABC,40641,170027,0.5957489013671875,67.03861496387981,48.41704305013021,0,256
001_ABC,40641,170283,0.48809814453125,69.62579023744911,25.99934895833333,0,256
001_ABC,40897,167979,0.6195831298828125,68.91084205335937,21.54050699869792,0,256
001_ABC,40897,168235,0.9510345458984376,69.84726240276359,34.72711181640625,0,256
001_ABC,40897,168491,0.9696807861328124,84.57736057043076,37.611175537109375,0,256
001_ABC,40897,168747,0.9996795654296876,90.94128425582312,33.829081217447914,0,256
001_ABC,40897,169003,0.95794677734375,77.4540719948709,35.01695760091146,0,256
001_ABC,40897,169259,0.1799774169921875,52.169964572181925,14.178049723307293,0,256
001_ABC,40897,169515,0.417327880859375,53.99835201725364,22.96372985839844,0,256
001_ABC,40897,169771,0.2080078125,53.52309007104486,13.085642496744793,0,256
001_ABC,40897,170027,0.168853759765625,51.19989884621464,14.75079345703125,0,256
001_ABC,40897,170283,0.3495025634765625,53.014771330868825,22.04416910807292,0,256
001_ABC,41153,167979,0.97314453125,76.30421907361597,42.68205261230469,0,256
001_ABC,41153,168235,0.98834228515625,79.99766116193496,39.2335459391276,0,256
001_ABC,41153,168491,0.9618988037109376,96.74711490399204,34.5135498046875,0,256
001_ABC,41153,168747,1.0,111.03313817060553,33.76766459147135,0,256
001_ABC,41153,169003,0.72869873046875,84.69864300545305,26.216395060221355,0,256
001_ABC,41153,169259,0.945465087890625,64.42817901074886,52.82749938964844,0,256
001_ABC,41153,169515,0.9664306640625,56.64809996611439,56.37301127115885,0,256
001_ABC,41153,169771,0.86370849609375,60.79542404320091,53.31149291992188,0,256
001_ABC,41153,170027,0.1898193359375,53.90742891654372,13.521067301432293,0,256
001_ABC,41409,167979,0.956634521484375,98.37264702073298,36.2942148844401,0,256
001_ABC,41409,168235,0.9180755615234376,97.48223846778274,33.8785654703776,0,256
001_ABC,41409,168491,0.9911651611328124,92.12970231473446,43.53594462076823,0,256
001_ABC,41409,168747,0.9517669677734376,111.00579053512774,37.31400553385416,0,256
001_ABC,41409,169003,0.364227294921875,70.62062456831336,18.09592692057292,0,256
001_ABC,41409,169259,0.99981689453125,66.34532164945267,62.3117421468099,0,256
001_ABC,41409,169515,0.9924774169921876,65.41220621741377,66.12307230631511,0,256
001_ABC,41409,169771,1.0,51.95760083361529,88.25779724121094,0,256
001_ABC,41409,170027,0.3033447265625,53.79519626125693,27.771036783854168,0,256
001_ABC,41665,167979,0.6490325927734375,85.02840390778147,23.669998168945312,0,256
001_ABC,41665,168235,0.399139404296875,75.89940224587917,19.460189819335938,0,256
001_ABC,41665,168491,0.8176422119140625,96.60066578444092,42.56221516927084,0,256
001_ABC,41665,168747,0.808837890625,98.95644760131836,28.38208516438802,0,256
001_ABC,41665,169003,0.0010223388671875,51.30770292785019,8.569198608398438,0,256
001_ABC,41665,169259,0.374114990234375,61.31779044657014,25.587331136067707,0,256
001_ABC,41665,169515,0.2239990234375,57.80182074010372,15.8681640625,0,256
001_ABC,41665,169771,0.18060302734375,54.865351028507575,15.61846923828125,0,256
001_ABC,41665,170027,0.0468902587890625,56.99125022045337,10.179290771484377,0,256
001_ABC,41921,167979,0.1065826416015625,55.30434046685696,10.034255981445312,0,256
001_ABC,41921,168235,0.368621826171875,77.89802363677882,16.454121907552082,0,256
001_ABC,41921,168491,0.65362548828125,122.61142565845512,32.913472493489586,0,256
001_ABC,41921,168747,0.5926971435546875,110.10115582845174,25.78447977701823,0,256
001_ABC,41921,169003,0.19049072265625,69.96299708238803,16.099583943684895,0,256
001_ABC,41921,169259,0.0,51.37882835208438,8.271367390950521,0,256
001_ABC,42177,167979,0.50213623046875,100.60019278526306,18.408030192057293,0,256
001_ABC,42177,168235,0.91552734375,135.76421748637222,29.330240885416668,0,256
001_ABC,42177,168491,0.9735260009765624,114.5385258635506,51.43707784016927,0,256
001_ABC,42177,168747,0.9511260986328124,140.82290256745182,38.812723795572914,0,256
001_ABC,42177,169003,0.27081298828125,74.66135492827743,15.87818400065104,0,256
001_ABC,42177,169259,0.0,53.148965371539816,8.32293701171875,0,256
001_ABC,42433,167979,0.9580841064453124,146.26205469644628,30.27048238118489,0,256
001_ABC,42433,168235,0.9934539794921876,161.08251147624105,33.560139973958336,0,256
001_ABC,42433,168491,0.9877471923828124,165.80441391072236,37.54944864908854,0,256
001_ABC,42433,168747,0.8508453369140625,132.763419005787,30.337417602539062,0,256
001_ABC,42433,169003,0.25262451171875,75.76153479865752,14.92871602376302,0,256
001_ABC,42433,169259,0.018402099609375,56.4876860731747,9.173919677734377,0,256
001_ABC,42689,167211,0.5876312255859375,54.678661523154005,30.547047932942707,0,256
001_ABC,42689,167467,0.001007080078125,43.40548517461866,7.549753824869792,0,256
001_ABC,42689,167723,0.5472869873046875,65.40847305371426,24.498443603515625,0,256
001_ABC,42689,167979,0.8235626220703125,104.50228568539023,40.10387166341146,0,256
001_ABC,42689,168235,0.9141845703125,138.31401055282913,26.034708658854168,0,256
001_ABC,42689,168491,0.6786346435546875,99.56468076608144,26.785888671875,0,256
001_ABC,42689,168747,0.7597808837890625,86.70453215367161,34.88005574544271,0,256
001_ABC,42689,169003,0.918121337890625,89.94381975731812,43.149810791015625,0,256
001_ABC,42689,169259,0.6475067138671875,77.61534694489092,34.95445760091146,0,256
001_ABC,42945,167211,0.404449462890625,46.92019104585052,33.406494140625,0,256
001_ABC,42945,167467,0.032012939453125,50.17406982183456,9.111328125,0,256
001_ABC,42945,167723,0.7324676513671875,72.89975504553877,33.9376475016276,0,256
001_ABC,42945,167979,0.5666961669921875,77.99439888610505,24.306752522786457,0,256
001_ABC,42945,168235,0.623199462890625,78.70659816800617,21.323023478190105,0,256
001_ABC,42945,168491,0.62994384765625,79.69181306823157,27.751551310221355,0,256
001_ABC,42945,168747,0.876434326171875,81.18141856766306,47.7654774983724,0,256
001_ABC,42945,169003,0.9096527099609376,88.28251066966914,40.58218892415365,0,256
001_ABC,42945,169259,0.5643157958984375,67.62493053055368,27.263326009114586,0,256
001_ABC,43201,166955,0.7843017578125,55.299656795104966,49.924102783203125,0,256
001_ABC,43201,167211,0.045806884765625,46.73265743255615,10.839309692382812,0,256
001_ABC,43201,167467,0.0,48.55106605193578,7.48443603515625,0,256
001_ABC,43201,167723,0.097808837890625,52.45365834143013,10.330149332682293,0,256
001_ABC,43201,167979,0.1095733642578125,56.52747378288768,10.57489013671875,0,256
001_ABC,43201,168235,0.3727874755859375,74.93868746981025,18.415756225585938,0,256
001_ABC,43201,168491,0.470458984375,92.27388886339033,21.60540771484375,0,256
001_ABC,43201,168747,0.6996917724609375,74.70228172745556,30.547526041666668,0,256
001_ABC,43201,169003,0.8908233642578125,83.4813084565103,45.59351603190104,0,256
001_ABC,43201,169259,0.2551727294921875,60.7629532776773,16.990219116210938,0,256
001_ABC,43457,166955,0.71466064453125,59.56854339293204,39.70239766438802,0,256
001_ABC,43457,167211,0.3487091064453125,63.26493558823131,15.995396931966146,0,256
001_ABC,43457,167467,0.3159332275390625,62.24783319234848,15.12781270345052,0,256
001_ABC,43457,167723,0.1331939697265625,55.58161900914274,10.330362955729166,0,256
001_ABC,43457,167979,0.05279541015625,55.663130515953526,8.728068033854166,0,256
001_ABC,43457,168235,0.6096038818359375,84.99836295470595,22.554367065429688,0,256
001_ABC,43457,168491,0.8770751953125,106.72625344991684,33.35004679361979,0,256
001_ABC,43457,168747,0.7928619384765625,95.83142165071332,36.19355265299479,0,256
001_ABC,43457,169003,0.4348907470703125,76.78798539168201,25.96641540527344,0,256
001_ABC,43457,169259,0.0559539794921875,57.20484137535095,10.759577433268229,0,256
001_ABC,43713,167211,0.343017578125,72.02549950685352,16.660614013671875,0,256
001_ABC,43713,167467,0.889434814453125,80.05672229733318,29.11719258626302,0,256
001_ABC,43713,167723,0.6529083251953125,92.41844678088091,23.511088053385414,0,256
001_ABC,43713,167979,0.1294403076171875,62.19967883452773,10.47374979654948,0,256
001_ABC,43713,168235,0.8078155517578125,90.8019627770409,33.21402486165365,0,256
001_ABC,43713,168491,0.639404296875,88.87089359387755,24.126190185546875,0,256
001_ABC,43713,168747,0.944061279296875,93.62506595160812,46.40304565429688,0,256
001_ABC,43713,169003,0.9181976318359376,92.12314210808836,46.15868631998698,0,256
001_ABC,43713,169259,0.924591064453125,85.89481738116592,53.36990865071615,0,256
001_ABC,43713,169515,0.232940673828125,62.52045282628387,16.659413655598957,0,256
001_ABC,43969,167211,0.6275177001953125,70.61995270755142,26.283472696940105,0,256
001_ABC,43969,167467,0.8652191162109375,99.96536472975276,41.03887430826823,0,256
001_ABC,43969,167723,0.5724334716796875,78.54710074304603,30.0880126953125,0,256
001_ABC,43969,167979,0.006378173828125,58.53829400404357,8.467300415039062,0,256
001_ABC,43969,168235,0.455108642578125,87.90817068517208,18.298268636067707,0,256
001_ABC,43969,168491,0.8487396240234375,117.58333894237876,34.01624043782552,0,256
001_ABC,43969,168747,0.8846282958984375,101.25155083811842,37.69002787272135,0,256
001_ABC,43969,169003,0.9964599609375,98.95817252038978,53.05250040690104,0,256
001_ABC,43969,169259,1.0,101.99056892748922,55.8706309000651,0,256
001_ABC,43969,169515,0.3366546630859375,68.07461406197399,25.66405741373698,0,256
001_ABC,44225,167211,0.632232666015625,64.61725609656423,33.85777282714844,0,256
001_ABC,44225,167467,0.5706024169921875,63.98597738496028,34.195526123046875,0,256
001_ABC,44225,167723,0.047393798828125,58.152527237078175,9.40289306640625,0,256
001_ABC,44225,167979,0.755645751953125,91.83716583414936,44.91577657063802,0,256
001_ABC,44225,168235,0.698699951171875,104.565279222792,35.761322021484375,0,256
001_ABC,44225,168491,0.8340301513671875,126.20861102244815,40.45237731933594,0,256
001_ABC,44225,168747,0.7710418701171875,104.62850835896096,31.288482666015625,0,256
001_ABC,44225,169003,0.9253692626953124,104.34335362701675,46.55547587076823,0,256
001_ABC,44225,169259,0.721527099609375,99.4354859588202,34.514892578125,0,256
001_ABC,44225,169515,0.2514190673828125,69.77022610511631,15.67198689778646,0,256
001_ABC,44481,167467,0.1138458251953125,63.59983298345469,12.843449910481771,0,256
001_ABC,44481,167723,0.05517578125,63.09594666119665,9.01463826497396,0,256
001_ABC,44481,167979,0.578460693359375,103.2660054860171,30.997467041015625,0,256
001_ABC,44481,168235,0.7248687744140625,106.74208066961728,26.86631774902344,0,256
001_ABC,44481,168491,0.9935150146484376,146.4181589446962,45.22466532389323,0,256
001_ABC,44481,168747,0.985870361328125,156.04048086307012,50.9903564453125,0,256
001_ABC,44481,169003,0.965057373046875,161.32364899571985,29.436553955078125,0,256
001_ABC,44481,169259,0.694976806640625,108.6080757805612,28.173426310221355,0,256
001_ABC,44481,169515,0.912628173828125,235.2346299008932,36.442301432291664,0,256
001_ABC,44481,169771,0.95855712890625,202.24352986272424,37.646260579427086,0,256
001_ABC,44481,170027,0.9919586181640624,214.24592538899745,46.05936177571615,0,256
001_ABC,44481,170283,0.4242401123046875,111.29318236466496,24.75787353515625,0,256
001_ABC,44481,170539,0.228759765625,57.7086253722664,19.447031656901043,0,256
001_ABC,44481,170795,0.5317535400390625,70.70348782255314,35.58538818359375,0,256
001_ABC,44481,171051,0.4166259765625,78.51334534585476,24.470326741536457,0,256
001_ABC,44737,167723,0.409820556640625,71.68892792589031,18.749216715494796,0,256
001_ABC,44737,167979,0.29595947265625,71.77116053155623,13.960886637369793,0,256
001_ABC,44737,168235,0.34307861328125,56.98504739627242,22.396326700846355,0,256
001_ABC,44737,168491,0.6352691650390625,105.84963571187107,29.057973225911457,0,256
001_ABC,44737,168747,0.6311798095703125,77.51275165914558,32.50599161783854,0,256
001_ABC,44737,169003,0.5938873291015625,65.16357051371597,31.79292297363281,0,256
001_ABC,44737,169259,0.6493377685546875,65.85523900180124,31.746693929036457,0,256
001_ABC,44737,169515,0.840301513671875,110.26385448779912,32.51708984375,0,256
001_ABC,44737,169771,0.9235076904296876,136.60819137259386,38.74962361653646,0,256
001_ABC,44737,170027,0.9146575927734376,118.5059254458174,31.646336873372395,0,256
001_ABC,44737,170283,0.09552001953125,55.81298304256052,10.5938720703125,0,256
001_ABC,44737,170539,0.013214111328125,42.19566166028381,7.048309326171875,0,256
001_ABC,44737,170795,0.3166046142578125,55.31046637520194,18.527013142903645,0,256
001_ABC,44737,171051,0.045074462890625,41.83759797271341,7.579920450846354,0,256
001_ABC,44993,167723,0.6623077392578125,61.94897133274935,32.87970479329427,0,256
001_ABC,44993,167979,0.5653228759765625,61.63380156364292,29.710484822591145,0,256
001_ABC,44993,168235,0.250762939453125,55.23553466703743,15.356831868489584,0,256
001_ABC,44993,168491,0.55194091796875,70.09795957710594,26.03106689453125,0,256
001_ABC,44993,168747,0.7192535400390625,68.0740716457367,33.60875447591146,0,256
001_ABC,44993,169003,0.774688720703125,73.90807214356028,36.11014302571615,0,256
001_ABC,44993,169259,0.644378662109375,64.91952550201677,29.493540445963543,0,256
001_ABC,44993,169515,0.812408447265625,61.42308610281907,44.28463745117188,0,256
001_ABC,44993,169771,0.754791259765625,90.15052793524228,30.041300455729168,0,256
001_ABC,44993,170027,0.297515869140625,63.4078967270907,16.99500020345052,0,256
001_ABC,44993,170283,0.034698486328125,49.16252136020921,8.812484741210938,0,256
001_ABC,44993,170539,0.02545166015625,40.49051540996879,7.432022094726562,0,256
001_ABC,44993,170795,0.1080780029296875,43.4524934773799,10.571497599283854,0,256
001_ABC,44993,171051,0.017181396484375,37.93044863641262,6.706532796223958,0,256
001_ABC,45249,167723,0.711212158203125,79.02418494131416,25.72698974609375,0,256
001_ABC,45249,167979,0.7135467529296875,84.01162710413337,28.903635660807293,0,256
001_ABC,45249,168235,0.71844482421875,77.22789067937993,37.32196553548177,0,256
001_ABC,45249,168491,0.3865509033203125,66.38861513487063,24.4598388671875,0,256
001_ABC,45249,168747,0.5485687255859375,65.89761974825524,34.68464660644531,0,256
001_ABC,45249,169003,0.6625823974609375,79.11251777410507,26.200210571289062,0,256
001_ABC,45249,169259,0.649566650390625,75.1721798160579,30.77996826171875,0,256
001_ABC,45249,169515,0.7891693115234375,80.54236537124962,34.637359619140625,0,256
001_ABC,45249,169771,0.69140625,80.19846890470944,32.92082722981771,0,256
001_ABC,45249,170027,0.58038330078125,71.31653995043598,30.33515930175781,0,256
001_ABC,45249,170283,0.4754486083984375,67.98331850557588,23.713755289713543,0,256
001_ABC,45249,170539,0.2393035888671875,50.24314673966728,16.408187866210938,0,256
001_ABC,45249,170795,0.0,41.27969745150767,6.889175415039063,0,256
001_ABC,45249,171051,0.133026123046875,43.950791105628014,13.401896158854166,0,256
001_ABC,45249,171307,0.2207794189453125,44.414561717770994,21.222605387369796,0,256
001_ABC,45249,171563,0.629486083984375,47.04362416057848,57.05709838867188,0,256
001_ABC,45249,171819,0.21783447265625,49.01806640252471,15.14300537109375,0,256
001_ABC,45505,167723,0.504150390625,79.62515551387332,22.246897379557293,0,256
001_ABC,45505,167979,0.630859375,91.74447682127357,27.368932088216145,0,256
001_ABC,45505,168235,0.76806640625,92.4415740945842,37.047953287760414,0,256
001_ABC,45505,168491,0.7635650634765625,100.46599995251744,31.371353149414062,0,256
001_ABC,45505,168747,0.6497955322265625,88.32892868458293,33.471720377604164,0,256
001_ABC,45505,169003,0.7159423828125,86.98544901236892,35.68450419108073,0,256
001_ABC,45505,169259,0.62493896484375,78.68650588183664,29.953287760416668,0,256
001_ABC,45505,169515,0.826934814453125,69.0412488244474,49.5967763264974,0,256
001_ABC,45505,169771,0.9354705810546876,98.8047241361346,47.717559814453125,0,256
001_ABC,45505,170027,0.89093017578125,105.80114421900362,39.17401123046875,0,256
001_ABC,45505,170283,0.748504638671875,79.48627013876103,36.15971374511719,0,256
001_ABC,45505,170539,0.7252655029296875,78.8421434739139,33.25008646647135,0,256
001_ABC,45505,170795,0.4004058837890625,55.67195305763744,25.81365966796875,0,256
001_ABC,45505,171051,0.6239013671875,66.22175219561905,32.811747233072914,0,256
001_ABC,45505,171307,0.6787109375,63.21708871331066,42.71966044108073,0,256
001_ABC,45505,171563,0.6981048583984375,65.58945822715759,42.447509765625,0,256
001_ABC,45505,171819,0.1148834228515625,51.149022029479966,11.946945190429688,0,256
001_ABC,45761,167723,0.32928466796875,70.59389167185873,20.051615397135414,0,256
001_ABC,45761,167979,0.6958160400390625,101.30848693847656,32.45349629720052,0,256
001_ABC,45761,168235,0.565521240234375,91.02523999637924,24.296457926432293,0,256
001_ABC,45761,168491,0.2287445068359375,68.64234112179838,21.583328247070312,0,256
001_ABC,45761,168747,0.0566864013671875,58.20715572102927,11.88086446126302,0,256
001_ABC,45761,169003,0.51910400390625,75.00474951206706,31.491038004557293,0,256
001_ABC,45761,169259,0.7801361083984375,79.40891591622494,39.6244150797526,0,256
001_ABC,45761,169515,0.689178466796875,78.99029706418514,43.84395853678385,0,256
001_ABC,45761,169771,0.768585205078125,76.37747601326555,44.38682556152344,0,256
001_ABC,45761,170027,0.828277587890625,79.67361322697252,42.8586171468099,0,256
001_ABC,45761,170283,0.7745208740234375,102.49710556282662,43.3118642171224,0,256
001_ABC,45761,170539,0.8483123779296875,87.5658729558345,43.16849263509115,0,256
001_ABC,45761,170795,0.9066925048828124,85.1776244842913,43.06129455566406,0,256
001_ABC,45761,171051,0.635650634765625,76.63360313978046,28.207865397135414,0,256
001_ABC,45761,171307,0.6192169189453125,54.97355570807122,41.64275614420573,0,256
001_ABC,45761,171563,0.2440185546875,56.39152436307632,18.033650716145832,0,256
001_ABC,46017,167723,0.2399749755859375,64.85788838472217,17.312489827473957,0,256
001_ABC,46017,167979,0.0813140869140625,51.57134368177503,9.401814778645834,0,256
001_ABC,46017,168235,0.0,46.29758298024535,6.790028889973958,0,256
001_ABC,46017,168491,0.0254058837890625,58.31844976521097,11.73182169596354,0,256
001_ABC,46017,168747,0.0499267578125,58.75527985300869,11.990788777669271,0,256
001_ABC,46017,169003,0.0013275146484375,56.075790086528286,11.016042073567707,0,256
001_ABC,46017,169259,0.203826904296875,64.60091990884393,14.98901875813802,0,256
001_ABC,46017,169515,0.2913665771484375,73.07551558478735,24.570709228515625,0,256
001_ABC,46017,169771,0.4957275390625,88.91578322625719,28.31982930501302,0,256
001_ABC,46017,170027,0.59356689453125,103.55639656540006,28.43316650390625,0,256
001_ABC,46017,170283,0.5189361572265625,106.15917726512998,28.35021464029948,0,256
001_ABC,46017,170539,0.45947265625,81.45974175794981,27.314488728841145,0,256
001_ABC,46017,170795,0.404296875,63.2540480250027,28.895263671875,0,256
001_ABC,46017,171051,0.1302490234375,52.98332594241947,14.27855936686198,0,256
001_ABC,46273,167723,0.36749267578125,85.90090078115463,17.219579060872395,0,256
001_ABC,46273,167979,0.1087493896484375,66.30078410264105,9.082911173502604,0,256
001_ABC,46273,168235,0.3536224365234375,88.2228083871305,16.843429565429688,0,256
001_ABC,46273,168491,0.8383331298828125,109.2702771963086,36.08899943033854,0,256
001_ABC,46273,168747,0.7145233154296875,94.0067308312282,30.43463643391927,0,256
001_ABC,46529,167723,0.63690185546875,92.50053711771034,28.805948893229168,0,256
001_ABC,46529,167979,0.84674072265625,128.98029130860232,33.72089131673177,0,256
001_ABC,46529,168235,0.714691162109375,126.47566964640282,27.56686909993489,0,256
001_ABC,46529,168491,0.90936279296875,142.36394037283026,35.28343709309896,0,256
001_ABC,46529,168747,0.892852783203125,116.26644039154051,37.25376383463541,0,256
001_ABC,46785,167211,0.81640625,73.8102175584063,36.52453104654948,0,256
001_ABC,46785,167467,0.7601318359375,78.24623042508028,27.95310465494792,0,256
001_ABC,46785,167723,0.683441162109375,71.82383965491317,21.712921142578125,0,256
001_ABC,46785,167979,0.7570343017578125,90.49231879389843,27.284006754557293,0,256
001_ABC,46785,168235,0.8370361328125,97.05591174191795,36.40037536621094,0,256
001_ABC,46785,168491,0.9689483642578124,99.0263280114159,33.52335103352865,0,256
001_ABC,46785,168747,0.4958343505859375,72.20054480060935,21.03319803873698,0,256
001_ABC,47041,166955,0.9103240966796876,66.46335875219665,41.3493398030599,0,256
001_ABC,47041,167211,0.8923797607421875,66.70457874238491,36.19527180989584,0,256
001_ABC,47041,167467,0.787139892578125,65.24982923059724,28.663848876953125,0,256
001_ABC,47041,167723,0.7510986328125,71.62462486117147,28.72312418619792,0,256
001_ABC,47041,167979,0.9067230224609376,86.01292349002324,32.46021525065104,0,256
001_ABC,47041,168235,0.92510986328125,86.099122046493,33.93267313639323,0,256
001_ABC,47041,168491,0.2187042236328125,53.07075476553291,13.26574198404948,0,256
001_ABC,47297,166955,0.987640380859375,53.320698127150536,69.28582763671875,0,256
001_ABC,47297,167211,0.6115570068359375,53.94889663509093,37.754486083984375,0,256
001_ABC,47297,167467,0.2330322265625,52.98731464147568,11.65734354654948,0,256
001_ABC,47297,167723,0.8368988037109375,71.69439242780209,30.698145548502605,0,256
001_ABC,47297,167979,0.98333740234375,83.0297529248055,44.94127400716146,0,256
001_ABC,47297,168235,0.63922119140625,74.90262093371712,22.683629353841145,0,256
001_ABC,47553,166955,0.9027862548828124,45.248241319321096,86.3990478515625,0,256
001_ABC,47553,167211,0.990997314453125,60.51070905383676,75.18396504720052,0,256
001_ABC,47553,167467,0.6974945068359375,68.36422929074615,36.449249267578125,0,256
001_ABC,47553,167723,0.762359619140625,78.87205093330704,26.354171752929688,0,256
001_ABC,47553,167979,0.914215087890625,78.35490761860274,33.65503946940104,0,256
001_ABC,47553,168235,0.269256591796875,69.5467247730121,13.73585001627604,0,256
001_ABC,47809,166955,0.3803558349609375,54.482671327656135,29.27435811360677,0,256
001_ABC,47809,167211,0.9246063232421876,80.55187747534364,71.54116312662761,0,256
001_ABC,47809,167467,0.9346160888671876,95.66648747376166,48.62827555338541,0,256
001_ABC,47809,167723,0.644805908203125,83.93878947198391,32.10328674316406,0,256
001_ABC,47809,167979,0.5258331298828125,85.79350465536118,20.745900472005207,0,256
001_ABC,47809,168235,0.350830078125,82.88033941364847,17.05242411295573,0,256
001_ABC,48065,167467,0.6568450927734375,87.38378892838955,24.9339599609375,0,256
001_ABC,48065,167723,0.32098388671875,73.1830596642103,14.427668253580729,0,256
001_ABC,48065,167979,0.4116668701171875,90.49303753464484,17.682963053385418,0,256
001_ABC,48065,168235,0.3657684326171875,88.13142119254917,15.16455586751302,0,256
001_ABC,48578,168873,0.954620361328125,149.40538741555065,34.82890319824219,0,256
001_ABC,48578,169129,0.9468536376953124,164.7081032653805,27.112869262695312,0,256
001_ABC,48834,168873,0.81854248046875,67.40239048353396,33.78063456217448,0,256
001_ABC,48834,169129,0.8267364501953125,77.81258296966553,25.20320638020833,0,256
001_ABC,49090,168873,0.72894287109375,70.28880287683569,26.34222412109375,0,256
001_ABC,49090,169129,0.8778228759765625,76.10482932231389,23.32080586751302,0,256
001_ABC,49346,168873,0.539215087890625,59.38786223507486,20.15142313639323,0,256
001_ABC,49346,169129,0.8203125,82.24024802981876,30.902684529622395,0,256
001_ABC,49602,168873,0.9097442626953124,74.0181092096027,36.56807454427084,0,256
001_ABC,49602,169129,0.93798828125,75.1130506535992,29.7447509765625,0,256
001_ABC,49602,169385,0.8978424072265625,76.10288397944532,25.71753438313802,0,256
001_ABC,49602,169641,0.98443603515625,77.49961555725895,31.48004150390625,0,256
001_ABC,49602,169897,0.3316650390625,60.22769711911678,15.48058573404948,0,256
001_ABC,49858,168873,0.9923248291015624,83.43357361014932,30.448699951171875,0,256
001_ABC,49858,169129,0.9949951171875,79.78054809570312,26.246449788411457,0,256
001_ABC,49858,169385,0.9968414306640624,89.94570671021938,34.12084452311198,0,256
001_ABC,49858,169641,0.9951934814453124,84.24991421308368,36.21180216471354,0,256
001_ABC,49858,169897,0.801971435546875,75.99119422561489,35.566487630208336,0,256
001_ABC,50114,168873,0.9339141845703124,82.78930319636129,31.48192850748698,0,256
001_ABC,50114,169129,0.999755859375,85.45329956500791,31.396937052408852,0,256
001_ABC,50114,169385,1.0,83.30852710362524,36.90252685546875,0,256
001_ABC,50114,169641,0.9876708984375,100.77657240536064,36.7506103515625,0,256
001_ABC,50114,169897,0.9985504150390624,96.77148573077284,37.419047037760414,0,256
001_ABC,50114,170153,0.9086761474609376,87.63946114457212,36.997894287109375,0,256
001_ABC,50114,170409,0.6961517333984375,73.66576092480682,26.30237325032552,0,256
001_ABC,50370,168873,0.9801788330078124,98.2168245499488,35.28633117675781,0,256
001_ABC,50370,169129,0.996673583984375,96.69941473915242,35.12421162923177,0,256
001_ABC,50370,169385,0.9930572509765624,91.75186389312148,32.6110585530599,0,256
001_ABC,50370,169641,0.99066162109375,91.70955011900514,37.429341634114586,0,256
001_ABC,50370,169897,0.9908905029296876,96.90192139684224,38.41670227050781,0,256
001_ABC,50370,170153,0.944854736328125,110.972868781304,33.2353515625,0,256
001_ABC,50370,170409,0.9658203125,89.74260433181189,35.19477844238281,0,256
001_ABC,50370,170665,0.2971343994140625,66.20157900359482,15.1728515625,0,256
001_ABC,50626,168873,0.8155517578125,105.77225297689438,31.25799051920573,0,256
001_ABC,50626,169129,0.9885101318359376,112.20335332280956,35.79890441894531,0,256
001_ABC,50626,169385,0.992828369140625,125.81555234803818,33.40351867675781,0,256
001_ABC,50626,169641,1.0,114.4846948971972,38.53064473470052,0,256
001_ABC,50626,169897,0.999908447265625,126.09624969121067,37.43206278483073,0,256
001_ABC,50626,170153,1.0,101.73449790105224,36.46199035644531,0,256
001_ABC,50626,170409,1.0,95.07924677338453,39.32760111490885,0,256
001_ABC,50626,170665,0.7564697265625,82.23814154579304,31.52300516764323,0,256
001_ABC,50882,169129,0.9922332763671876,85.20328460540622,31.76182556152344,0,256
001_ABC,50882,169385,0.9779815673828124,79.26542416564189,32.577657063802086,0,256
001_ABC,50882,169641,0.995330810546875,81.51150023099035,33.16246032714844,0,256
001_ABC,50882,169897,0.9895477294921876,80.95150912902318,32.03302510579427,0,256
001_ABC,50882,170153,1.0,70.72742725512944,29.66533915201823,0,256
001_ABC,50882,170409,1.0,85.90432436671108,35.21306355794271,0,256
001_ABC,50882,170665,0.9990692138671876,78.38524209125899,35.76197306315104,0,256
001_ABC,50882,170921,0.53460693359375,60.76626621186733,19.9769287109375,0,256
001_ABC,51138,169129,0.9876556396484376,75.64561580121517,29.619110107421875,0,256
001_ABC,51138,169385,0.9831695556640624,73.81976126134396,28.424107869466145,0,256
001_ABC,51138,169641,0.9675750732421876,72.3594720363617,28.003687540690105,0,256
001_ABC,51138,169897,0.9699249267578124,74.03519625752233,31.99719746907552,0,256
001_ABC,51138,170153,0.9978790283203124,74.97248786594719,34.27440897623698,0,256
001_ABC,51138,170409,0.994354248046875,79.25183709315024,35.36653137207031,0,256
001_ABC,51138,170665,1.0,87.89861206500791,35.77679951985677,0,256
001_ABC,51138,170921,0.97698974609375,90.5426628952846,33.68048095703125,0,256
001_ABC,51138,171177,0.6190338134765625,68.52389525528997,22.778859456380207,0,256
001_ABC,51394,169385,0.938323974609375,84.62842059787363,32.60155741373698,0,256
001_ABC,51394,169641,0.9831390380859376,83.69099307782017,32.9851328531901,0,256
001_ABC,51394,169897,0.9853363037109376,80.29440431087278,29.394210815429688,0,256
001_ABC,51394,170153,1.0,84.11300133168697,36.96106974283854,0,256
001_ABC,51394,170409,0.9996337890625,81.36935387551785,32.84156799316406,0,256
001_ABC,51394,170665,0.9940185546875,93.65820275247096,33.838653564453125,0,256
001_ABC,51394,170921,0.97796630859375,88.18135066865943,32.87471516927084,0,256
001_ABC,51394,171177,0.99212646484375,86.64413999556564,34.71953328450521,0,256
001_ABC,51394,171433,0.8183746337890625,80.6670275980141,28.10360717773437,0,256
001_ABC,51650,169385,0.9458770751953124,88.50806134101003,30.957814534505207,0,256
001_ABC,51650,169641,0.966888427734375,91.53701728931628,28.85142517089844,0,256
001_ABC,51650,169897,1.0,82.65986198163591,30.361043294270832,0,256
001_ABC,51650,170153,1.0,83.89370878576301,30.69318135579427,0,256
001_ABC,51650,170409,1.0,86.91634140908718,34.30488586425781,0,256
001_ABC,51650,170665,0.9998016357421876,89.31944963242859,35.30176289876302,0,256
001_ABC,51650,170921,1.0,81.68220488890074,30.346583048502605,0,256
001_ABC,51650,171177,0.97027587890625,82.0822253820952,30.14538065592448,0,256
001_ABC,51650,171433,0.9561920166015624,89.73626438691281,31.46007792154948,0,256
001_ABC,51650,171689,0.917510986328125,87.55512903630733,30.809427897135414,0,256
001_ABC,51650,171945,0.279083251953125,61.98196401819587,15.19482930501302,0,256
001_ABC,51906,169641,0.993438720703125,98.83777611609548,32.48985290527344,0,256
001_ABC,51906,169897,0.993438720703125,88.53527051745914,30.151026407877605,0,256
001_ABC,51906,170153,0.999755859375,89.21596884354949,29.17103576660156,0,256
001_ABC,51906,170409,1.0,96.76609474211,35.73348490397135,0,256
001_ABC,51906,170665,1.0,84.36926036700606,31.44442749023437,0,256
001_ABC,51906,170921,0.9997100830078124,90.34049576497635,33.923492431640625,0,256
001_ABC,51906,171177,1.0,82.94301281869411,34.53339131673177,0,256
001_ABC,51906,171433,0.929534912109375,85.78247260674834,30.62424214680989,0,256
001_ABC,51906,171689,0.99462890625,91.00984740257265,35.265482584635414,0,256
001_ABC,51906,171945,0.881927490234375,98.8145190605428,32.72506205240885,0,256
001_ABC,51906,172201,0.260406494140625,71.11510573327541,15.017766316731771,0,256
001_ABC,52162,169641,0.92120361328125,97.4740573556628,29.111867268880207,0,256
001_ABC,52162,169897,0.99102783203125,105.02196737728082,33.884796142578125,0,256
001_ABC,52162,170153,0.999114990234375,102.75247119367124,31.44004821777344,0,256
001_ABC,52162,170409,1.0,95.26584409177303,31.99031575520833,0,256
001_ABC,52162,170665,0.9977874755859376,96.38940399512649,33.9158681233724,0,256
001_ABC,52162,170921,0.977142333984375,105.77958637382837,36.00987752278646,0,256
001_ABC,52162,171177,0.9876861572265624,83.86322805192322,31.85005187988281,0,256
001_ABC,52162,171433,0.9467315673828124,86.7717969417572,32.27039082845052,0,256
001_ABC,52162,171689,0.97735595703125,102.65844022855164,33.060516357421875,0,256
001_ABC,52162,171945,0.9602813720703124,124.27057181298731,32.25873819986979,0,256
001_ABC,52162,172201,0.94873046875,126.35956702544354,40.5331064860026,0,256
001_ABC,52162,172457,0.4012908935546875,87.28626785962842,20.265782674153645,0,256
001_ABC,52418,169897,0.97039794921875,119.5803687563166,34.12672424316406,0,256
001_ABC,52418,170153,0.997344970703125,108.18112026061864,31.631383260091145,0,256
001_ABC,52418,170409,0.9988555908203124,108.4448328530416,30.626296997070312,0,256
001_ABC,52418,170665,0.999969482421875,109.24289632565342,31.843358357747395,0,256
001_ABC,52418,170921,0.9391937255859376,95.770806661807,31.69284566243489,0,256
001_ABC,52418,171177,0.9977569580078124,100.9287342557218,32.811614990234375,0,256
001_ABC,52418,171433,0.998687744140625,119.7704956792295,31.603530883789062,0,256
001_ABC,52418,171689,0.9368133544921876,110.2438527783379,32.773895263671875,0,256
001_ABC,52418,171945,0.985137939453125,117.13944190368056,34.53140767415365,0,256
001_ABC,52418,172201,0.8886566162109375,113.64954644069076,37.33252970377604,0,256
001_ABC,52418,172457,0.86871337890625,136.4919291427359,34.378092447916664,0,256
001_ABC,52418,172713,0.486907958984375,103.79839986166915,22.845016479492188,0,256
001_ABC,52674,169897,0.9132080078125,135.9159021889791,31.40448506673177,0,256
001_ABC,52674,170153,0.94793701171875,124.84966992377304,30.289449055989586,0,256
001_ABC,52674,170409,0.991058349609375,116.9919209794607,34.2901865641276,0,256
001_ABC,52674,170665,1.0,118.66054910421371,34.67671712239584,0,256
001_ABC,52674,170921,0.9889068603515624,112.39003410097212,29.293502807617188,0,256
001_ABC,52674,171177,0.9994964599609376,122.98316033533774,31.84910074869792,0,256
001_ABC,52674,171433,0.9996185302734376,129.55458447244018,33.39878845214844,0,256
001_ABC,52674,171689,0.9857025146484376,125.75621234998108,32.9522959391276,0,256
001_ABC,52674,171945,0.996978759765625,150.57029005512595,32.52906290690104,0,256
001_ABC,52674,172201,0.96820068359375,174.14169728383422,30.880223592122395,0,256
001_ABC,52674,172457,0.927276611328125,142.12433367595077,28.002761840820312,0,256
001_ABC,52674,172713,0.992645263671875,165.62466381397098,41.80787658691406,0,256
001_ABC,52674,172969,0.4090118408203125,94.10618774569592,18.905258178710938,0,256
001_ABC,52930,170153,0.9181365966796876,65.37103362730704,26.293141682942707,0,256
001_ABC,52930,170409,0.904815673828125,66.59296582546085,34.80280049641927,0,256
001_ABC,52930,170665,0.9827880859375,64.8024814715609,38.551676432291664,0,256
001_ABC,52930,170921,0.9630126953125,65.18986393860541,30.955454508463543,0,256
001_ABC,52930,171177,0.99713134765625,63.80337355937809,32.56827290852865,0,256
001_ABC,52930,171433,0.9701385498046876,62.94601058959961,33.63043212890625,0,256
001_ABC,52930,171689,0.994110107421875,64.49514702614397,32.17473856608073,0,256
001_ABC,52930,171945,0.9428558349609376,62.87145839538425,29.46420288085937,0,256
001_ABC,52930,172201,0.9046783447265624,66.89159206207842,28.906138102213543,0,256
001_ABC,52930,172457,0.957733154296875,70.27654707338661,30.338780721028645,0,256
001_ABC,52930,172713,0.99066162109375,73.45574468374252,34.73131306966146,0,256
001_ABC,52930,172969,0.9178314208984376,70.76427826448344,29.757105509440105,0,256
001_ABC,52930,173225,0.2255096435546875,47.67927379813045,11.726943969726562,0,256
001_ABC,53186,170153,0.866790771484375,65.00683919875883,29.430765787760414,0,256
001_ABC,53186,170409,0.968292236328125,67.20589122897945,34.794962565104164,0,256
001_ABC,53186,170665,0.9686279296875,66.39118773094378,32.85799662272135,0,256
001_ABC,53186,170921,0.97528076171875,65.43534778710455,30.761245727539062,0,256
001_ABC,53186,171177,0.9872894287109376,63.53275943524204,35.20447285970052,0,256
001_ABC,53186,171433,0.995147705078125,65.62081436230801,30.285191853841145,0,256
001_ABC,53186,171689,0.9751129150390624,62.67078214045614,31.239089965820312,0,256
001_ABC,53186,171945,0.8968963623046875,64.89433696097694,27.53814697265625,0,256
001_ABC,53186,172201,0.9693450927734376,70.86825973144732,27.65452067057292,0,256
001_ABC,53186,172457,0.9255828857421876,71.34402180812322,28.648666381835938,0,256
001_ABC,53186,172713,0.944427490234375,72.23756927251816,30.757095336914062,0,256
001_ABC,53186,172969,0.903717041015625,71.8576741439756,30.33786519368489,0,256
001_ABC,53186,173225,0.790130615234375,66.91019347845577,24.79707336425781,0,256
001_ABC,53442,170153,0.671234130859375,65.22785685956478,29.41501363118489,0,256
001_ABC,53442,170409,0.9595489501953124,80.79184376052581,37.9969482421875,0,256
001_ABC,53442,170665,0.9983367919921876,75.15222268924117,29.42919413248698,0,256
001_ABC,53442,170921,0.9776611328125,66.73024548939429,27.94892883300781,0,256
001_ABC,53442,171177,0.997894287109375,73.58325230865739,33.28789265950521,0,256
001_ABC,53442,171433,0.987518310546875,74.25103650591336,29.578542073567707,0,256
001_ABC,53442,171689,0.925872802734375,70.03134237229824,33.534403483072914,0,256
001_ABC,53442,171945,0.96240234375,71.60366687341593,31.21051534016927,0,256
001_ABC,53442,172201,0.957550048828125,72.96501736319624,31.669932047526043,0,256
001_ABC,53442,172457,0.9512481689453124,75.78573262598366,30.65574137369792,0,256
001_ABC,53442,172713,0.83123779296875,69.78419424197637,30.500111897786457,0,256
001_ABC,53442,172969,0.960906982421875,73.07499282970093,33.85832214355469,0,256
001_ABC,53442,173225,0.8276519775390625,65.88352186582051,32.11034138997396,0,256
001_ABC,53442,173481,0.7020111083984375,58.61202597618103,30.814646402994796,0,256
001_ABC,53442,173737,0.0904541015625,46.49994709319435,10.306096394856771,0,256
001_ABC,53698,170409,0.787994384765625,81.45342402881943,27.064732869466145,0,256
001_ABC,53698,170665,0.9854736328125,77.00977289304137,33.28856913248698,0,256
001_ABC,53698,170921,0.99151611328125,73.51967130601406,31.175944010416668,0,256
001_ABC,53698,171177,0.9646453857421876,77.86928411363624,32.380452473958336,0,256
001_ABC,53698,171433,0.93804931640625,80.45272195688449,34.162007649739586,0,256
001_ABC,53698,171689,0.901397705078125,70.23446601629257,32.88750712076823,0,256
001_ABC,53698,171945,0.9207916259765624,70.51531568891369,34.13078816731771,0,256
001_ABC,53698,172201,0.9238433837890624,71.30235173157416,31.640574137369796,0,256
001_ABC,53698,172457,0.9816741943359376,77.3820787332952,37.92834981282552,0,256
001_ABC,53698,172713,0.8911590576171875,80.15495600923896,32.5359853108724,0,256
001_ABC,53698,172969,0.9256134033203124,83.26064715138637,34.63463338216146,0,256
001_ABC,53698,173225,0.777130126953125,70.03363524377346,33.74659729003906,0,256
001_ABC,53698,173481,0.9541015625,62.06366324424744,48.35284423828125,0,256
001_ABC,53698,173737,0.7223968505859375,59.76847010757774,36.8501942952474,0,256
001_ABC,53954,170409,0.548126220703125,66.922857289901,25.205027262369796,0,256
001_ABC,53954,170665,0.947265625,73.5929913809523,39.51397705078125,0,256
001_ABC,53954,170921,0.98931884765625,68.9088841767516,48.20519002278646,0,256
001_ABC,53954,171177,0.9213409423828124,65.43388798460364,50.99205017089844,0,256
001_ABC,53954,171433,0.9152069091796876,70.82300749584101,43.70746358235677,0,256
001_ABC,53954,171689,0.9072723388671876,66.58453567232937,43.73869832356771,0,256
001_ABC,53954,171945,0.9454498291015624,75.0102089305874,41.49345906575521,0,256
001_ABC,53954,172201,0.9008636474609376,78.52128293155693,34.844075520833336,0,256
001_ABC,53954,172457,0.9555816650390624,85.17892381525598,37.75321451822917,0,256
001_ABC,53954,172713,0.9533538818359376,85.71046024537645,37.97144063313802,0,256
001_ABC,53954,172969,0.9291839599609376,80.4702490826603,39.26234436035156,0,256
001_ABC,53954,173225,0.81341552734375,69.94873252138495,36.96890258789063,0,256
001_ABC,53954,173481,0.9331817626953124,77.40600869408809,42.24596150716146,0,256
001_ABC,53954,173737,0.8045654296875,76.44488653703593,37.22321065266927,0,256
001_ABC,54210,170409,0.290771484375,58.24773955345154,13.606465657552084,0,256
001_ABC,54210,170665,0.7536163330078125,77.54823603853583,33.35047912597656,0,256
001_ABC,54210,170921,0.781097412109375,82.02831068262458,31.009429931640625,0,256
001_ABC,54210,171177,0.8484039306640625,78.22356257494539,26.954722086588543,0,256
001_ABC,54210,171433,0.9453125,72.1273288987577,35.63053894042969,0,256
001_ABC,54210,171689,0.925811767578125,75.11562215909362,35.43828837076823,0,256
001_ABC,54210,171945,0.8991851806640625,87.09001964330673,32.56245422363281,0,256
001_ABC,54210,172201,0.9704742431640624,88.78493501036428,36.871185302734375,0,256
001_ABC,54210,172457,0.9260406494140624,85.08358480385505,33.80093892415365,0,256
001_ABC,54210,172713,0.9911956787109376,82.60397036280483,39.85719299316406,0,256
001_ABC,54210,172969,0.9303436279296876,84.56377612706274,36.74865214029948,0,256
001_ABC,54210,173225,0.9043731689453124,76.9543311574962,36.25810750325521,0,256
001_ABC,54210,173481,0.9525909423828124,81.52112766518258,36.038655598958336,0,256
001_ABC,54210,173737,0.9617919921875,91.84153723693451,37.39270528157552,0,256
001_ABC,54210,173993,0.044189453125,53.871366107603535,8.202641805013021,0,256
001_ABC,54466,170409,0.3063201904296875,63.68866452202201,15.870986938476562,0,256
001_ABC,54466,170665,0.6873931884765625,80.97801002091728,27.98631795247396,0,256
001_ABC,54466,170921,0.8043365478515625,102.90729572600684,28.075876871744796,0,256
001_ABC,54466,171177,0.904449462890625,88.4457700913772,28.890294392903645,0,256
001_ABC,54466,171433,0.9414520263671876,80.72446550335735,34.789408365885414,0,256
001_ABC,54466,171689,0.8944244384765625,81.22153732716106,33.70459493001302,0,256
001_ABC,54466,171945,0.9216461181640624,93.32460916391574,35.78075154622396,0,256
001_ABC,54466,172201,0.9908905029296876,92.45516498293728,37.658477783203125,0,256
001_ABC,54466,172457,0.952606201171875,82.44656058773398,37.50123087565104,0,256
001_ABC,54466,172713,0.99945068359375,83.8395327180624,44.877543131510414,0,256
001_ABC,54466,172969,0.9527587890625,90.87771293870172,41.89703369140625,0,256
001_ABC,54466,173225,0.9595184326171876,89.4886467603501,40.8853759765625,0,256
001_ABC,54466,173481,0.8623809814453125,84.80524390935898,33.416900634765625,0,256
001_ABC,54466,173737,0.98138427734375,89.94445699360222,37.31222025553385,0,256
001_ABC,54466,173993,0.489227294921875,71.773273229599,16.839075724283855,0,256
001_ABC,54722,170409,0.820159912109375,110.53099569585174,32.16431681315104,0,256
001_ABC,54722,170665,0.669921875,92.10585009655917,27.113352457682293,0,256
001_ABC,54722,170921,0.8605194091796875,103.1044565429911,28.744008382161457,0,256
001_ABC,54722,171177,0.7482757568359375,84.93598837568425,22.32525126139323,0,256
001_ABC,54722,171433,0.856048583984375,103.19341290649028,25.128219604492188,0,256
001_ABC,54722,171689,0.880523681640625,93.13865173514932,32.18585205078125,0,256
001_ABC,54722,171945,0.9875946044921876,93.05720958835444,42.0595957438151,0,256
001_ABC,54722,172201,0.8567657470703125,102.3207970848307,31.074228922526043,0,256
001_ABC,54722,172457,0.9869537353515624,103.23968493915164,37.633809407552086,0,256
001_ABC,54722,172713,0.9146270751953124,91.67916664388032,38.95528666178385,0,256
001_ABC,54722,172969,0.8464813232421875,102.36785193695688,32.562337239583336,0,256
001_ABC,54722,173225,0.7388153076171875,99.51991962990724,26.35267639160156,0,256
001_ABC,54722,173481,0.8483123779296875,96.03815903421491,31.791330973307293,0,256
001_ABC,54722,173737,0.9483489990234376,87.47339550009929,37.21636454264323,0,256
001_ABC,54722,173993,0.8349761962890625,83.776666036807,25.78639729817708,0,256
001_ABC,54978,169897,0.819793701171875,70.92962719290517,37.39057922363281,0,256
001_ABC,54978,170153,0.7227783203125,67.59131807996891,27.879831949869796,0,256
001_ABC,54978,170409,0.8310546875,71.61791436537169,23.287729899088543,0,256
001_ABC,54978,170665,0.8653564453125,81.81731653865427,21.82513936360677,0,256
001_ABC,54978,170921,0.921722412109375,83.08600498153828,40.3935292561849,0,256
001_ABC,54978,171177,0.974517822265625,77.26648039720021,40.81805419921875,0,256
001_ABC,54978,171433,0.9360198974609376,67.96573870978318,39.17713419596354,0,256
001_ABC,54978,171689,0.7366180419921875,67.44852169975638,35.0767567952474,0,256
001_ABC,54978,171945,0.93963623046875,71.09806388779543,40.00140889485677,0,256
001_ABC,54978,172201,0.959991455078125,67.66921093850397,45.27360026041666,0,256
001_ABC,54978,172457,0.813812255859375,82.17325905128382,30.87206522623698,0,256
001_ABC,54978,172713,0.7716522216796875,81.16760176955722,24.34309895833333,0,256
001_ABC,54978,172969,0.6785736083984375,77.90144408470951,23.70192464192708,0,256
001_ABC,54978,173225,0.892578125,81.90858159959316,36.60934448242188,0,256
001_ABC,54978,173481,0.92620849609375,80.49775773636065,32.7178955078125,0,256
001_ABC,54978,173737,0.86639404296875,73.62907031085342,30.699793497721355,0,256
001_ABC,54978,173993,0.86737060546875,69.60713057755493,29.398488362630207,0,256
001_ABC,55234,169385,0.9030609130859376,82.78329856484197,32.12291463216146,0,256
001_ABC,55234,169641,0.9091033935546876,78.2743586152792,35.37627665201823,0,256
001_ABC,55234,169897,0.916748046875,80.98869731649756,35.486602783203125,0,256
001_ABC,55234,170153,0.88067626953125,69.73696778714657,30.930348714192707,0,256
001_ABC,55234,170409,0.824493408203125,98.91711407527328,31.13751729329427,0,256
001_ABC,55234,170665,0.882232666015625,86.21510279527865,22.96790059407552,0,256
001_ABC,55234,170921,0.94354248046875,74.91497215232812,24.1412353515625,0,256
001_ABC,55234,171177,0.809478759765625,77.56823181733489,29.463022867838543,0,256
001_ABC,55234,171433,0.9572601318359376,76.55000891443342,33.22560119628906,0,256
001_ABC,55234,171689,0.6997222900390625,66.2280217630323,27.436777750651043,0,256
001_ABC,55234,171945,0.5215301513671875,67.93724036216736,20.960835774739586,0,256
001_ABC,55234,172201,0.9641265869140624,75.61629634327255,34.1023203531901,0,256
001_ABC,55234,172457,0.9609375,83.06968607916497,39.71561686197917,0,256
001_ABC,55234,172713,0.7480316162109375,76.3888940056786,25.491012573242188,0,256
001_ABC,55234,172969,0.6612396240234375,79.29705179086886,20.565256754557293,0,256
001_ABC,55234,173225,0.8486785888671875,89.13192739710212,33.16132609049479,0,256
001_ABC,55234,173481,0.8120269775390625,80.41850259061903,29.79368082682292,0,256
001_ABC,55234,173737,0.9138641357421876,69.02389472723007,34.84405517578125,0,256
001_ABC,55234,173993,0.1886138916015625,47.44570766296238,12.545735677083334,0,256
001_ABC,55490,169129,0.958251953125,87.39694970007986,30.4383544921875,0,256
001_ABC,55490,169385,0.8521881103515625,82.20492911338806,30.07650756835937,0,256
001_ABC,55490,169641,0.93817138671875,82.86228645569645,34.95295206705729,0,256
001_ABC,55490,169897,0.972564697265625,101.19083475298248,36.08594258626302,0,256
001_ABC,55490,170153,0.9152069091796876,85.78132253861986,25.711705525716145,0,256
001_ABC,55490,170409,0.8455810546875,101.64560653921215,25.789957682291668,0,256
001_ABC,55490,170665,0.931549072265625,104.01165853440762,32.22235616048177,0,256
001_ABC,55490,170921,0.9732513427734376,88.40943602379411,29.65329996744792,0,256
001_ABC,55490,171177,0.9447479248046876,90.93980702664705,31.09254964192708,0,256
001_ABC,55490,171433,0.910247802734375,89.01876136078499,32.66618855794271,0,256
001_ABC,55490,171689,0.98211669921875,81.19069961621426,30.92198181152344,0,256
001_ABC,55490,171945,0.602447509765625,75.70211378461681,25.890426635742188,0,256
001_ABC,55490,172201,0.3678436279296875,69.2530730208382,15.729695638020834,0,256
001_ABC,55490,172457,0.99395751953125,98.94428062974475,38.23321533203125,0,256
001_ABC,55490,172713,0.8134002685546875,87.18511357507668,27.035349527994796,0,256
001_ABC,55490,172969,0.511474609375,74.01710661873221,18.43158467610677,0,256
001_ABC,55490,173225,0.7917327880859375,95.58830545842648,29.77739969889323,0,256
001_ABC,55490,173481,0.8726959228515625,87.3616373592522,27.543930053710938,0,256
001_ABC,55490,173737,0.3446807861328125,64.00497828330845,16.791239420572918,0,256
001_ABC,55746,169129,0.9909515380859376,104.01632002531552,39.83599344889323,0,256
001_ABC,55746,169385,0.984222412109375,87.23009354784153,34.43498229980469,0,256
001_ABC,55746,169641,0.9181976318359376,91.56489537633024,30.51727294921875,0,256
001_ABC,55746,169897,0.9435882568359376,117.89150069653988,32.4184315999349,0,256
001_ABC,55746,170153,0.902557373046875,91.98704881197771,24.059646606445312,0,256
001_ABC,55746,170409,0.891082763671875,108.57034057378767,29.588551839192707,0,256
001_ABC,55746,170665,0.94305419921875,108.36295902356504,31.2901611328125,0,256
001_ABC,55746,170921,0.928680419921875,104.71883329655977,33.3668212890625,0,256
001_ABC,55746,171177,0.9934539794921876,94.9684755653143,31.90057373046875,0,256
001_ABC,55746,171433,0.859283447265625,79.50720315799117,27.233739217122395,0,256
001_ABC,55746,171689,0.897430419921875,83.0031670993194,25.821156819661457,0,256
001_ABC,55746,171945,0.9989166259765624,89.81247018184513,34.9744873046875,0,256
001_ABC,55746,172201,0.203704833984375,63.98630250780843,11.539952596028646,0,256
001_ABC,55746,172457,0.9001922607421875,98.95659835240804,33.922698974609375,0,256
001_ABC,55746,172713,0.8639068603515625,92.72551082796416,30.097727457682293,0,256
001_ABC,55746,172969,0.60791015625,80.73204288794659,21.290181477864586,0,256
001_ABC,55746,173225,0.6186676025390625,78.66727953753434,21.38341776529948,0,256
001_ABC,55746,173481,0.572052001953125,71.99079516436905,24.341517130533852,0,256
001_ABC,56002,169129,0.8981781005859375,102.46706316783091,37.33582051595052,0,256
001_ABC,56002,169385,0.9085540771484376,95.2129207700491,35.28906758626302,0,256
001_ABC,56002,169641,0.94964599609375,101.1972050657496,34.81226094563802,0,256
001_ABC,56002,169897,0.9227142333984376,105.84193890332244,36.10137939453125,0,256
001_ABC,56002,170153,0.70526123046875,105.84870839025824,26.564783732096355,0,256
001_ABC,56002,170409,0.7914581298828125,113.96777173504232,26.068161010742188,0,256
001_ABC,56002,170665,0.7983551025390625,105.93369839689694,25.98000081380208,0,256
001_ABC,56002,170921,0.7201080322265625,110.04429405089468,23.860453287760414,0,256
001_ABC,56002,171177,0.9658050537109376,108.9764266870916,29.733851114908852,0,256
001_ABC,56002,171433,0.9574737548828124,89.73124670889229,30.238611857096355,0,256
001_ABC,56002,171689,0.89556884765625,91.05315175279976,27.297231038411457,0,256
001_ABC,56002,171945,0.9882049560546876,102.848967066966,34.60260009765625,0,256
001_ABC,56002,172201,0.1683349609375,67.55802795942873,11.899948120117188,0,256
001_ABC,56002,172457,0.9918975830078124,106.51600184268318,39.24732462565104,0,256
001_ABC,56002,172713,0.970123291015625,109.1906270980835,39.78629048665365,0,256
001_ABC,56258,168873,0.8259735107421875,107.80598852573894,36.59408060709635,0,256
001_ABC,56258,169129,0.86529541015625,98.30594611167908,31.090688069661457,0,256
001_ABC,56258,169385,0.9298858642578124,107.54431234649384,39.78922017415365,0,256
001_ABC,56258,169641,0.99102783203125,120.04590860730968,43.38875834147135,0,256
001_ABC,56258,169897,0.8838958740234375,110.9770952963736,35.30951436360677,0,256
001_ABC,56258,170153,0.908721923828125,111.2935371659696,41.840596516927086,0,256
001_ABC,56258,170409,0.8306121826171875,103.3312456458807,38.46483357747396,0,256
001_ABC,56258,170665,0.937652587890625,94.43814120348544,48.80240376790365,0,256
001_ABC,56258,170921,0.872161865234375,100.54647215432487,42.5691172281901,0,256
001_ABC,56258,171177,0.9461669921875,99.83173866732976,44.70472208658854,0,256
001_ABC,56258,171433,0.974090576171875,98.03887581452727,46.78782653808594,0,256
001_ABC,56258,171689,0.8738250732421875,95.73359677172266,27.92695617675781,0,256
001_ABC,56258,171945,0.868408203125,113.6033506949898,34.166524251302086,0,256
001_ABC,56258,172201,0.249969482421875,79.97916594310664,12.310694376627604,0,256
001_ABC,56258,172457,0.989044189453125,120.39916843175888,39.5383046468099,0,256
001_ABC,56258,172713,0.776641845703125,119.28359813150018,32.07325236002604,0,256
001_ABC,56514,168873,0.875762939453125,121.79281978216022,34.385111490885414,0,256
001_ABC,56514,169129,0.9767303466796876,151.04450011253357,44.1449940999349,0,256
001_ABC,56514,169385,0.9098358154296876,144.22320693731308,33.55351257324219,0,256
001_ABC,56514,169641,0.9116058349609376,147.6406779140234,33.694417317708336,0,256
001_ABC,56514,169897,0.880218505859375,113.84731674194336,25.949478149414062,0,256
001_ABC,56514,170153,0.941925048828125,171.17432650830597,33.904581705729164,0,256
001_ABC,56514,170409,0.767333984375,128.18667562957853,26.133158365885414,0,256
001_ABC,56514,170665,0.816192626953125,131.97545164986514,24.82350667317708,0,256
001_ABC,56514,170921,0.9124755859375,135.83693089499138,24.79787190755208,0,256
001_ABC,56514,171177,0.90863037109375,136.97230007871983,28.43723042805989,0,256
001_ABC,56514,171433,0.99224853515625,107.90494468715042,37.01574198404948,0,256
001_ABC,56514,171689,0.9142913818359376,115.64535727724432,41.43870544433594,0,256
001_ABC,56514,171945,0.6544036865234375,111.84122369415128,31.176539103190105,0,256
001_ABC,56514,172201,0.342193603515625,94.7035285970196,14.961613972981771,0,256
001_ABC,56514,172457,0.87603759765625,129.97388933598995,33.15546671549479,0,256
001_ABC,56514,172713,0.7006988525390625,154.8331823348999,29.86615498860677,0,256
001_ABC,56770,168873,0.99273681640625,141.00573187693954,49.16113789876302,0,256
001_ABC,56770,169129,0.9122467041015624,171.55253261327744,38.05856323242188,0,256
001_ABC,56770,169385,0.8710174560546875,154.91799013968557,33.07635498046875,0,256
001_ABC,56770,169641,0.884246826171875,167.9912582875695,30.801422119140625,0,256
001_ABC,56770,169897,0.9235382080078124,132.9468693137169,31.98667907714844,0,256
001_ABC,56770,170153,0.9346923828125,180.8457882774528,31.417017618815105,0,256
001_ABC,56770,170409,0.8939971923828125,152.10782235860825,31.500656127929688,0,256
001_ABC,56770,170665,0.8109588623046875,141.78135993122123,28.975626627604168,0,256
001_ABC,56770,170921,0.746368408203125,133.86709435819648,25.84471638997396,0,256
001_ABC,56770,171177,0.8466644287109375,142.74666952714324,28.491139729817707,0,256
001_ABC,56770,171433,0.90203857421875,137.88301315531135,26.90285237630208,0,256
001_ABC,56770,171689,0.7493743896484375,119.50955998525023,25.02814229329427,0,256
001_ABC,56770,171945,0.4292755126953125,97.32048388477416,19.403966267903645,0,256
001_ABC,57026,168873,0.8663482666015625,79.49382170662284,38.20982869466146,0,256
001_ABC,57026,169129,0.8892669677734375,71.44567361101508,34.23119608561198,0,256
001_ABC,57026,169385,0.80780029296875,65.64847849216312,30.27034505208333,0,256
001_ABC,57026,169641,0.9072418212890624,69.14221050962806,32.59708150227865,0,256
001_ABC,57026,169897,0.904693603515625,75.7288983007893,31.158767700195312,0,256
001_ABC,57026,170153,0.92919921875,87.9945412715897,33.81244405110677,0,256
001_ABC,57026,170409,0.836700439453125,90.59063327219336,29.471710205078125,0,256
001_ABC,57026,170665,0.7779541015625,73.99298680922948,28.220067342122395,0,256
001_ABC,57026,170921,0.909759521484375,79.18780130147934,30.01795959472656,0,256
001_ABC,57026,171177,0.8324127197265625,80.10592007264495,28.49706013997396,0,256
001_ABC,57026,171433,0.818450927734375,71.77554806694388,27.825408935546875,0,256
001_ABC,57282,169129,0.868743896484375,78.20992811932229,35.946207682291664,0,256
001_ABC,57282,169385,0.823211669921875,71.85711764916778,35.704874674479164,0,256
001_ABC,57282,169641,0.905914306640625,77.09230012982152,35.9634043375651,0,256
001_ABC,57282,169897,0.8020477294921875,69.80300142033957,30.11187744140625,0,256
001_ABC,57282,170153,0.8929595947265625,84.68624377786182,32.5444081624349,0,256
001_ABC,57282,170409,0.95074462890625,106.03689943230712,31.231068929036457,0,256
001_ABC,57282,170665,0.8837738037109375,91.67503228690477,28.503122965494796,0,256
001_ABC,57282,170921,0.8629608154296875,84.41302627325058,33.53459167480469,0,256
001_ABC,57282,171177,0.864654541015625,82.35404255217873,29.58922831217448,0,256
001_ABC,57282,171433,0.6525421142578125,71.6094158811029,23.504714965820312,0,256
001_ABC,57538,169129,0.818511962890625,79.34182127472013,30.24932352701823,0,256
001_ABC,57538,169385,0.8851776123046875,87.67819877690636,35.64654541015625,0,256
001_ABC,57538,169641,0.8876800537109375,87.784102285048,33.52394104003906,0,256
001_ABC,57538,169897,0.9713592529296876,73.69278797134757,53.531524658203125,0,256
001_ABC,57538,170153,0.96112060546875,87.81005262560211,58.29381815592448,0,256
001_ABC,57538,170409,0.94171142578125,99.50238870084286,52.68560282389323,0,256
001_ABC,57538,170665,0.97314453125,103.31979165133087,51.03172302246094,0,256
001_ABC,57538,170921,0.935638427734375,84.01693225069903,53.07593790690104,0,256
001_ABC,57538,171177,0.8924407958984375,78.15700924303383,45.18973286946615,0,256
001_ABC,57538,171433,0.77972412109375,72.76104620075785,36.93279012044271,0,256
001_ABC,57794,169129,0.646636962890625,71.25685095787048,29.98091125488281,0,256
001_ABC,57794,169385,0.904510498046875,82.73137869662605,36.68787129720052,0,256
001_ABC,57794,169641,0.9560089111328124,78.8343505403027,36.99871826171875,0,256
001_ABC,57794,169897,0.9647979736328124,84.23991394019686,41.449727376302086,0,256
001_ABC,57794,170153,0.9766998291015624,107.62065478786826,39.17012532552084,0,256
001_ABC,57794,170409,0.9858245849609376,126.35147292818874,37.5057373046875,0,256
001_ABC,57794,170665,0.92816162109375,113.57451583421788,32.744466145833336,0,256
001_ABC,57794,170921,0.8135528564453125,87.267498643836,30.695592244466145,0,256
001_ABC,57794,171177,0.7999420166015625,96.23397072008812,28.662765502929688,0,256
001_ABC,57794,171433,0.5361328125,75.69950217357837,19.08026123046875,0,256
001_ABC,58050,169385,0.85333251953125,92.22279306477868,30.681981404622395,0,256
001_ABC,58050,169641,0.94830322265625,94.15865927562118,38.41776529947917,0,256
001_ABC,58050,169897,0.8516387939453125,80.38082255772315,26.041224161783852,0,256
001_ABC,58050,170153,0.926300048828125,103.89765675715172,32.765645345052086,0,256
001_ABC,58050,170409,0.95257568359375,102.9205476900097,37.16312154134115,0,256
001_ABC,58050,170665,0.9574127197265624,89.922683208948,35.21661885579427,0,256
001_ABC,58050,170921,0.9561920166015624,88.35666801570915,31.960525512695312,0,256
001_ABC,58050,171177,0.9317626953125,91.42842294182628,30.536336263020832,0,256
001_ABC,58050,171433,0.8213348388671875,88.24071377143264,25.322362263997395,0,256
001_ABC,58306,169385,0.9584808349609376,94.31096915807576,32.4480946858724,0,256
001_ABC,58306,169641,0.9547576904296876,98.84292417671531,34.581756591796875,0,256
001_ABC,58306,169897,0.9891357421875,108.275917241117,35.79827880859375,0,256
001_ABC,58306,170153,0.7891693115234375,97.92489491403104,32.47685750325521,0,256
001_ABC,58306,170409,0.8768157958984375,89.65464418916963,34.56109110514323,0,256
001_ABC,58306,170665,0.9916229248046876,108.21487574186176,37.11655680338541,0,256
001_ABC,58306,170921,0.9521942138671876,115.4642414888367,31.710464477539062,0,256
001_ABC,58306,171177,0.8631134033203125,97.42870436608791,31.93641662597656,0,256
001_ABC,58306,171433,0.9075775146484376,94.16301721334456,37.074971516927086,0,256
001_ABC,58562,169641,0.956939697265625,130.38030496588908,31.923014322916668,0,256
001_ABC,58562,169897,0.9858245849609376,121.5113776398357,37.6009521484375,0,256
001_ABC,58562,170153,0.9894866943359376,114.36368663026953,37.8720957438151,0,256
001_ABC,58562,170409,0.9242401123046876,95.1242551242467,32.95122273763021,0,256
001_ABC,58562,170665,0.9391021728515624,92.38560193195008,27.03073628743489,0,256
001_ABC,58562,170921,0.942047119140625,108.27639269456267,33.32779439290365,0,256
001_ABC,58562,171177,0.918243408203125,106.08706836937928,26.067184448242188,0,256
001_ABC,58562,171433,0.909423828125,109.1787695735693,24.20294189453125,0,256
001_ABC,58818,169641,0.9575347900390624,174.93432296719402,33.65388488769531,0,256
001_ABC,58818,169897,0.96826171875,159.864178331336,36.47508748372396,0,256
001_ABC,58818,170153,0.984405517578125,123.04903674474916,34.9898935953776,0,256
001_ABC,58818,170409,0.99609375,119.82201357348822,33.68592325846354,0,256
001_ABC,58818,170665,0.997406005859375,105.4667102152016,33.592681884765625,0,256
001_ABC,58818,170921,0.9981536865234376,107.87184305395932,33.622833251953125,0,256
001_ABC,58818,171177,0.98614501953125,113.05207437626086,28.110321044921875,0,256
001_ABC,58818,171433,0.9414215087890624,123.8955131021794,25.341684977213543,0,256
001_ABC,58818,171689,0.96710205078125,145.73462728317827,28.70735677083333,0,256
001_ABC,58818,171945,0.8674163818359375,117.08585262298584,28.08519999186198,0,256
001_ABC,58818,172201,0.8675689697265625,153.8656649456825,26.65216573079427,0,256
001_ABC,59074,169897,0.97979736328125,88.44868129468523,33.15013122558594,0,256
001_ABC,59074,170153,0.998870849609375,84.4329264217522,34.87079874674479,0,256
001_ABC,59074,170409,0.9993743896484376,93.24458208470604,38.03223673502604,0,256
001_ABC,59074,170665,0.9961395263671876,75.57659017667174,33.009429931640625,0,256
001_ABC,59074,170921,0.9602508544921876,65.29365883767605,27.810099283854168,0,256
001_ABC,59074,171177,0.9808197021484376,65.87881000875495,26.70068868001302,0,256
001_ABC,59074,171433,0.9915924072265624,76.35181536432356,26.089523315429688,0,256
001_ABC,59074,171689,0.94049072265625,76.47415824024938,26.723500569661457,0,256
001_ABC,59074,171945,0.9748992919921876,78.91660875082016,30.94214375813802,0,256
001_ABC,59074,172201,0.9208221435546876,83.689777135849,27.77220662434896,0,256
001_ABC,59074,172457,0.884765625,91.4898984124884,27.097437540690105,0,256
001_ABC,59074,172713,0.8859710693359375,82.85265991068445,29.32903544108073,0,256
001_ABC,59330,170153,0.9548797607421876,110.97588766901754,36.77143351236979,0,256
001_ABC,59330,170409,0.9852447509765624,82.7620431703981,53.09211730957031,0,256
001_ABC,59330,170665,0.99822998046875,86.28717196709476,57.26398722330729,0,256
001_ABC,59330,170921,0.9912261962890624,91.18340250640176,40.78751118977865,0,256
001_ABC,59330,171177,0.9918670654296876,76.38803609809838,27.697153727213543,0,256
001_ABC,59330,171433,0.9033660888671876,71.44903193949722,24.369181315104168,0,256
001_ABC,59330,171689,0.9451446533203124,80.93946155533195,36.18274943033854,0,256
001_ABC,59330,171945,0.937042236328125,77.5358457416296,26.9703369140625,0,256
001_ABC,59330,172201,0.88983154296875,72.82714837789536,25.489273071289062,0,256
001_ABC,59330,172457,0.9348602294921876,95.80193256936036,28.639017740885414,0,256
001_ABC,59330,172713,0.85333251953125,87.96699064597487,24.60194396972656,0,256
001_ABC,59330,172969,0.6731414794921875,68.00399252376519,21.018102010091145,0,256
001_ABC,59586,170409,0.9522552490234376,98.53049808717331,40.43841552734375,0,256
001_ABC,59586,170665,0.95037841796875,96.2216939011123,29.19627888997396,0,256
001_ABC,59586,170921,0.93450927734375,96.50300768669696,27.87432352701823,0,256
001_ABC,59586,171177,0.91131591796875,86.4759533831384,34.624979654947914,0,256
001_ABC,59586,171433,0.9697113037109376,80.94569604005665,43.47144571940104,0,256
001_ABC,59586,171689,0.9534912109375,93.76520951744168,42.52861531575521,0,256
001_ABC,59586,171945,0.9837188720703124,85.96172210201621,44.2037099202474,0,256
001_ABC,59586,172201,0.9874267578125,93.66025316342711,45.218770345052086,0,256
001_ABC,59586,172457,0.97515869140625,94.33501356747,33.83393351236979,0,256
001_ABC,59586,172713,0.9903717041015624,97.10906128375792,65.88684590657552,0,256
001_ABC,59586,172969,0.9664154052734376,84.68146831146441,30.76997375488281,0,256
001_ABC,59586,173225,0.482177734375,67.19222901761532,21.610427856445312,0,256
001_ABC,59842,170665,0.98077392578125,100.73820613324642,38.1301015218099,0,256
001_ABC,59842,170921,0.9617462158203124,85.81686852290295,45.73503621419271,0,256
001_ABC,59842,171177,0.985198974609375,82.05418120324612,34.26878356933594,0,256
001_ABC,59842,171433,0.8447113037109375,89.28130415617488,28.550684611002605,0,256
001_ABC,59842,171689,0.6057281494140625,73.57505434541963,28.072301228841145,0,256
001_ABC,59842,171945,0.865692138671875,97.41449494264089,36.97774759928385,0,256
001_ABC,59842,172201,0.9760894775390624,100.71143930009566,28.315821329752605,0,256
001_ABC,59842,172457,0.9188385009765624,82.66585445404053,22.647242228190105,0,256
001_ABC,59842,172713,0.9603424072265624,102.1025693109259,26.54718017578125,0,256
001_ABC,59842,172969,0.943450927734375,92.25506400689484,28.491795857747395,0,256
001_ABC,59842,173225,0.81536865234375,78.06603658106178,35.915303548177086,0,256
001_ABC,59842,173481,0.0287017822265625,46.18848593509756,7.30859375,0,256
001_ABC,60098,170921,0.988067626953125,105.94886191166006,31.01146952311198,0,256
001_ABC,60098,171177,0.969696044921875,106.96003407216632,39.11234537760416,0,256
001_ABC,60098,171433,0.47808837890625,79.14855658635497,25.044357299804688,0,256
001_ABC,60098,171689,0.6808929443359375,96.2809101191815,24.25341796875,0,256
001_ABC,60098,171945,0.95098876953125,116.18847366794944,29.07055155436198,0,256
001_ABC,60098,172201,0.98492431640625,109.19533848389985,30.134908040364586,0,256
001_ABC,60098,172457,0.92047119140625,84.72103722929023,22.29291280110677,0,256
001_ABC,60098,172713,0.980743408203125,103.08653896674514,32.54353332519531,0,256
001_ABC,60098,172969,0.9730224609375,101.5173278504517,28.083536783854168,0,256
001_ABC,60098,173225,0.89044189453125,87.676649072906,36.38353983561198,0,256
001_ABC,60098,173481,0.1516571044921875,49.85971751436591,11.360890706380207,0,256
001_ABC,60354,170921,0.9182281494140624,110.3576230853796,28.444834391276043,0,256
001_ABC,60354,171177,0.9077606201171876,134.98178308364004,26.605997721354168,0,256
001_ABC,60354,171433,0.871063232421875,131.15527510643005,23.70445251464844,0,256
001_ABC,60354,171689,0.9515533447265624,125.55388465430588,27.450831095377605,0,256
001_ABC,60354,171945,0.9739837646484376,122.27393667004073,30.193389892578125,0,256
001_ABC,60354,172201,0.9830322265625,134.22917593247257,33.96466064453125,0,256
001_ABC,60354,172457,0.9316558837890624,105.64574304199778,25.25537109375,0,256
001_ABC,60354,172713,0.939666748046875,118.74872355139814,30.477854410807293,0,256
001_ABC,60354,172969,0.920989990234375,112.83691165503114,32.72839864095052,0,256
001_ABC,60354,173225,0.987091064453125,109.56206571217626,35.37120056152344,0,256
001_ABC,60354,173481,0.1537017822265625,53.45626659668051,10.286514282226562,0,256
001_ABC,60610,170921,0.98211669921875,170.8838500380516,36.54126993815104,0,256
001_ABC,60610,171177,0.97308349609375,155.6584076723084,40.89795430501302,0,256
001_ABC,60610,171433,0.9400634765625,127.04954009479845,35.699971516927086,0,256
001_ABC,60610,171689,0.9495849609375,137.5277669392526,40.02718607584635,0,256
001_ABC,60610,171945,0.97442626953125,141.46825467702,40.11871337890625,0,256
001_ABC,60610,172201,0.9712066650390624,150.27322793542407,31.707712809244796,0,256
001_ABC,60610,172457,0.866455078125,141.9583909881767,25.636764526367188,0,256
001_ABC,60610,172713,0.829315185546875,138.42304783686996,25.12803649902344,0,256
001_ABC,60610,172969,0.757965087890625,138.749160513049,24.271570841471355,0,256
001_ABC,60610,173225,0.747528076171875,122.70684468653052,25.410720825195312,0,256
001_ABC,60610,173481,0.065673828125,50.61954015493393,7.917449951171875,0,256
001_ABC,60866,170921,0.9314117431640624,150.17213260754943,31.60814921061198,0,256
001_ABC,60866,171177,0.9651947021484376,159.0167375197634,34.56085713704427,0,256
001_ABC,60866,171433,0.9784088134765624,158.50041814683937,37.32934061686198,0,256
001_ABC,60866,171689,0.9628753662109376,156.23214352037758,29.888397216796875,0,256
001_ABC,60866,171945,0.9416656494140624,156.95498285419308,33.93000793457031,0,256
001_ABC,60866,172201,0.9193572998046876,151.2354080302175,31.488657633463543,0,256
001_ABC,60866,172457,0.8935089111328125,150.4108047054615,32.182596842447914,0,256
001_ABC,60866,172713,0.8023834228515625,123.4522578434553,27.81100972493489,0,256
001_ABC,60866,172969,0.8234710693359375,134.79202265944332,28.69431559244792,0,256
001_ABC,60866,173225,0.819061279296875,108.6553143186029,30.976771036783852,0,256
001_ABC,60866,173481,0.1645660400390625,51.51181863970123,9.78875732421875,0,256
001_ABC,61122,170921,0.8906707763671875,74.12973281368613,24.71911112467448,0,256
001_ABC,61122,171177,0.9466400146484376,75.98241638764739,32.81116739908854,0,256
001_ABC,61122,171433,0.9315338134765624,64.46015953924507,43.69213358561198,0,256
001_ABC,61122,171689,0.8289947509765625,74.23329663439654,30.025543212890625,0,256
001_ABC,61122,171945,0.907470703125,84.95669439039193,35.55622355143229,0,256
001_ABC,61122,172201,0.8532867431640625,77.07836671825498,36.03958638509115,0,256
001_ABC,61122,172457,0.900390625,81.7557950632181,31.29455057779948,0,256
001_ABC,61122,172713,0.8542327880859375,81.87021099566482,27.268381754557293,0,256
001_ABC,61122,172969,0.8424224853515625,74.6765691852197,30.26303100585937,0,256
001_ABC,61122,173225,0.8493194580078125,64.49157746043056,36.11724853515625,0,256
001_ABC,61122,173481,0.17724609375,50.07136629521847,13.863688151041666,0,256
001_ABC,61378,170921,0.8656768798828125,62.36686129285954,41.18741353352865,0,256
001_ABC,61378,171177,0.93865966796875,71.4449275098741,32.20136006673177,0,256
001_ABC,61378,171433,0.9732208251953124,80.13127913698554,27.23008728027344,0,256
001_ABC,61378,171689,0.9083251953125,79.20530169620179,29.999099731445312,0,256
001_ABC,61378,171945,0.8703460693359375,70.70890807895921,31.31988016764323,0,256
001_ABC,61378,172201,0.86370849609375,77.45097488164902,26.49651590983073,0,256
001_ABC,61378,172457,0.889312744140625,79.35487988381647,28.311915079752605,0,256
001_ABC,61378,172713,0.948150634765625,84.29567532218061,27.13962300618489,0,256
001_ABC,61378,172969,0.9683380126953124,89.39604932605289,31.00814819335937,0,256
001_ABC,61378,173225,0.984161376953125,72.49275058414787,33.235026041666664,0,256
001_ABC,61378,173481,0.2136688232421875,51.09188890364021,14.892227172851562,0,256
001_ABC,61634,170921,0.9462432861328124,91.03968798741698,41.269927978515625,0,256
001_ABC,61634,171177,0.8648681640625,79.1995323561132,29.09396870930989,0,256
001_ABC,61634,171433,0.90887451171875,82.67546753375791,30.585500081380207,0,256
001_ABC,61634,171689,0.906280517578125,83.55830145790242,40.84339396158854,0,256
001_ABC,61634,171945,0.873291015625,76.64799570827745,42.8416748046875,0,256
001_ABC,61634,172201,0.8368072509765625,80.6995797008276,29.553863525390625,0,256
001_ABC,61634,172457,0.8589019775390625,85.04411420132965,29.507776896158852,0,256
001_ABC,61634,172713,0.99334716796875,76.79723878856748,35.29668172200521,0,256
001_ABC,61634,172969,0.994476318359375,70.47892433195375,36.03034464518229,0,256
001_ABC,61634,173225,0.99884033203125,67.12285908102058,42.4151357014974,0,256
001_ABC,61634,173481,0.347808837890625,56.73208281304687,19.12782287597656,0,256
001_ABC,61890,170921,0.9208831787109376,86.11772085330449,25.48987325032552,0,256
001_ABC,61890,171177,0.9459381103515624,77.2323682566639,33.89786275227865,0,256
001_ABC,61890,171433,0.847442626953125,75.50574567704462,43.60633341471354,0,256
001_ABC,61890,171689,0.8529510498046875,74.72512815054506,32.12940979003906,0,256
001_ABC,61890,171945,0.828887939453125,67.96386218233965,36.6396230061849,0,256
001_ABC,61890,172201,0.635955810546875,76.20634930953383,26.476715087890625,0,256
001_ABC,61890,172457,0.745819091796875,68.92489593848586,39.23520914713541,0,256
001_ABC,61890,172713,0.381591796875,61.94884104072116,20.50490315755208,0,256
001_ABC,61890,172969,0.8686981201171875,72.34761979803443,35.77782185872396,0,256
001_ABC,61890,173225,0.9847412109375,71.34908802225254,40.22115071614584,0,256
001_ABC,61890,173481,0.2166900634765625,56.99450705922209,13.458272298177084,0,256
001_ABC,62146,170665,0.6702880859375,72.65528432629071,31.21849568684896,0,256
001_ABC,62146,170921,0.9304656982421876,87.51892218156718,37.88048807779948,0,256
001_ABC,62146,171177,0.9571685791015624,93.59445536299609,31.57790120442708,0,256
001_ABC,62146,171433,0.943084716796875,97.089625521563,31.331990559895832,0,256
001_ABC,62146,171689,0.879791259765625,73.91094179614447,31.595611572265625,0,256
001_ABC,62146,171945,0.815460205078125,69.90401461510919,31.312413533528645,0,256
001_ABC,62146,172201,0.708343505859375,83.93973657838069,27.86864217122396,0,256
001_ABC,62146,172457,0.3638916015625,63.67384965135716,24.229176839192707,0,256
001_ABC,62146,172713,0.601715087890625,67.1955840550363,28.74383544921875,0,256
001_ABC,62146,172969,0.953948974609375,82.44245025306009,31.45845031738281,0,256
001_ABC,62146,173225,0.7506866455078125,75.21595457848161,26.068374633789062,0,256
001_ABC,62402,170665,0.60687255859375,73.02849972154945,29.204371134440105,0,256
001_ABC,62402,170921,0.7500762939453125,84.11452441569418,34.23328653971354,0,256
001_ABC,62402,171177,0.77972412109375,83.90383944567293,35.89629109700521,0,256
001_ABC,62402,171433,0.798431396484375,87.62502610590309,27.849924723307293,0,256
001_ABC,62402,171689,0.944915771484375,98.71764723188244,27.89511108398437,0,256
001_ABC,62402,171945,0.8536224365234375,87.38941885135137,27.02014668782552,0,256
001_ABC,62402,172201,0.7385711669921875,93.36375807132572,25.485219319661457,0,256
001_ABC,62402,172457,0.7672119140625,81.3965690692421,34.05712381998698,0,256
001_ABC,62402,172713,0.57781982421875,69.78248860104941,30.21167500813802,0,256
001_ABC,62402,172969,0.9666748046875,92.43413948640227,30.47358703613281,0,256
001_ABC,62402,173225,0.68560791015625,86.32288426812738,24.39794413248698,0,256
001_ABC,62658,170665,0.523529052734375,92.52428862359376,19.37120056152344,0,256
001_ABC,62658,170921,0.5991363525390625,102.26434326078744,19.980509440104168,0,256
001_ABC,62658,171177,0.7129669189453125,80.98312145099044,31.843592325846355,0,256
001_ABC,62658,171433,0.7757720947265625,95.29359060502613,35.783365885416664,0,256
001_ABC,62658,171689,0.8235931396484375,94.10639256890865,35.24053955078125,0,256
001_ABC,62658,171945,0.891143798828125,113.0624524615705,25.111012776692707,0,256
001_ABC,62658,172201,0.7713470458984375,102.8143363064155,25.46361796061198,0,256
001_ABC,62658,172457,0.9122772216796876,93.20172801963054,38.92486063639323,0,256
001_ABC,62658,172713,0.2809600830078125,62.32266875263304,21.540079752604168,0,256
001_ABC,62658,172969,0.99456787109375,90.34857697389089,34.63682556152344,0,256
001_ABC,62658,173225,0.552093505859375,79.64730926207267,23.07640584309896,0,256
001_ABC,62914,170665,0.56787109375,82.86813016142696,19.01781717936198,0,256
001_ABC,62914,170921,0.814208984375,100.4432788377162,27.42743428548177,0,256
001_ABC,62914,171177,0.8402099609375,107.3346682852134,24.36629231770833,0,256
001_ABC,62914,171433,0.88287353515625,105.52208021190016,26.095326741536457,0,256
001_ABC,62914,171689,0.935272216796875,109.56426801439376,39.28602091471354,0,256
001_ABC,62914,171945,0.8486175537109375,115.6309435032308,31.217905680338543,0,256
001_ABC,62914,172201,0.7437896728515625,109.32728141709232,25.51131184895833,0,256
001_ABC,62914,172457,0.797943115234375,97.97921611275524,26.88768513997396,0,256
001_ABC,62914,172713,0.67034912109375,77.79666369780898,31.615259806315105,0,256
001_ABC,62914,172969,0.7689361572265625,78.39520957972854,38.52689615885416,0,256
001_ABC,62914,173225,0.56536865234375,72.70122580137104,19.948760986328125,0,256
001_ABC,63170,170409,0.8444061279296875,74.44454955961555,27.565297444661457,0,256
001_ABC,63170,170665,0.9304351806640624,72.20299449539743,30.76478576660156,0,256
001_ABC,63170,170921,0.9385833740234376,62.62285058107227,33.36176045735677,0,256
001_ABC,63170,171177,0.8816070556640625,71.78070797375403,32.1382802327474,0,256
001_ABC,63170,171433,0.9911651611328124,72.48347612842917,30.49370829264323,0,256
001_ABC,63170,171689,0.93804931640625,69.6397259158548,28.061192830403645,0,256
001_ABC,63170,171945,0.8706817626953125,77.03163952915929,28.37816365559896,0,256
001_ABC,63170,172201,0.9267730712890624,67.40348452120088,33.45691426595052,0,256
001_ABC,63170,172457,0.6524505615234375,79.59157855715603,21.817286173502605,0,256
001_ABC,63170,172713,0.9267120361328124,89.50886481907219,36.99262491861979,0,256
001_ABC,63170,172969,0.9782257080078124,77.11067680991255,46.46692403157552,0,256
001_ABC,63170,173225,0.4272308349609375,54.07295968546532,21.041834513346355,0,256
001_ABC,63426,170153,0.8310699462890625,43.24650703370571,56.40644836425781,0,256
001_ABC,63426,170409,0.8751373291015625,76.90802180184983,27.256805419921875,0,256
001_ABC,63426,170665,0.9895477294921876,78.54199830605648,38.6818593343099,0,256
001_ABC,63426,170921,0.947509765625,67.98464703187346,32.3490244547526,0,256
001_ABC,63426,171177,0.9422607421875,67.15630235499702,33.569254557291664,0,256
001_ABC,63426,171433,0.97906494140625,82.93094198196195,31.10750325520833,0,256
001_ABC,63426,171689,0.984832763671875,78.71026128530502,35.0711415608724,0,256
001_ABC,63426,171945,0.929595947265625,77.21788910753094,31.772918701171875,0,256
001_ABC,63426,172201,0.93109130859375,81.960668904474,26.817306518554688,0,256
001_ABC,63426,172457,0.9169158935546876,93.33989063557236,35.71031188964844,0,256
001_ABC,63426,172713,0.7404327392578125,83.02525433129631,36.991353352864586,0,256
001_ABC,63426,172969,0.39764404296875,65.83865553303622,22.101521809895832,0,256
001_ABC,63682,170153,0.817474365234375,73.33529257774353,37.52567036946615,0,256
001_ABC,63682,170409,0.8101654052734375,73.58056629355997,21.769236246744796,0,256
001_ABC,63682,170665,0.997894287109375,81.41656814119779,26.812352498372395,0,256
001_ABC,63682,170921,0.9967498779296876,72.5428587438073,34.61256408691406,0,256
001_ABC,63682,171177,0.930511474609375,76.99404847598635,35.56305948893229,0,256
001_ABC,63682,171433,0.954803466796875,78.8353236829862,32.62012227376302,0,256
001_ABC,63682,171689,0.964630126953125,87.94594126567245,29.07110087076823,0,256
001_ABC,63682,171945,0.9630889892578124,90.873777939938,31.113494873046875,0,256
001_ABC,63682,172201,0.9375,78.89187668263912,31.6512451171875,0,256
001_ABC,63682,172457,0.913848876953125,102.57867357111536,27.87410481770833,0,256
001_ABC,63682,172713,0.49609375,80.69538416503929,16.81262715657552,0,256
001_ABC,63938,169897,0.96319580078125,92.78731181449255,26.98142496744792,0,256
001_ABC,63938,170153,0.992156982421875,104.56858320441096,29.85785420735677,0,256
001_ABC,63938,170409,0.9464569091796876,101.45032430416904,26.44561258951823,0,256
001_ABC,63938,170665,0.99005126953125,102.22212114720604,28.622390747070312,0,256
001_ABC,63938,170921,0.9940643310546876,83.94234705623239,29.288258870442707,0,256
001_ABC,63938,171177,0.9517059326171876,85.90997024998069,34.087504069010414,0,256
001_ABC,63938,171433,0.898834228515625,75.40673765167594,28.104080200195312,0,256
001_ABC,63938,171689,0.8382110595703125,87.5305547339376,27.791290283203125,0,256
001_ABC,63938,171945,0.988861083984375,98.6127899994608,28.973963419596355,0,256
001_ABC,63938,172201,0.9942779541015624,103.74172831978647,31.791208902994796,0,256
001_ABC,63938,172457,0.9028167724609376,103.63500380516052,32.85876973470052,0,256
001_ABC,64194,169641,0.9721527099609376,103.3353880494833,43.84708150227865,0,256
001_ABC,64194,169897,0.9383544921875,91.15437164134346,39.3060048421224,0,256
001_ABC,64194,170153,0.9930572509765624,107.90715765953064,29.146199544270832,0,256
001_ABC,64194,170409,0.9837799072265624,121.64230024721472,31.40149434407552,0,256
001_ABC,64194,170665,0.949981689453125,128.70315143070184,32.68988545735677,0,256
001_ABC,64194,170921,0.9712677001953124,114.00673261634074,31.003774007161457,0,256
001_ABC,64194,171177,0.951995849609375,81.47117528109811,29.96289571126302,0,256
001_ABC,64194,171433,0.81219482421875,82.33379946812056,25.37129211425781,0,256
001_ABC,64194,171689,0.9040069580078124,90.38837490975855,32.09798685709635,0,256
001_ABC,64194,171945,0.9217681884765624,90.42694579064846,34.95732116699219,0,256
001_ABC,64194,172201,0.9720611572265624,113.880118975183,27.405675252278645,0,256
001_ABC,64194,172457,0.59503173828125,82.8824810385704,18.184254964192707,0,256
001_ABC,64450,169641,0.858245849609375,130.2262336751446,29.698699951171875,0,256
001_ABC,64450,169897,0.8635406494140625,116.38931369688362,26.003433227539062,0,256
001_ABC,64450,170153,0.9606475830078124,147.15436798986048,28.16004943847656,0,256
001_ABC,64450,170409,0.9569091796875,124.40049958880992,31.364410400390625,0,256
001_ABC,64450,170665,0.9420928955078124,129.06373163685203,27.259633382161457,0,256
001_ABC,64450,170921,0.939117431640625,131.97933955397457,30.620040893554688,0,256
001_ABC,64450,171177,0.934814453125,125.9479673781898,31.800196329752605,0,256
001_ABC,64450,171433,0.8855133056640625,86.9830352102872,32.56207784016927,0,256
001_ABC,64450,171689,0.892791748046875,86.53562692715786,33.07344563802084,0,256
001_ABC,64450,171945,0.9026336669921876,111.40291496738791,41.3670399983724,0,256
001_ABC,64450,172201,0.90087890625,114.85760174295864,27.82195536295573,0,256
001_ABC,64706,168105,0.932861328125,162.2485979103949,30.538426717122395,0,256
001_ABC,64706,168361,0.9735107421875,164.87666167854331,35.10807800292969,0,256
001_ABC,64706,169641,0.95098876953125,121.62108728196472,28.462931315104168,0,256
001_ABC,64706,169897,0.8946533203125,127.966154291993,28.9718017578125,0,256
001_ABC,64706,170153,0.8848876953125,173.16850857413374,31.64276123046875,0,256
001_ABC,64706,170409,0.9167938232421876,162.78515340737067,28.30572001139323,0,256
001_ABC,64706,170665,0.9804840087890624,139.92847607447766,32.039703369140625,0,256
001_ABC,64706,170921,0.938018798828125,104.02740470971912,33.0069325764974,0,256
001_ABC,64706,171177,0.9132080078125,159.95965665578842,29.83056640625,0,256
001_ABC,64706,171433,0.9801177978515624,118.9060169996228,31.26600646972656,0,256
001_ABC,64706,171689,0.962646484375,110.79671627818608,37.307037353515625,0,256
001_ABC,64706,171945,0.9190216064453124,118.15896697691642,32.00838724772135,0,256
001_ABC,64706,172201,0.49578857421875,84.56278422102332,16.536580403645832,0,256
001_ABC,64962,167081,0.6074981689453125,86.10731289885007,33.31959025065104,0,256
001_ABC,64962,167337,0.938568115234375,108.97064988850616,32.1875966389974,0,256
001_ABC,64962,167593,0.9264373779296876,118.3949297030922,32.10706583658854,0,256
001_ABC,64962,167849,0.92767333984375,107.13780506607144,31.162261962890625,0,256
001_ABC,64962,168105,0.964996337890625,134.85639777383767,30.604507446289062,0,256
001_ABC,64962,168361,0.98046875,154.89655470848083,34.353413899739586,0,256
001_ABC,64962,168617,0.96258544921875,115.64703364577144,29.321543375651043,0,256
001_ABC,64962,168873,0.8748321533203125,112.70722913369536,30.666661580403645,0,256
001_ABC,64962,169129,0.8501129150390625,95.70165634155272,23.29108174641927,0,256
001_ABC,64962,169385,0.9149627685546876,87.61641202773899,31.43831380208333,0,256
001_ABC,64962,169641,0.8809967041015625,87.23397812037729,32.67339070638021,0,256
001_ABC,64962,169897,0.9705047607421876,99.92007099743932,35.75350443522135,0,256
001_ABC,64962,170153,0.911224365234375,112.34112551040016,29.0401611328125,0,256
001_ABC,64962,170409,0.9608154296875,115.42906587547624,35.95387268066406,0,256
001_ABC,64962,170665,0.9039764404296876,120.82510407175867,29.28772481282552,0,256
001_ABC,64962,170921,0.920684814453125,115.94007223262452,28.69087219238281,0,256
001_ABC,64962,171177,0.950592041015625,120.13727467879652,29.07720947265625,0,256
001_ABC,64962,171433,0.8684234619140625,98.48333497997372,33.23719278971354,0,256
001_ABC,64962,171689,0.86810302734375,115.4226222001016,33.80419413248698,0,256
001_ABC,64962,171945,0.5467071533203125,99.09866328444332,23.105377197265625,0,256
001_ABC,65218,166825,0.980621337890625,55.53605864546262,57.10358683268229,0,256
001_ABC,65218,167081,0.9847412109375,61.01965649030171,58.76482645670573,0,256
001_ABC,65218,167337,0.9841461181640624,71.41670058830641,34.564371744791664,0,256
001_ABC,65218,167593,0.9787445068359376,68.34251681622118,32.609151204427086,0,256
001_ABC,65218,167849,0.95208740234375,73.50450747366995,27.38103739420573,0,256
001_ABC,65218,168105,0.9261322021484376,69.8116635447368,27.685511271158852,0,256
001_ABC,65218,168361,0.897064208984375,76.17684371373616,31.621927897135414,0,256
001_ABC,65218,168617,0.924346923828125,73.12321352376603,30.96308898925781,0,256
001_ABC,65218,168873,0.8274688720703125,68.07580010755919,25.71687825520833,0,256
001_ABC,65218,169129,0.68341064453125,62.36663734540343,21.982457478841145,0,256
001_ABC,65218,169385,0.798797607421875,61.992142832838,32.493550618489586,0,256
001_ABC,65218,169641,0.8094482421875,60.84850140823983,29.995493570963543,0,256
001_ABC,65218,169897,0.6892242431640625,63.63945989473723,25.333302815755207,0,256
001_ABC,65218,170153,0.7310028076171875,70.35713611543179,24.331802368164062,0,256
001_ABC,65218,170409,0.7512969970703125,81.70590667589568,24.333892822265625,0,256
001_ABC,65218,170665,0.7874755859375,84.13224123767577,25.388198852539062,0,256
001_ABC,65218,170921,0.7630157470703125,77.53018546104431,25.44281514485677,0,256
001_ABC,65218,171177,0.8209686279296875,71.24761290010065,22.085728963216145,0,256
001_ABC,65218,171433,0.790069580078125,67.62220562784933,27.138839721679688,0,256
001_ABC,65218,171689,0.53985595703125,58.29849037434906,24.63018798828125,0,256
001_ABC,65474,166825,0.9193115234375,97.63859300967306,30.91426086425781,0,256
001_ABC,65474,167081,0.951141357421875,85.01008200645447,43.34593709309896,0,256
001_ABC,65474,167337,0.9860382080078124,61.85259609576315,67.0669453938802,0,256
001_ABC,65474,167593,0.996551513671875,60.37862970586866,64.56589762369792,0,256
001_ABC,65474,167849,0.93170166015625,68.98662124550901,51.04887390136719,0,256
001_ABC,65474,168105,0.971649169921875,70.24977106577717,32.74937947591146,0,256
001_ABC,65474,168361,0.96966552734375,87.05929693742655,29.200063069661457,0,256
001_ABC,65474,168617,0.9379425048828124,86.79237934737466,29.698755900065105,0,256
001_ABC,65474,168873,0.9570770263671876,75.4768138488289,27.87519836425781,0,256
001_ABC,65474,169129,0.763519287109375,62.17672726139426,28.31994120279948,0,256
001_ABC,65474,169385,0.691680908203125,66.85587159707211,25.652303059895832,0,256
001_ABC,65474,169641,0.7574615478515625,72.95554877235554,23.43560791015625,0,256
001_ABC,65474,169897,0.6828460693359375,69.66167864552699,20.440388997395832,0,256
001_ABC,65474,170153,0.8454132080078125,72.7608389025554,28.884653727213543,0,256
001_ABC,65474,170409,0.814910888671875,75.31705620512366,27.8466796875,0,256
001_ABC,65474,170665,0.9183502197265624,74.23721760115586,25.039072672526043,0,256
001_ABC,65474,170921,0.9218292236328124,78.75174181140028,28.74535624186198,0,256
001_ABC,65474,171177,0.84539794921875,81.16596375405788,31.661768595377605,0,256
001_ABC,65474,171433,0.8481903076171875,75.20163880288601,30.718053181966145,0,256
001_ABC,65474,171689,0.0870513916015625,47.39644648041576,8.604634602864584,0,256
001_ABC,65730,166825,0.9107666015625,107.65982199809514,31.68206787109375,0,256
001_ABC,65730,167081,0.9294891357421876,105.76526973745786,29.021957397460938,0,256
001_ABC,65730,167337,0.9724273681640624,100.01115857064724,30.427296956380207,0,256
001_ABC,65730,167593,0.9606170654296876,81.87077507912181,31.14585876464844,0,256
001_ABC,65730,167849,0.978790283203125,67.11874114628881,66.91873677571614,0,256
001_ABC,65730,168105,0.992706298828125,62.012053861282766,77.71917215983073,0,256
001_ABC,65730,168361,0.9828338623046876,67.81338829454035,71.15566507975261,0,256
001_ABC,65730,168617,0.960723876953125,78.60902864392847,43.82402547200521,0,256
001_ABC,65730,168873,0.918853759765625,79.83561663236469,27.238754272460938,0,256
001_ABC,65730,169129,0.819610595703125,67.74146445072256,30.51379903157552,0,256
001_ABC,65730,169385,0.7047119140625,71.1460755430162,24.044016520182293,0,256
001_ABC,65730,169641,0.776885986328125,72.75402828678489,27.034138997395832,0,256
001_ABC,65730,169897,0.78021240234375,85.03682799544185,21.958597819010414,0,256
001_ABC,65730,170153,0.777099609375,84.04300386249088,29.907236735026043,0,256
001_ABC,65730,170409,0.874755859375,82.07273858017288,27.740030924479168,0,256
001_ABC,65730,170665,0.899200439453125,85.10498755401932,25.03943379720052,0,256
001_ABC,65730,170921,0.95538330078125,91.16587826772592,30.664031982421875,0,256
001_ABC,65730,171177,0.9017333984375,90.55387645377778,34.9380137125651,0,256
001_ABC,65730,171433,0.5561065673828125,74.20056241750717,23.797983805338543,0,256
001_ABC,65986,166825,0.98687744140625,97.9737215002533,29.40863037109375,0,256
001_ABC,65986,167081,0.891265869140625,89.3882197753992,27.64314778645833,0,256
001_ABC,65986,167337,0.8996124267578125,81.70771588175558,32.29689025878906,0,256
001_ABC,65986,167593,0.9764251708984376,80.62186853936873,31.344579060872395,0,256
001_ABC,65986,167849,0.96221923828125,95.8798310009297,33.53048197428385,0,256
001_ABC,65986,168105,0.9674835205078124,88.86523143108934,33.33697001139323,0,256
001_ABC,65986,168361,0.990570068359375,89.63700256100856,42.48725891113281,0,256
001_ABC,65986,168617,0.9992218017578124,70.06812518252991,67.53662109375,0,256
001_ABC,65986,168873,0.980377197265625,58.91136407270096,79.3172607421875,0,256
001_ABC,65986,169129,0.9788818359375,62.47313813096844,64.80984497070312,0,256
001_ABC,65986,169385,0.9074554443359376,73.77767631039023,42.639241536458336,0,256
001_ABC,65986,169641,0.6593780517578125,74.91661590337753,24.044118245442707,0,256
001_ABC,65986,169897,0.8614959716796875,86.6782877498772,29.579574584960938,0,256
001_ABC,65986,170153,0.9383697509765624,87.61380912153982,28.705612182617188,0,256
001_ABC,65986,170409,0.889617919921875,90.97132849600166,25.87225341796875,0,256
001_ABC,65986,170665,0.88751220703125,97.4698681642767,34.19066365559896,0,256
001_ABC,65986,170921,0.9342041015625,85.52999034500681,42.758382161458336,0,256
001_ABC,65986,171177,0.6661834716796875,79.78221362829208,34.468658447265625,0,256
001_ABC,65986,171433,0.038787841796875,47.25148659851402,7.762619018554687,0,256
001_ABC,66242,165801,0.7713470458984375,107.55786436027849,27.66624959309896,0,256
001_ABC,66242,166057,0.75146484375,105.09874119400048,23.99824523925781,0,256
001_ABC,66242,166313,0.9407196044921876,98.61022865399718,28.254058837890625,0,256
001_ABC,66242,166569,0.9986572265625,99.12498330697416,28.83164978027344,0,256
001_ABC,66242,166825,0.98724365234375,91.83266937360168,31.117202758789062,0,256
001_ABC,66242,167081,0.9578857421875,95.40240667760372,28.73546854654948,0,256
001_ABC,66242,167337,0.940338134765625,92.42351729772054,31.96655782063802,0,256
001_ABC,66242,167593,0.9474334716796876,86.23656103550456,30.54405212402344,0,256
001_ABC,66242,167849,0.94317626953125,94.90419734432362,33.228841145833336,0,256
001_ABC,66242,168105,0.97613525390625,98.63351163617337,31.73177083333333,0,256
001_ABC,66242,168361,0.9720458984375,100.28471126942895,27.870834350585938,0,256
001_ABC,66242,168617,0.99652099609375,94.51350662275216,30.7315673828125,0,256
001_ABC,66242,168873,0.9744720458984376,102.9577779469546,33.14289855957031,0,256
001_ABC,66242,169129,0.994415283203125,89.15991109609604,52.6405283610026,0,256
001_ABC,66242,169385,0.9993896484375,57.22522594942711,93.4161885579427,0,256
001_ABC,66242,169641,0.9697113037109376,73.42394080664963,75.58621724446614,0,256
001_ABC,66242,169897,0.8740692138671875,92.29780915542506,33.71219380696615,0,256
001_ABC,66242,170153,0.9621734619140624,100.46463421895167,36.0132802327474,0,256
001_ABC,66242,170409,0.8172149658203125,95.74861884769052,31.106602986653645,0,256
001_ABC,66242,170665,0.5418853759765625,81.44352133548819,22.231918334960938,0,256
001_ABC,66498,165545,0.8871307373046875,137.5737595697865,33.5963389078776,0,256
001_ABC,66498,165801,0.7910919189453125,114.9001867910847,27.272852579752605,0,256
001_ABC,66498,166057,0.6279754638671875,84.27963782008737,22.988052368164062,0,256
001_ABC,66498,166313,0.9694366455078124,107.65290266927332,29.423080444335938,0,256
001_ABC,66498,166569,0.9868927001953124,122.12036132439972,30.293528238932293,0,256
001_ABC,66498,166825,0.9916229248046876,108.1943443880882,30.111582438151043,0,256
001_ABC,66498,167081,0.9651947021484376,110.21890437393448,26.35877990722656,0,256
001_ABC,66498,167337,0.94097900390625,108.20350517239422,27.359527587890625,0,256
001_ABC,66498,167593,0.9266510009765624,100.6987422106322,32.33419291178385,0,256
001_ABC,66498,167849,0.9479522705078124,105.99528686678968,32.3759511311849,0,256
001_ABC,66498,168105,0.9403076171875,115.96614494081588,27.536814371744796,0,256
001_ABC,66498,168361,0.9619903564453124,115.74627399048768,25.57854715983073,0,256
001_ABC,66498,168617,0.9986419677734376,94.17393660545348,31.60788981119792,0,256
001_ABC,66498,168873,0.9923248291015624,95.0778109394014,27.213205973307293,0,256
001_ABC,66498,169129,0.9951629638671876,138.13985703117214,32.20801289876302,0,256
001_ABC,66498,169385,0.9555816650390624,126.39336469396947,33.37812296549479,0,256
001_ABC,66498,169641,0.4625701904296875,66.86279364582151,32.062530517578125,0,256
001_ABC,66498,169897,0.59521484375,57.522864944301546,42.02953592936198,0,256
001_ABC,66498,170153,0.334808349609375,76.21337024099194,15.577987670898438,0,256
001_ABC,66498,170409,0.1475677490234375,61.39385926141404,9.40258280436198,0,256
001_ABC,66754,165545,0.798614501953125,128.41167080565356,29.18891906738281,0,256
001_ABC,66754,165801,0.8823699951171875,94.24765496118926,26.732091267903645,0,256
001_ABC,66754,166057,0.55108642578125,74.14265546109527,23.37766011555989,0,256
001_ABC,66754,166313,0.9142913818359376,130.9641373658087,32.59517923990885,0,256
001_ABC,66754,166569,0.9636993408203124,133.08638337161392,25.71857198079427,0,256
001_ABC,66754,166825,0.8920135498046875,120.50053030229174,29.362009684244796,0,256
001_ABC,66754,167081,0.961639404296875,119.30686822440477,28.41707356770833,0,256
001_ABC,66754,167337,0.9565887451171876,141.9979787019547,24.282801310221355,0,256
001_ABC,66754,167593,0.940582275390625,138.8504094609525,26.590357462565105,0,256
001_ABC,66754,167849,0.911376953125,142.1609026209917,25.138575236002605,0,256
001_ABC,66754,168105,0.904571533203125,123.04883506684564,26.76623026529948,0,256
001_ABC,66754,168361,0.9684600830078124,122.8959503173828,29.25042215983073,0,256
001_ABC,66754,168617,0.9862060546875,142.823681502603,26.374165852864586,0,256
001_ABC,66754,168873,0.9940643310546876,154.61318533029407,32.01513163248698,0,256
001_ABC,66754,169129,0.8634796142578125,125.62404560646974,23.893900553385414,0,256
001_ABC,66754,169385,0.40435791015625,80.9253776629921,18.373809814453125,0,256
001_ABC,67010,165289,0.930450439453125,114.80528324004264,36.21720886230469,0,256
001_ABC,67010,165545,0.887664794921875,137.6581113897264,31.56335957845052,0,256
001_ABC,67010,165801,0.843841552734375,91.34486559755167,27.23565165201823,0,256
001_ABC,67010,166057,0.823150634765625,88.06695087160915,25.67258199055989,0,256
001_ABC,67010,166313,0.85247802734375,94.07653391268104,32.847442626953125,0,256
001_ABC,67010,166569,0.9448699951171876,127.0970978057012,30.602696736653645,0,256
001_ABC,67010,166825,0.945343017578125,152.61594801559113,25.222447713216145,0,256
001_ABC,67010,167081,0.9590911865234376,157.81435432634316,29.13258870442708,0,256
001_ABC,67010,167337,0.9583740234375,122.19133850722574,26.84027099609375,0,256
001_ABC,67010,167593,0.958587646484375,109.79475265648216,25.50177001953125,0,256
001_ABC,67010,167849,0.9334564208984376,105.02858602628112,23.890792846679688,0,256
001_ABC,67010,168105,0.97540283203125,126.19756376370788,26.71251932779948,0,256
001_ABC,67010,168361,0.9462432861328124,150.40102846827358,31.3045654296875,0,256
001_ABC,67010,168617,0.9601287841796876,148.97313242778182,32.48565673828125,0,256
001_ABC,67010,168873,0.9678955078125,192.86763672321104,29.87188720703125,0,256
001_ABC,67266,165289,0.8319549560546875,66.84119199751876,23.286651611328125,0,256
001_ABC,67266,165545,0.8706207275390625,72.49838939658366,29.625076293945312,0,256
001_ABC,67266,165801,0.75799560546875,58.27100474550389,31.678614298502605,0,256
001_ABC,67266,166057,0.90374755859375,62.97971517010592,30.423009236653645,0,256
001_ABC,67266,166313,0.890625,67.22753749694675,21.743810017903645,0,256
001_ABC,67266,166569,0.998382568359375,80.46059134230018,32.76422119140625,0,256
001_ABC,67266,166825,0.994903564453125,74.31185351964086,26.76634724934896,0,256
001_ABC,67266,167081,0.992523193359375,67.71189857996069,25.486226399739586,0,256
001_ABC,67266,167337,0.9379119873046876,65.06667616870254,32.04263814290365,0,256
001_ABC,67266,167593,0.9627838134765624,71.4129895567894,29.731857299804688,0,256
001_ABC,67266,167849,0.9950408935546876,67.32742562121712,26.712310791015625,0,256
001_ABC,67266,168105,0.9705963134765624,72.02912160661072,26.177052815755207,0,256
001_ABC,67266,168361,0.9706878662109376,88.45424326113425,25.769678751627605,0,256
001_ABC,67266,168617,0.9820556640625,102.84319627191871,28.805028279622395,0,256
001_ABC,67266,168873,0.5764923095703125,71.48932612594217,19.149759928385414,0,256
001_ABC,67522,165289,0.772552490234375,69.3279930492863,25.32220458984375,0,256
001_ABC,67522,165545,0.86566162109375,69.55644866451621,36.21696980794271,0,256
001_ABC,67522,165801,0.7269744873046875,71.62864600121975,23.452601114908852,0,256
001_ABC,67522,166057,0.762786865234375,66.83852563798428,23.415171305338543,0,256
001_ABC,67522,166313,0.9122161865234376,82.02401569113135,29.81862386067708,0,256
001_ABC,67522,166569,0.995697021484375,89.1030120847281,43.18281555175781,0,256
001_ABC,67522,166825,0.9860382080078124,74.57088208361529,32.85260518391927,0,256
001_ABC,67522,167081,0.928863525390625,73.75310156284831,23.434733072916668,0,256
001_ABC,67522,167337,0.9964599609375,74.792799949646,25.22247823079427,0,256
001_ABC,67522,167593,0.98468017578125,75.90546450554393,25.869949340820312,0,256
001_ABC,67522,167849,0.987579345703125,77.55087431310676,33.408548990885414,0,256
001_ABC,67522,168105,0.9932708740234376,73.4087541771587,25.161732991536457,0,256
001_ABC,67522,168361,0.97454833984375,92.20332818268798,33.13717142740885,0,256
001_ABC,67522,168617,0.9346466064453124,99.86642140499316,29.120045979817707,0,256
001_ABC,67522,168873,0.277252197265625,57.46072187181562,11.697682698567707,0,256
001_ABC,67778,165289,0.74481201171875,80.40224152430892,22.21514383951823,0,256
001_ABC,67778,165545,0.9374237060546876,93.80918787419796,23.79027811686198,0,256
001_ABC,67778,165801,0.961761474609375,87.9026634672191,26.023910522460938,0,256
001_ABC,67778,166057,0.847198486328125,82.11726318835281,23.562901814778645,0,256
001_ABC,67778,166313,0.803802490234375,93.03824847540818,27.074737548828125,0,256
001_ABC,67778,166569,0.8940277099609375,98.66777430474758,26.505956013997395,0,256
001_ABC,67778,166825,0.868560791015625,85.47229104861617,25.594868977864586,0,256
001_ABC,67778,167081,0.982086181640625,89.22284850827418,38.82496134440104,0,256
001_ABC,67778,167337,0.9951934814453124,83.98268665280193,28.16969807942708,0,256
001_ABC,67778,167593,0.99993896484375,80.0565482263919,31.098220825195312,0,256
001_ABC,67778,167849,0.9802703857421876,83.91766122519039,32.26171366373698,0,256
001_ABC,67778,168105,0.93963623046875,76.90766090154648,35.19786071777344,0,256
001_ABC,67778,168361,0.963165283203125,91.38291494152509,28.023244222005207,0,256
001_ABC,67778,168617,0.8355560302734375,86.02238288125955,27.97177124023437,0,256
001_ABC,67778,168873,0.04412841796875,48.82246161415242,8.001602172851562,0,256
001_ABC,68034,165289,0.3997650146484375,66.35030249110423,15.208775838216146,0,256
001_ABC,68034,165545,0.7012176513671875,83.42143177776597,25.916244506835938,0,256
001_ABC,68034,165801,0.828887939453125,92.08923751465043,21.98003641764323,0,256
001_ABC,68034,166057,0.945526123046875,93.0887067168951,25.005564371744796,0,256
001_ABC,68034,166313,0.979705810546875,101.95467721577734,25.94036356608073,0,256
001_ABC,68034,166569,0.99005126953125,89.48001527017914,32.20628356933594,0,256
001_ABC,68034,166825,0.85870361328125,81.71389717212878,26.470016479492188,0,256
001_ABC,68034,167081,0.99554443359375,90.20503447554074,31.69846089680989,0,256
001_ABC,68034,167337,0.98992919921875,97.97224965319036,29.03619384765625,0,256
001_ABC,68034,167593,0.9730682373046876,95.10986429080369,28.401199340820312,0,256
001_ABC,68034,167849,0.9893646240234376,98.23003083094954,26.78228759765625,0,256
001_ABC,68034,168105,0.9439544677734376,95.40805845498107,35.0595448811849,0,256
001_ABC,68034,168361,0.9755096435546876,95.52049469738267,36.89035034179688,0,256
001_ABC,68034,168617,0.9777679443359376,95.33369958028196,34.72771708170573,0,256
001_ABC,68034,168873,0.10638427734375,55.704067941755056,9.373972574869793,0,256
001_ABC,68290,165289,0.8503875732421875,92.07009166479112,24.660430908203125,0,256
001_ABC,68290,165545,0.842437744140625,111.93978184624576,22.72791035970052,0,256
001_ABC,68290,165801,0.6674957275390625,103.0172666227445,18.40509541829427,0,256
001_ABC,68290,166057,0.5212860107421875,87.7102227115538,18.314666748046875,0,256
001_ABC,68290,166313,0.868988037109375,102.37775474204682,28.171600341796875,0,256
001_ABC,68290,166569,0.96429443359375,93.46509987092575,26.418380737304688,0,256
001_ABC,68290,166825,0.9250640869140624,92.486477997154,25.16662089029948,0,256
001_ABC,68290,167081,0.891571044921875,117.04506557807326,29.93234761555989,0,256
001_ABC,68290,167337,0.80792236328125,114.10264390707016,26.211588541666668,0,256
001_ABC,68290,167593,0.9342041015625,109.72435368201695,37.63330586751302,0,256
001_ABC,68290,167849,0.898406982421875,107.5614360885229,24.478836059570312,0,256
001_ABC,68290,168105,0.9656982421875,123.53035940951668,28.759597778320312,0,256
001_ABC,68290,168361,0.99224853515625,112.39824007451534,33.73063659667969,0,256
001_ABC,68290,168617,0.93463134765625,115.77563214953987,38.69784037272135,0,256
001_ABC,68290,168873,0.33160400390625,65.01259475573897,15.968424479166666,0,256
001_ABC,68546,165033,0.8624267578125,135.9374141113367,25.937042236328125,0,256
001_ABC,68546,165289,0.9108428955078124,139.51807148917578,27.66350809733073,0,256
001_ABC,68546,165545,0.9237518310546876,143.0526393780019,26.417811075846355,0,256
001_ABC,68546,165801,0.9361114501953124,132.61206868453883,27.21484375,0,256
001_ABC,68546,166057,0.7633209228515625,140.87928557931446,21.390060424804688,0,256
001_ABC,68546,166313,0.65966796875,123.0859474306926,21.044718424479168,0,256
001_ABC,68546,166569,0.701385498046875,119.34225231036544,20.44702657063802,0,256
001_ABC,68546,166825,0.8157806396484375,127.21850991784596,22.810516357421875,0,256
001_ABC,68546,167081,0.917083740234375,123.15128630027176,26.411209106445312,0,256
001_ABC,68546,167337,0.9741973876953124,113.0795855373144,34.57304890950521,0,256
001_ABC,68546,167593,0.97344970703125,123.27864074124956,44.207356770833336,0,256
001_ABC,68546,167849,0.9695892333984376,149.204947916558,32.3196767171224,0,256
001_ABC,68546,168105,0.9651641845703124,140.36535263061523,27.77121988932292,0,256
001_ABC,68546,168361,0.96990966796875,132.88583742058836,25.915903727213543,0,256
001_ABC,68546,168617,0.9608917236328124,127.56694845762104,34.72783406575521,0,256
001_ABC,68546,168873,0.7324981689453125,101.60174949257636,23.233083089192707,0,256
001_ABC,68802,164777,0.9613494873046876,129.7212369432673,29.301233927408852,0,256
001_ABC,68802,165033,0.9272003173828124,145.6924950145185,26.352879842122395,0,256
001_ABC,68802,165289,0.95294189453125,119.47662173211576,31.28192138671875,0,256
001_ABC,68802,165545,0.9364013671875,136.7071849964559,28.891184488932293,0,256
001_ABC,68802,165801,0.9593963623046876,138.1529933353886,31.322423299153645,0,256
001_ABC,68802,166057,0.8459930419921875,143.15456347819418,22.80430603027344,0,256
001_ABC,68802,166313,0.9499969482421876,145.70458172261715,28.764963785807293,0,256
001_ABC,68802,166569,0.9354705810546876,157.30016925558448,27.013168334960938,0,256
001_ABC,68802,166825,0.946807861328125,165.4272876267787,25.60127258300781,0,256
001_ABC,68802,167081,0.8119354248046875,140.76300045475364,23.116872151692707,0,256
001_ABC,68802,167337,0.844635009765625,163.5260630808771,26.458140055338543,0,256
001_ABC,68802,167593,0.968048095703125,155.8516617321875,31.75848388671875,0,256
001_ABC,68802,167849,0.9715728759765624,135.35126587375998,37.63764953613281,0,256
001_ABC,68802,168105,0.997650146484375,111.97751725441776,52.60498555501302,0,256
001_ABC,68802,168361,0.8928985595703125,120.9849935004022,32.3367919921875,0,256
001_ABC,68802,168617,0.8763580322265625,111.44230867712758,28.16761779785156,0,256
001_ABC,68802,168873,0.8528594970703125,122.20791785954498,27.407999674479168,0,256
001_ABC,69058,164777,0.9722442626953124,111.03675654693508,35.03479512532552,0,256
001_ABC,69058,165033,0.9460601806640624,113.40284211095424,25.93260701497396,0,256
001_ABC,69058,165289,0.9752349853515624,123.10302472766487,30.209762573242188,0,256
001_ABC,69058,165545,0.9435882568359376,124.28768793400376,26.807749430338543,0,256
001_ABC,69058,165801,0.9540252685546876,128.58100429712795,27.593907674153645,0,256
001_ABC,69058,166057,0.8816375732421875,109.01497352775186,26.401697794596355,0,256
001_ABC,69058,166313,0.8553314208984375,116.8512028863188,31.206207275390625,0,256
001_ABC,69058,166569,0.9530029296875,125.7270985506475,24.6116943359375,0,256
001_ABC,69058,166825,0.9786224365234376,127.25651670899242,35.04053751627604,0,256
001_ABC,69058,167081,0.97528076171875,130.4518421208486,27.725392659505207,0,256
001_ABC,69058,167337,0.90814208984375,132.4160812040791,26.774337768554688,0,256
001_ABC,69058,167593,0.75128173828125,104.54246420576236,20.924479166666668,0,256
001_ABC,69058,167849,0.8742828369140625,146.28046947624534,22.20135498046875,0,256
001_ABC,69058,168105,0.93011474609375,120.80911421775818,33.714864095052086,0,256
001_ABC,69058,168361,0.8353271484375,79.4621559670195,45.89205423990885,0,256
001_ABC,69058,168617,0.721099853515625,97.98243566974998,22.81649780273437,0,256
001_ABC,69058,168873,0.6226654052734375,80.54703739634715,29.76775614420573,0,256
001_ABC,69314,164521,0.888031005859375,72.76739607355557,33.37061055501302,0,256
001_ABC,69314,164777,0.9468536376953124,80.30717467679642,36.11744181315104,0,256
001_ABC,69314,165033,0.9667205810546876,89.3401485895738,24.80394490559896,0,256
001_ABC,69314,165289,0.919708251953125,73.66176479682326,23.29110717773437,0,256
001_ABC,69314,165545,0.9626312255859376,88.86672438844107,27.239761352539062,0,256
001_ABC,69314,165801,0.9323577880859376,91.53237195103428,26.912633260091145,0,256
001_ABC,69314,166057,0.8569488525390625,83.0251693574246,30.043039957682293,0,256
001_ABC,69314,166313,0.5925445556640625,68.02947833761573,29.861826578776043,0,256
001_ABC,69314,166569,0.981201171875,79.13937221374363,29.389801025390625,0,256
001_ABC,69314,166825,0.9150238037109376,70.11007725982927,29.18407694498698,0,256
001_ABC,69314,167081,0.967498779296875,69.94471953413449,28.899312337239586,0,256
001_ABC,69314,167337,0.942718505859375,61.05822127684951,26.90707397460937,0,256
001_ABC,69314,167593,0.915252685546875,65.54274394735694,28.368189493815105,0,256
001_ABC,69314,167849,0.7964324951171875,73.52177121280693,25.489466349283852,0,256
001_ABC,69314,168105,0.90185546875,74.09667962789536,29.574859619140625,0,256
001_ABC,69314,168361,0.7896728515625,78.00786672532558,24.16741434733073,0,256
001_ABC,69314,168617,0.713287353515625,69.30489213182591,23.09091186523437,0,256
001_ABC,69570,164521,0.74774169921875,78.29898323840462,27.063832600911457,0,256
001_ABC,69570,164777,0.8858184814453125,88.83322932943702,33.14791361490885,0,256
001_ABC,69570,165033,0.973175048828125,79.27639701939188,33.112325032552086,0,256
001_ABC,69570,165289,0.950286865234375,82.07724997564219,28.801513671875,0,256
001_ABC,69570,165545,0.93109130859375,82.228485933505,25.647226969401043,0,256
001_ABC,69570,165801,0.9175567626953124,79.87786552659236,31.905131022135414,0,256
001_ABC,69570,166057,0.82269287109375,78.935711534461,30.315460205078125,0,256
001_ABC,69570,166313,0.578399658203125,73.3371775241103,27.393473307291668,0,256
001_ABC,69570,166569,0.7618865966796875,77.48486986733042,24.671284993489586,0,256
001_ABC,69570,166825,0.925048828125,74.10901893838309,27.94983418782552,0,256
001_ABC,69570,167081,0.914093017578125,70.1045239882078,26.134241739908852,0,256
001_ABC,69570,167337,0.9652099609375,80.70448768790811,28.50572204589844,0,256
001_ABC,69570,167593,0.9499969482421876,73.55593657121062,29.418665568033852,0,256
001_ABC,69570,167849,0.905120849609375,77.74575405474752,31.421793619791668,0,256
001_ABC,69570,168105,0.8033599853515625,75.99164429842494,27.521509806315105,0,256
001_ABC,69570,168361,0.7476959228515625,82.36309125646949,22.40338643391927,0,256
001_ABC,69570,168617,0.7256317138671875,74.90649406518787,26.795125325520832,0,256
001_ABC,69826,164777,0.8643646240234375,100.99394249892794,30.62006123860677,0,256
001_ABC,69826,165033,0.926300048828125,81.7757356017828,40.25554911295573,0,256
001_ABC,69826,165289,0.9595947265625,92.43498960114084,31.27492268880208,0,256
001_ABC,69826,165545,0.883392333984375,78.8431549014058,35.3869883219401,0,256
001_ABC,69826,165801,0.8633880615234375,87.77949689677916,29.99701436360677,0,256
001_ABC,69826,166057,0.952484130859375,106.2727163413074,28.569971720377605,0,256
001_ABC,69826,166313,0.9649200439453124,98.08382757357322,33.36978658040365,0,256
001_ABC,69826,166569,0.8210601806640625,97.89137807115912,24.407012939453125,0,256
001_ABC,69826,166825,0.5673980712890625,74.77709478139877,19.226587931315105,0,256
001_ABC,69826,167081,0.671783447265625,77.2742914557457,19.373926798502605,0,256
001_ABC,69826,167337,0.9600372314453124,86.79550423822366,25.403101603190105,0,256
001_ABC,69826,167593,0.948883056640625,95.27456569671632,31.168121337890625,0,256
001_ABC,69826,167849,0.948150634765625,96.49666538462044,27.088175455729168,0,256
001_ABC,69826,168105,0.887969970703125,88.61848183139227,30.89193725585937,0,256
001_ABC,69826,168361,0.6478271484375,80.84743112861179,21.20343526204427,0,256
001_ABC,70082,164777,0.915557861328125,97.16291450615972,40.74922688802084,0,256
001_ABC,70082,165033,0.8875274658203125,100.10972434817812,31.01898193359375,0,256
001_ABC,70082,165289,0.963409423828125,96.07017364143394,29.831837972005207,0,256
001_ABC,70082,165545,0.96099853515625,106.48141841497272,30.985020955403645,0,256
001_ABC,70082,165801,0.8275299072265625,105.74557667016052,34.42228698730469,0,256
001_ABC,70082,166057,0.9377288818359376,121.06087933084927,35.75361124674479,0,256
001_ABC,70082,166313,0.9850616455078124,117.50076207146049,25.754892985026043,0,256
001_ABC,70082,166569,0.9487152099609376,100.8948974525556,32.768839518229164,0,256
001_ABC,70082,166825,0.9747314453125,98.82645392417908,27.73327128092448,0,256
001_ABC,70082,167081,0.60809326171875,73.72862476110458,18.761276245117188,0,256
001_ABC,70082,167337,0.4683685302734375,73.05525176390074,16.04534403483073,0,256
001_ABC,70082,167593,0.82489013671875,82.20700061297975,22.04889424641927,0,256
001_ABC,70082,167849,0.87908935546875,98.36374564375728,23.825205485026043,0,256
001_ABC,70082,168105,0.741973876953125,94.67915975674988,25.96221923828125,0,256
001_ABC,70082,168361,0.33123779296875,73.38461432023905,13.636550903320312,0,256
001_ABC,70338,164777,0.9775543212890624,105.63326764758676,39.1973622639974,0,256
001_ABC,70338,165033,0.8712615966796875,97.85782568878494,36.95116678873698,0,256
001_ABC,70338,165289,0.892303466796875,110.13773767999372,29.831085205078125,0,256
001_ABC,70338,165545,0.9121856689453124,101.77451868331993,30.308176676432293,0,256
001_ABC,70338,165801,0.9467315673828124,129.7135524430778,30.269800821940105,0,256
001_ABC,70338,166057,0.9546661376953124,130.76485393941402,28.185562133789062,0,256
001_ABC,70338,166313,0.8987274169921875,113.29049908346497,31.31811014811198,0,256
001_ABC,70338,166569,0.981597900390625,91.3580903923139,39.29260762532552,0,256
001_ABC,70338,166825,0.987060546875,85.2355736931786,35.53731791178385,0,256
001_ABC,70338,167081,0.958221435546875,89.48962139710784,24.437113444010414,0,256
001_ABC,70338,167337,0.904815673828125,84.72091093566269,22.66045633951823,0,256
001_ABC,70338,167593,0.9600677490234376,82.95477808173746,25.647755940755207,0,256
001_ABC,70338,167849,0.9652252197265624,94.62849014415406,27.43762715657552,0,256
001_ABC,70338,168105,0.426971435546875,76.14291313267313,15.977132161458334,0,256
001_ABC,70594,164777,0.9276275634765624,114.69862341857517,35.336151123046875,0,256
001_ABC,70594,165033,0.810760498046875,129.9844861291349,31.50079854329427,0,256
001_ABC,70594,165289,0.9046630859375,147.73871543910354,33.80009969075521,0,256
001_ABC,70594,165545,0.94573974609375,106.96958433813415,29.090866088867188,0,256
001_ABC,70594,165801,0.98883056640625,124.45231352746488,36.95279439290365,0,256
001_ABC,70594,166057,0.98638916015625,124.4327055355534,35.58203125,0,256
001_ABC,70594,166313,0.9076995849609376,99.38049885234796,36.17466227213541,0,256
001_ABC,70594,166569,0.9354400634765624,82.00402643438429,49.19258626302084,0,256
001_ABC,70594,166825,0.9828643798828124,103.02945283707233,35.745208740234375,0,256
001_ABC,70594,167081,0.9801788330078124,87.14342630258761,24.30598958333333,0,256
001_ABC,70594,167337,0.9452056884765624,96.73626709892416,24.896448771158852,0,256
001_ABC,70594,167593,0.974395751953125,88.88436888810247,36.81808471679688,0,256
001_ABC,70594,167849,0.9438629150390624,92.518677434884,28.348052978515625,0,256
001_ABC,70594,168105,0.8605804443359375,98.64996203407644,27.11166381835937,0,256
001_ABC,70850,164777,0.4596099853515625,100.20835759094916,18.38385009765625,0,256
001_ABC,70850,165033,0.94696044921875,162.4307292138692,33.07097371419271,0,256
001_ABC,70850,165289,0.9566650390625,162.44427293166518,24.20428466796875,0,256
001_ABC,70850,165545,0.9806060791015624,157.55929862870835,36.42829386393229,0,256
001_ABC,70850,165801,0.9597625732421876,128.93983543827198,38.71660359700521,0,256
001_ABC,70850,166057,0.9521942138671876,119.631781531265,29.664418538411457,0,256
001_ABC,70850,166313,0.9176025390625,120.7001177361235,39.1911366780599,0,256
001_ABC,70850,166569,0.9904937744140624,134.95836336072534,40.58295186360677,0,256
001_ABC,70850,166825,0.9876251220703124,115.74961364921182,26.895212809244796,0,256
001_ABC,70850,167081,0.973724365234375,111.05567313521168,25.6014404296875,0,256
001_ABC,70850,167337,0.9792633056640624,100.16037553711794,26.47113037109375,0,256
001_ABC,70850,167593,0.9860076904296876,97.14710306352936,28.53670247395833,0,256
001_ABC,70850,167849,0.97760009765625,111.60100971814244,26.75082397460937,0,256
001_ABC,70850,168105,0.9609832763671876,117.89914487837814,28.093836466471355,0,256
001_ABC,71106,165289,0.9144287109375,116.72862105607057,27.51730855305989,0,256
001_ABC,71106,165545,0.9781951904296876,120.13021811004728,25.282750447591145,0,256
001_ABC,71106,165801,0.983795166015625,116.33352358546108,29.076502482096355,0,256
001_ABC,71106,166057,0.9920806884765624,114.05569343920796,26.2886962890625,0,256
001_ABC,71106,166313,0.993896484375,134.3017218671739,29.162826538085938,0,256
001_ABC,71106,166569,0.9843902587890624,142.99475084245205,28.98936462402344,0,256
001_ABC,71106,166825,0.976165771484375,153.5096725821495,26.925913492838543,0,256
001_ABC,71106,167081,0.9680938720703124,124.3184118696954,23.70521545410156,0,256
001_ABC,71106,167337,0.979217529296875,90.39883401896805,26.031402587890625,0,256
001_ABC,71106,167593,0.95379638671875,85.37223670608364,25.611892700195312,0,256
001_ABC,71106,167849,0.8883514404296875,110.0142599195242,22.728057861328125,0,256
001_ABC,71106,168105,0.90069580078125,112.20934909582138,23.290842692057293,0,256
001_ABC,71362,165545,0.868438720703125,68.96551763056777,24.324671427408852,0,256
001_ABC,71362,165801,0.877777099609375,67.75501205679029,21.0665283203125,0,256
001_ABC,71362,166057,0.87811279296875,72.67069496377371,23.899058024088543,0,256
001_ABC,71362,166313,0.801513671875,80.10124837979674,25.12054443359375,0,256
001_ABC,71362,166569,0.860992431640625,88.38948331680149,26.485036214192707,0,256
001_ABC,71362,166825,0.9369964599609376,78.27967358357273,22.05759684244792,0,256
001_ABC,71362,167081,0.920318603515625,76.5609660660848,21.936075846354168,0,256
001_ABC,71362,167337,0.910247802734375,74.00988430692814,23.154439290364586,0,256
001_ABC,71362,167593,0.800567626953125,70.37622880539857,20.612162272135414,0,256
001_ABC,71362,167849,0.8073272705078125,72.2844380417373,25.656260172526043,0,256
001_ABC,71362,168105,0.9744720458984376,62.44270268804394,37.67070515950521,0,256
001_ABC,71362,168361,0.7146148681640625,69.99323324020952,20.20562744140625,0,256
001_ABC,71618,166313,0.9767608642578124,75.93790020025335,28.04225667317708,0,256
001_ABC,71618,166569,0.96112060546875,86.22318958397955,25.051284790039062,0,256
001_ABC,71618,166825,0.932159423828125,78.82878385391086,22.31041971842448,0,256
001_ABC,71618,167081,0.8404541015625,75.74770357995294,20.325469970703125,0,256
001_ABC,71618,167337,0.6715850830078125,70.56313801906072,20.168248494466145,0,256
001_ABC,71618,167593,0.818939208984375,72.10468924581073,19.970789591471355,0,256
001_ABC,71618,167849,0.9608917236328124,79.27502500428818,30.387410481770832,0,256
001_ABC,71618,168105,0.9823150634765624,57.77899169828743,46.52826436360677,0,256
001_ABC,71618,168361,0.6491241455078125,65.12559760268778,17.728490193684895,0,256
001_ABC,71874,166569,0.6007843017578125,79.3147679658141,20.523234049479168,0,256
001_ABC,71874,166825,0.42437744140625,75.43323527276516,16.040420532226562,0,256
001_ABC,71874,167081,0.6560211181640625,76.63207100238651,29.605173746744796,0,256
001_ABC,71874,167337,0.7093505859375,87.23921508691274,22.317311604817707,0,256
001_ABC,71874,167593,0.9218597412109376,87.95202642586082,23.47539774576823,0,256
001_ABC,71874,167849,0.97296142578125,82.53295040130615,24.286529541015625,0,256
001_ABC,71874,168105,0.9561767578125,88.37199198827147,28.763875325520832,0,256
001_ABC,71874,168361,0.937469482421875,83.31692346720956,24.724644978841145,0,256
001_ABC,72130,166825,0.3900909423828125,59.956091224215925,15.813400268554688,0,256
001_ABC,72130,167081,0.8189239501953125,85.37715064710937,23.32886250813802,0,256
001_ABC,72130,167337,0.9745330810546876,88.83446834981441,26.381591796875,0,256
001_ABC,72130,167593,0.945098876953125,92.88813376426695,22.964279174804688,0,256
001_ABC,72130,167849,0.96502685546875,102.10447330004536,26.28680928548177,0,256
001_ABC,72130,168105,0.9279632568359376,97.15208841278218,25.03790283203125,0,256
001_ABC,72130,168361,0.967193603515625,91.6484204493463,26.29388936360677,0,256
001_ABC,72130,168617,0.761505126953125,76.35864615440369,21.405965169270832,0,256
001_ABC,72386,166825,0.813140869140625,99.94717932399362,20.850011189778645,0,256
001_ABC,72386,167081,0.989532470703125,103.41908262274228,30.906280517578125,0,256
001_ABC,72386,167337,0.88714599609375,98.21347235143185,28.226511637369796,0,256
001_ABC,72386,167593,0.9778594970703124,109.44336904003283,31.80441792805989,0,256
001_ABC,72386,167849,0.991943359375,101.03459876775742,28.401626586914062,0,256
001_ABC,72386,168105,0.973358154296875,109.07870933017692,29.550181070963543,0,256
001_ABC,72386,168361,0.976959228515625,101.70269383466804,29.84552001953125,0,256
001_ABC,72386,168617,0.729095458984375,82.93206393881701,23.516698201497395,0,256
001_ABC,72642,166825,0.9300384521484376,113.64433601126076,25.68713887532552,0,256
001_ABC,72642,167081,0.9704132080078124,119.01334232091904,28.307169596354168,0,256
001_ABC,72642,167337,0.93121337890625,105.83167470409536,23.976735432942707,0,256
001_ABC,72642,167593,0.955596923828125,113.0149907169398,27.30000305175781,0,256
001_ABC,72642,167849,0.9605712890625,125.33426509588026,26.09247334798177,0,256
001_ABC,72642,168105,0.9413909912109376,119.16821380308828,27.400309244791668,0,256
001_ABC,72642,168361,0.9857025146484376,106.31859851418994,33.9107411702474,0,256
001_ABC,72642,168617,0.8084259033203125,99.30647375411354,35.239176432291664,0,256
001_ABC,72898,164265,0.9548187255859376,138.68118663784117,30.11095682779948,0,256
001_ABC,72898,166825,0.9100494384765624,122.93414397141896,26.23983764648437,0,256
001_ABC,72898,167081,0.953033447265625,136.1671529179439,28.618865966796875,0,256
001_ABC,72898,167337,0.91571044921875,124.11428052093834,27.251988728841145,0,256
001_ABC,72898,167593,0.8412933349609375,114.003040692769,30.973215738932293,0,256
001_ABC,72898,167849,0.8982696533203125,135.6125008610543,23.549245198567707,0,256
001_ABC,72898,168105,0.9028167724609376,130.091554047307,25.18848164876302,0,256
001_ABC,72898,168361,0.95556640625,105.09528438653795,41.86490885416666,0,256
001_ABC,72898,168617,0.7779998779296875,94.30294277425855,27.99835713704427,0,256
001_ABC,73154,164009,0.7786102294921875,106.30870426795444,27.737091064453125,0,256
001_ABC,73154,164265,0.860595703125,105.10277584102003,46.07054138183594,0,256
001_ABC,73154,164521,0.7876129150390625,77.91472046053968,41.454427083333336,0,256
001_ABC,73154,166825,0.9373626708984376,100.85935460031033,35.33765665690104,0,256
001_ABC,73154,167081,0.9047698974609376,116.23167939390989,23.31492106119792,0,256
001_ABC,73154,167337,0.938446044921875,101.18377618398516,25.21872965494792,0,256
001_ABC,73154,167593,0.9185943603515624,111.30817889398897,23.37249247233073,0,256
001_ABC,73154,167849,0.921417236328125,114.45579728111623,25.069615681966145,0,256
001_ABC,73154,168105,0.9264068603515624,119.79346409416758,28.27123006184896,0,256
001_ABC,73154,168361,0.9736175537109376,96.62908819294536,37.64860534667969,0,256
001_ABC,73154,168617,0.420623779296875,83.41644486691803,15.040695190429688,0,256
001_ABC,73410,160681,0.6611480712890625,71.81114697619341,27.91650390625,0,256
001_ABC,73410,160937,0.9296417236328124,89.18359512090683,39.53336079915365,0,256
001_ABC,73410,161193,0.92486572265625,76.51309176906943,46.92076110839844,0,256
001_ABC,73410,161449,0.9026947021484376,78.58943315967917,39.47236124674479,0,256
001_ABC,73410,161705,0.722442626953125,81.58741629286669,24.944864908854168,0,256
001_ABC,73410,161961,0.6276702880859375,76.81786903645843,20.630406697591145,0,256
001_ABC,73410,162217,0.8826751708984375,83.25765663548373,28.809397379557293,0,256
001_ABC,73410,162473,0.950775146484375,79.45428294595331,26.31708272298177,0,256
001_ABC,73410,162729,0.867523193359375,79.52109447470866,22.52904256184896,0,256
001_ABC,73410,162985,0.8944244384765625,86.82776439539157,22.889979044596355,0,256
001_ABC,73410,163241,0.8234710693359375,71.63896956667304,24.060028076171875,0,256
001_ABC,73410,163497,0.8199615478515625,73.37788530811667,19.58434549967448,0,256
001_ABC,73410,163753,0.8711700439453125,80.63665060605854,22.85566711425781,0,256
001_ABC,73410,164009,0.805084228515625,61.35530989989638,30.6243896484375,0,256
001_ABC,73410,164265,0.493896484375,59.75644355639815,23.354400634765625,0,256
001_ABC,73410,164521,0.47186279296875,58.039047138532624,23.44762674967448,0,256
001_ABC,73410,164777,0.4106903076171875,60.10740580572747,15.273544311523438,0,256
001_ABC,73410,166825,0.9652557373046876,81.67530654533766,25.91539001464844,0,256
001_ABC,73410,167081,0.955474853515625,69.35908231674694,32.173604329427086,0,256
001_ABC,73410,167337,0.973968505859375,70.06370287295431,27.988510131835938,0,256
001_ABC,73410,167593,0.91650390625,72.60765841393732,23.49227905273437,0,256
001_ABC,73410,167849,0.9809417724609376,91.54216352454388,29.847330729166668,0,256
001_ABC,73410,168105,0.9947052001953124,78.58019179012626,26.85921223958333,0,256
001_ABC,73410,168361,0.9184112548828124,102.3383334928658,28.351287841796875,0,256
001_ABC,73666,160169,0.8785247802734375,69.777075154474,28.206268310546875,0,256
001_ABC,73666,160425,0.99981689453125,72.65018660482019,42.81118774414063,0,256
001_ABC,73666,160681,0.9706268310546876,70.206482633017,43.2820078531901,0,256
001_ABC,73666,160937,0.8830718994140625,63.08466815180145,55.95535786946615,0,256
001_ABC,73666,161193,0.9224090576171876,68.57439155783504,51.826578776041664,0,256
001_ABC,73666,161449,0.9912567138671876,83.17855592421256,48.9950205485026,0,256
001_ABC,73666,161705,0.9971923828125,97.88109270273708,34.54083760579427,0,256
001_ABC,73666,161961,0.9505615234375,93.64741894509643,32.75343322753906,0,256
001_ABC,73666,162217,0.775726318359375,74.39746045973152,21.330530802408852,0,256
001_ABC,73666,162473,0.95391845703125,87.29192394018173,26.319361368815105,0,256
001_ABC,73666,162729,0.955657958984375,85.1151379942894,23.508931477864586,0,256
001_ABC,73666,162985,0.9491424560546876,89.68603379931301,23.162806193033852,0,256
001_ABC,73666,163241,0.9146270751953124,79.614513769513,23.506276448567707,0,256
001_ABC,73666,163497,0.9460296630859376,75.70503631955944,22.98743184407552,0,256
001_ABC,73666,163753,0.9569244384765624,81.08520267903805,24.07274881998698,0,256
001_ABC,73666,164009,0.6390533447265625,69.56972511461936,22.102956136067707,0,256
001_ABC,73666,164265,0.85040283203125,78.7363414557185,21.577992757161457,0,256
001_ABC,73666,164521,0.91986083984375,74.49812318920158,25.695658365885414,0,256
001_ABC,73666,164777,0.487701416015625,55.58440154790878,28.342142740885414,0,256
001_ABC,73666,166825,0.9914703369140624,84.2635484652128,36.49917602539063,0,256
001_ABC,73666,167081,0.9521942138671876,96.45636282861231,24.42390950520833,0,256
001_ABC,73666,167337,0.9552154541015624,89.97393703460693,24.517679850260414,0,256
001_ABC,73666,167593,0.957672119140625,86.43483691569418,26.283727010091145,0,256
001_ABC,73666,167849,0.93133544921875,84.45523755601607,45.51249694824219,0,256
001_ABC,73666,168105,0.8696441650390625,96.06619353196584,28.025034586588543,0,256
001_ABC,73922,159913,0.9352569580078124,79.98165005072951,29.697657267252605,0,256
001_ABC,73922,160169,0.9648895263671876,95.85664366534913,38.45086669921875,0,256
001_ABC,73922,160425,0.8459014892578125,88.35124156414531,34.275848388671875,0,256
001_ABC,73922,160681,0.4236907958984375,64.18259670957923,20.452245076497395,0,256
001_ABC,73922,160937,0.6649932861328125,80.61702946480364,32.92333984375,0,256
001_ABC,73922,161193,0.967376708984375,96.62174429907463,34.67425028483073,0,256
001_ABC,73922,161449,0.9247589111328124,116.50933730229735,33.4883778889974,0,256
001_ABC,73922,161705,0.9816131591796876,102.63804802834056,32.908223470052086,0,256
001_ABC,73922,161961,0.9884490966796876,87.13509926851839,37.75816853841146,0,256
001_ABC,73922,162217,0.95196533203125,94.8514392671641,28.776880900065105,0,256
001_ABC,73922,162473,0.94549560546875,107.18434844911098,27.37682596842448,0,256
001_ABC,73922,162729,0.97833251953125,111.65649646148086,33.90243021647135,0,256
001_ABC,73922,162985,0.9915618896484376,89.1102232253179,29.5086669921875,0,256
001_ABC,73922,163241,0.984649658203125,93.26845414354466,27.999959309895832,0,256
001_ABC,73922,163497,0.990020751953125,90.81917597260326,28.566650390625,0,256
001_ABC,73922,163753,0.99066162109375,103.75665923743507,27.301528930664062,0,256
001_ABC,73922,164009,0.9051513671875,90.52831074385904,33.167948404947914,0,256
001_ABC,73922,164265,0.5836029052734375,83.7029858790338,18.400299072265625,0,256
001_ABC,73922,164521,0.528106689453125,73.96381754032336,20.27327473958333,0,256
001_ABC,73922,164777,0.8702850341796875,80.47278590663336,33.131754557291664,0,256
001_ABC,73922,165033,0.7550201416015625,73.26139564975165,30.41441345214844,0,256
001_ABC,73922,166569,0.937957763671875,92.06472334917636,31.784947713216145,0,256
001_ABC,73922,166825,0.9168701171875,79.76554562686943,45.78694152832031,0,256
001_ABC,73922,167081,0.9752349853515624,95.56415644194932,29.84161376953125,0,256
001_ABC,73922,167337,0.936920166015625,98.89178079366684,30.877848307291668,0,256
001_ABC,73922,167593,0.8331451416015625,83.83693816419691,35.93036397298177,0,256
001_ABC,73922,167849,0.831573486328125,96.84955301508307,28.462437947591145,0,256
001_ABC,73922,168105,0.14459228515625,60.83151654317044,9.75195821126302,0,256
001_ABC,74178,159657,0.9985198974609376,78.42414784338325,35.280354817708336,0,256
001_ABC,74178,159913,0.847442626953125,97.00597820337862,36.111246744791664,0,256
001_ABC,74178,160169,0.2270660400390625,66.58459075912833,11.327906290690104,0,256
001_ABC,74178,161961,0.5024871826171875,75.48124259500764,22.29955037434896,0,256
001_ABC,74178,162217,0.6734161376953125,94.4643825998064,20.10530598958333,0,256
001_ABC,74178,162473,0.8367919921875,120.06753256823868,28.64549763997396,0,256
001_ABC,74178,162729,0.9057769775390624,140.68671957752667,27.61730448404948,0,256
001_ABC,74178,162985,0.9856109619140624,148.05491004884243,34.19536844889323,0,256
001_ABC,74178,163241,0.9369964599609376,75.99553579092026,32.57586161295573,0,256
001_ABC,74178,163497,0.9718780517578124,69.08749268949032,33.59214782714844,0,256
001_ABC,74178,163753,0.98687744140625,96.20611044368708,23.773712158203125,0,256
001_ABC,74178,164009,0.9632110595703124,101.54720296617596,29.363204956054688,0,256
001_ABC,74178,164265,0.93994140625,107.8401255251374,25.48511250813802,0,256
001_ABC,74178,164521,0.8402099609375,97.43164454307409,24.640004475911457,0,256
001_ABC,74178,164777,0.83514404296875,95.75778063759208,34.61908467610677,0,256
001_ABC,74178,165033,0.841339111328125,84.23838609457016,31.092381795247395,0,256
001_ABC,74178,166569,0.7173919677734375,89.70268010511063,22.30504862467448,0,256
001_ABC,74178,166825,0.9279327392578124,76.53572934865952,41.8340810139974,0,256
001_ABC,74178,167081,0.8562774658203125,62.77272413577885,56.44374084472656,0,256
001_ABC,74178,167337,0.9793548583984376,75.11728509119712,42.106536865234375,0,256
001_ABC,74178,167593,0.7560882568359375,86.82311897631735,21.731882731119796,0,256
001_ABC,74434,159401,0.9528656005859376,70.967169909738,29.80237325032552,0,256
001_ABC,74434,159657,0.9510498046875,79.47799718356691,28.43726094563802,0,256
001_ABC,74434,159913,0.3351593017578125,71.56931596412323,13.407394409179688,0,256
001_ABC,74434,162985,0.2914581298828125,81.9196629486978,12.881439208984377,0,256
001_ABC,74434,163241,0.628692626953125,79.47362887766212,23.92637634277344,0,256
001_ABC,74434,163497,0.9377288818359376,103.10561067517848,31.081329345703125,0,256
001_ABC,74434,163753,0.9189300537109376,112.60202860063872,29.06451924641927,0,256
001_ABC,74434,164009,0.9810333251953124,138.66849048412405,28.02661641438802,0,256
001_ABC,74434,164265,0.957122802734375,112.60496919974683,26.46613057454427,0,256
001_ABC,74434,164521,0.9880523681640624,93.72383859171532,35.86673482259115,0,256
001_ABC,74434,164777,0.9700775146484376,90.1153918793425,40.28955078125,0,256
001_ABC,74434,165033,0.8493194580078125,78.149680465227,24.96478271484375,0,256
001_ABC,74434,165289,0.6148681640625,67.12683838512748,25.932662963867188,0,256
001_ABC,74434,165545,0.67706298828125,71.38630131981336,21.10778299967448,0,256
001_ABC,74434,165801,0.4642791748046875,66.14057920477353,18.29769897460937,0,256
001_ABC,74434,166057,0.834625244140625,67.46459555253386,27.341471354166668,0,256
001_ABC,74434,166313,0.833221435546875,66.32509982492775,34.33069356282552,0,256
001_ABC,74434,166569,0.83349609375,73.13313594087958,28.19153340657552,0,256
001_ABC,74434,166825,0.6632232666015625,77.73922471678816,20.37069702148437,0,256
001_ABC,74434,167081,0.7107391357421875,91.78129066689873,24.19892883300781,0,256
001_ABC,74434,167337,0.502410888671875,85.20787629834376,17.728688557942707,0,256
001_ABC,74690,159401,0.9595947265625,83.63785611093044,31.24395243326823,0,256
001_ABC,74690,159657,0.9562835693359376,117.3119277274236,26.901026407877605,0,256
001_ABC,74690,159913,0.5246429443359375,87.63729511853307,20.84441630045573,0,256
001_ABC,74690,163497,0.4434661865234375,103.78470982518049,16.484629313151043,0,256
001_ABC,74690,163753,0.8616790771484375,128.99159462656826,34.28845723470052,0,256
001_ABC,74690,164009,0.9432373046875,137.92663747793995,40.735107421875,0,256
001_ABC,74690,164265,0.9072723388671876,87.04293599631637,31.700998942057293,0,256
001_ABC,74690,164521,0.978363037109375,100.51772653963415,48.04107157389323,0,256
001_ABC,74690,164777,0.93865966796875,67.87318384996615,44.85389200846354,0,256
001_ABC,74690,165033,0.5915374755859375,61.79039946547709,21.40045674641927,0,256
001_ABC,74690,165289,0.5951385498046875,58.83246784820221,19.13671875,0,256
001_ABC,74946,159401,0.9065093994140624,104.70336194126868,24.838770548502605,0,256
001_ABC,74946,159657,0.930450439453125,123.95751321665011,23.73350524902344,0,256
001_ABC,74946,159913,0.3843231201171875,88.66266320063733,14.674789428710938,0,256
001_ABC,74946,164521,0.3170013427734375,84.40203839167953,13.360819498697916,0,256
001_ABC,74946,164777,0.1669769287109375,69.81541064288467,11.080958048502604,0,256
001_ABC,75202,159401,0.925689697265625,102.06422484642826,23.327845255533852,0,256
001_ABC,75202,159657,0.5027618408203125,89.14809460728429,15.672449747721354,0,256
001_ABC,75202,159913,0.0,40.67513343109749,5.903706868489583,0,256
001_ABC,75458,159401,0.9608917236328124,57.09658783301711,23.756622314453125,0,256
001_ABC,75458,159657,0.3031463623046875,51.40044784545898,12.04224650065104,0,256
001_ABC,75458,159913,0.0,39.20485331839882,6.0799204508463545,0,256
001_ABC,75714,159401,0.955718994140625,68.55278199911118,25.531967163085938,0,256
001_ABC,75714,159657,0.9095306396484376,69.9959705171641,22.11779276529948,0,256
001_ABC,75714,159913,0.172698974609375,50.575496673583984,9.582784016927084,0,256
001_ABC,75970,159401,0.94964599609375,67.76868575811386,25.727701822916668,0,256
001_ABC,75970,159657,0.9247283935546876,65.76158206816763,27.602121988932293,0,256
001_ABC,75970,159913,0.5616455078125,67.34527204930782,17.207499186197918,0,256
001_ABC,76226,159401,0.8187713623046875,61.74440503283404,25.49631245930989,0,256
001_ABC,76226,159657,0.981109619140625,58.704269263660535,34.493876139322914,0,256
001_ABC,76226,159913,0.6277618408203125,69.85068353172392,19.939254760742188,0,256
001_ABC,76482,159657,0.66424560546875,82.84508522204123,20.797129313151043,0,256
001_ABC,76482,159913,0.150665283203125,59.96214213385247,10.1177978515625,0,256
001_ABC,15488,152231,0.901885986328125,131.14431655034423,46.18798828125,0,256
001_ABC,15488,152487,0.96221923828125,87.6721135599073,39.0585683186849,0,256
001_ABC,15488,152743,0.2142181396484375,59.30189499608241,15.3470458984375,0,256
001_ABC,15744,151975,0.5357818603515625,90.54971220716834,24.108754475911457,0,256
001_ABC,15744,152231,1.0,104.69900131225586,39.71209716796875,0,256
001_ABC,15744,152487,1.0,92.1847520917654,43.21092732747396,0,256
001_ABC,15744,152743,0.976318359375,102.36851351498626,40.94306945800781,0,256
001_ABC,15744,152999,0.4481658935546875,81.71729910909198,21.535934448242188,0,256
001_ABC,16000,151975,0.9655914306640624,120.52742775133812,38.04173278808594,0,256
001_ABC,16000,152231,1.0,107.56680550402962,39.71276346842448,0,256
001_ABC,16000,152487,1.0,116.9495195141062,40.34930928548177,0,256
001_ABC,16000,152743,1.0,119.49440163001418,40.305755615234375,0,256
001_ABC,16000,152999,1.0,136.16188528761268,39.72099812825521,0,256
001_ABC,16000,153255,0.9933624267578124,113.18470067437738,36.759063720703125,0,256
001_ABC,16000,153511,0.6308441162109375,90.98979924619198,25.18396504720052,0,256
001_ABC,16256,151975,0.9801025390625,81.59878096636385,33.58172607421875,0,256
001_ABC,16256,152231,0.897552490234375,76.82432034239173,29.246246337890625,0,256
001_ABC,16256,152487,0.9603118896484376,80.75689116469584,29.39646402994792,0,256
001_ABC,16256,152743,0.999908447265625,82.2654286287725,32.00074768066406,0,256
001_ABC,16256,152999,0.9911041259765624,97.0496333183255,35.629241943359375,0,256
001_ABC,16256,153255,0.8812255859375,85.58688526391052,34.71085103352865,0,256
001_ABC,16256,153511,0.60784912109375,67.03161381185055,21.862823486328125,0,256
001_ABC,16256,153767,0.6262054443359375,66.02410362660885,20.36458333333333,0,256
001_ABC,16512,151719,0.70013427734375,58.567405238514766,25.261215209960938,0,256
001_ABC,16512,151975,0.89068603515625,73.43525168462656,31.985885620117188,0,256
001_ABC,16512,152231,0.9453125,91.9079067967832,31.591588338216145,0,256
001_ABC,16512,152487,0.96484375,72.1873482351657,29.796839396158852,0,256
001_ABC,16512,152743,0.992095947265625,67.53798580169678,31.149180094401043,0,256
001_ABC,16512,152999,0.99749755859375,66.94965107901953,33.95982360839844,0,256
001_ABC,16512,153255,0.9997100830078124,65.5868955468759,32.18004353841146,0,256
001_ABC,16512,153511,0.9217987060546876,58.65610195603222,27.3585205078125,0,256
001_ABC,16512,153767,0.5987396240234375,50.31644023931585,17.05676778157552,0,256
001_ABC,16768,151719,0.9821014404296876,86.4379050200805,33.75683085123698,0,256
001_ABC,16768,151975,0.963714599609375,89.20628788229078,30.568038940429688,0,256
001_ABC,16768,152231,0.9514923095703124,84.98905532970093,29.367396036783852,0,256
001_ABC,16768,152487,0.94769287109375,73.43607225990854,29.13390604654948,0,256
001_ABC,16768,152743,0.881103515625,79.6327581552323,33.604390462239586,0,256
001_ABC,16768,152999,0.971893310546875,79.27900003618561,32.053873697916664,0,256
001_ABC,16768,153255,0.970123291015625,66.68981552124023,29.57140604654948,0,256
001_ABC,16768,153511,0.9990692138671876,69.06492327153683,28.289352416992188,0,256
001_ABC,16768,153767,0.9908294677734376,69.81249213870615,28.28500366210937,0,256
001_ABC,16768,154023,0.8010711669921875,63.29452272411436,23.95895894368489,0,256
001_ABC,16768,154279,0.431549072265625,61.51238813158125,17.810750325520832,0,256
001_ABC,17024,151463,0.650238037109375,62.70283216028474,23.27596028645833,0,256
001_ABC,17024,151719,0.997650146484375,84.90506448969245,38.09100850423177,0,256
001_ABC,17024,151975,0.973236083984375,90.34939521900378,41.00827026367188,0,256
001_ABC,17024,152231,0.9687652587890624,80.60327179636806,30.50452168782552,0,256
001_ABC,17024,152487,0.8837127685546875,75.132811604999,26.21922810872396,0,256
001_ABC,17024,152743,0.8919830322265625,85.7047341761645,28.7919921875,0,256
001_ABC,17024,152999,0.98419189453125,97.14072880055755,36.79978942871094,0,256
001_ABC,17024,153255,0.9946441650390624,76.62931163515896,27.721730550130207,0,256
001_ABC,17024,153511,0.991668701171875,77.86300563812256,31.825124104817707,0,256
001_ABC,17024,153767,0.9987335205078124,69.93838342069648,31.46570332845052,0,256
001_ABC,17024,154023,0.9709320068359376,68.82436507567763,29.49614969889323,0,256
001_ABC,17024,154279,0.362030029296875,57.84576102718711,15.830861409505207,0,256
001_ABC,17024,154535,0.7135009765625,71.31142731732689,23.633544921875,0,256
001_ABC,17280,151463,0.8396453857421875,88.52049212320708,38.25077819824219,0,256
001_ABC,17280,151719,0.9658203125,93.5923614220228,43.3913828531901,0,256
001_ABC,17280,151975,0.9527587890625,102.27837845310567,47.40370686848959,0,256
001_ABC,17280,152231,0.993408203125,83.8678988814354,29.19624328613281,0,256
001_ABC,17280,152487,0.8863372802734375,80.13285640045069,28.29232788085937,0,256
001_ABC,17280,152743,0.8258514404296875,78.49234989634715,24.015421549479168,0,256
001_ABC,17280,152999,0.792144775390625,73.90384628530592,30.14825948079427,0,256
001_ABC,17280,153255,0.587158203125,65.99306578096002,27.26752217610677,0,256
001_ABC,17280,153511,0.73248291015625,72.53184861596674,25.661061604817707,0,256
001_ABC,17280,153767,0.9925384521484376,75.91461709863506,31.18332926432292,0,256
001_ABC,17280,154023,0.994049072265625,72.04769802000374,31.45788065592448,0,256
001_ABC,17280,154279,0.4838714599609375,72.86927384114824,19.82427978515625,0,256
001_ABC,17280,154535,0.3774566650390625,59.69619345292449,17.418258666992188,0,256
001_ABC,17536,151463,0.840667724609375,78.46839066501707,26.83773803710937,0,256
001_ABC,17536,151719,0.9899444580078124,104.07335522561334,43.683441162109375,0,256
001_ABC,17536,151975,0.957855224609375,106.77054324653,50.92448933919271,0,256
001_ABC,17536,152231,0.9902191162109376,100.50123485340735,29.820973714192707,0,256
001_ABC,17536,152487,0.98052978515625,97.96505283936858,30.926060994466145,0,256
001_ABC,17536,152743,0.553375244140625,70.67313881870359,27.58514912923177,0,256
001_ABC,17536,152999,0.4667205810546875,67.70324386074208,24.163543701171875,0,256
001_ABC,17536,153255,0.9068145751953124,90.23720413073896,36.1959228515625,0,256
001_ABC,17536,153511,0.9597930908203124,108.50298496708274,42.01206461588541,0,256
001_ABC,17536,153767,0.9815673828125,98.80595037993044,36.44099426269531,0,256
001_ABC,17536,154023,0.87042236328125,82.34016418457031,27.03992207845052,0,256
001_ABC,17536,154279,0.21624755859375,54.83160110935569,13.566630045572916,0,256
001_ABC,17536,154535,0.6313934326171875,75.94742871727794,21.026255289713543,0,256
001_ABC,17792,151463,0.815673828125,92.26109870895743,23.6102294921875,0,256
001_ABC,17792,151719,0.9961700439453124,117.19184289779514,40.94590759277344,0,256
001_ABC,17792,151975,0.9727783203125,103.92227855673993,29.35936482747396,0,256
001_ABC,17792,152231,0.9921722412109376,91.70251419767736,26.897837320963543,0,256
001_ABC,17792,152487,0.986236572265625,84.91238651028834,27.80913798014323,0,256
001_ABC,17792,152743,0.6686553955078125,68.04028541757725,19.86801147460937,0,256
001_ABC,17792,152999,0.9363555908203124,100.3404717387166,41.22559611002604,0,256
001_ABC,17792,153255,0.987945556640625,115.81007009372117,40.209228515625,0,256
001_ABC,17792,153511,0.976593017578125,108.36484855040908,30.81356811523437,0,256
001_ABC,17792,153767,0.915802001953125,116.4291846731212,28.080434163411457,0,256
001_ABC,17792,154023,0.683441162109375,91.16524409106933,21.77294413248698,0,256
001_ABC,17792,154279,0.384368896484375,67.35099999513477,14.239919026692707,0,256
001_ABC,17792,154535,0.9257659912109376,95.37483311048707,29.241358439127605,0,256
001_ABC,17792,154791,0.176300048828125,43.49686993448995,10.277297973632812,0,256
001_ABC,18048,151463,0.986572265625,110.22089926502667,27.181844075520832,0,256
001_ABC,18048,151719,0.9969635009765624,103.04554273094982,26.349395751953125,0,256
001_ABC,18048,151975,0.9926605224609376,100.08475905633532,27.4854736328125,0,256
001_ABC,18048,152231,0.96917724609375,86.38475269079208,25.966964721679688,0,256
001_ABC,18048,152487,0.9779205322265624,96.19684181152844,24.133702596028645,0,256
001_ABC,18048,152743,0.8314971923828125,76.11416411399841,20.558542887369796,0,256
001_ABC,18048,152999,0.662506103515625,78.07933029881679,19.415369669596355,0,256
001_ABC,18048,153255,0.9889984130859376,124.4549250593409,30.35211690266927,0,256
001_ABC,18048,153511,0.97772216796875,101.6171098256018,28.725184122721355,0,256
001_ABC,18048,153767,0.9759674072265624,103.43255610670894,28.128992716471355,0,256
001_ABC,18048,154023,0.9861602783203124,111.28327983617784,32.90184529622396,0,256
001_ABC,18048,154279,0.8855743408203125,130.9534606328234,28.235092163085938,0,256
001_ABC,18048,154535,0.98809814453125,130.75954512297176,30.532633463541668,0,256
001_ABC,18048,154791,0.8445892333984375,93.87107696174644,27.871678670247395,0,256
001_ABC,18304,151207,0.9755096435546876,74.75573455449194,31.318155924479168,0,256
001_ABC,18304,151463,0.998870849609375,73.2317372225225,28.46515401204427,0,256
001_ABC,18304,151719,0.9965362548828124,70.89689120557159,27.38519795735677,0,256
001_ABC,18304,151975,0.999969482421875,70.16645051515661,28.847213745117188,0,256
001_ABC,18304,152231,0.971405029296875,72.9397208110895,26.940887451171875,0,256
001_ABC,18304,152487,0.9924468994140624,71.82072061276995,25.96404520670573,0,256
001_ABC,18304,152743,0.6566925048828125,68.51045626029372,18.390050252278645,0,256
001_ABC,18304,152999,0.4073333740234375,56.15057572629303,14.819747924804688,0,256
001_ABC,18304,153255,0.9951171875,81.83026123698801,29.003875732421875,0,256
001_ABC,18304,153511,0.9964752197265624,78.6689098989591,30.633707682291668,0,256
001_ABC,18304,153767,0.9996490478515624,74.77890652325004,29.884923299153645,0,256
001_ABC,18304,154023,0.9997406005859376,80.3101621249225,31.24273173014323,0,256
001_ABC,18304,154279,0.9967803955078124,101.2358428274747,32.3717041015625,0,256
001_ABC,18304,154535,1.0,92.95135448779912,30.70627339680989,0,256
001_ABC,18304,154791,1.0,74.67478790110908,28.979161580403645,0,256
001_ABC,18304,155047,0.2591400146484375,50.19214993692003,11.379552205403646,0,256
001_ABC,18560,150951,0.645538330078125,61.37326930463314,30.066274007161457,0,256
001_ABC,18560,151207,1.0,67.06846255040728,33.72999064127604,0,256
001_ABC,18560,151463,0.998870849609375,64.55693053058349,28.686548868815105,0,256
001_ABC,18560,151719,1.0,64.15248993760906,29.2147216796875,0,256
001_ABC,18560,151975,0.9858551025390624,63.19169267639518,27.524429321289062,0,256
001_ABC,18560,152231,0.9786834716796876,77.0568800100591,32.955474853515625,0,256
001_ABC,18560,152487,0.9793853759765624,67.54439772828482,25.154266357421875,0,256
001_ABC,18560,152743,0.213287353515625,53.25896901241504,12.242141723632812,0,256
001_ABC,18560,152999,0.6646575927734375,66.26884395047091,23.0037841796875,0,256
001_ABC,18560,153255,0.8670196533203125,92.55489260121249,47.55384318033854,0,256
001_ABC,18560,153511,0.911712646484375,97.09694620757364,44.04541524251302,0,256
001_ABC,18560,153767,0.9055938720703124,81.77935539535247,31.75462849934896,0,256
001_ABC,18560,154023,0.981658935546875,79.36537336162291,33.32209777832031,0,256
001_ABC,18560,154279,0.9936370849609376,84.30026159971021,32.86010233561198,0,256
001_ABC,18560,154535,1.0,75.50125689781271,32.29242451985677,0,256
001_ABC,18560,154791,0.807952880859375,65.53505983576179,28.354456583658852,0,256
001_ABC,18816,150951,0.982086181640625,115.04498751997016,46.00419108072917,0,256
001_ABC,18816,151207,0.99267578125,86.38771811779588,37.79868570963541,0,256
001_ABC,18816,151463,1.0,75.17873921897262,31.886138916015625,0,256
001_ABC,18816,151719,1.0,72.88143633957952,29.42586263020833,0,256
001_ABC,18816,151975,0.99981689453125,89.2306312918663,38.42233276367188,0,256
001_ABC,18816,152231,0.999847412109375,72.35642463620752,31.94970703125,0,256
001_ABC,18816,152487,0.4921722412109375,58.24573875870556,17.242167154947918,0,256
001_ABC,18816,152743,0.00634765625,47.95091880648397,7.9678395589192705,0,256
001_ABC,18816,152999,0.136871337890625,52.69640575349331,10.799107869466146,0,256
001_ABC,18816,153255,0.616729736328125,84.070829808712,33.75525410970052,0,256
001_ABC,18816,153511,0.790313720703125,92.8281263327226,38.97647603352865,0,256
001_ABC,18816,153767,0.8987884521484375,112.5967556273099,44.55826314290365,0,256
001_ABC,18816,154023,0.91827392578125,91.8573906859383,35.22164408365885,0,256
001_ABC,18816,154279,0.9972686767578124,84.89468419342302,31.56085205078125,0,256
001_ABC,18816,154535,0.9987945556640624,83.78326323255897,39.44458516438802,0,256
001_ABC,18816,154791,0.2947998046875,59.75541385170072,16.071309407552082,0,256
001_ABC,19072,150951,0.9990997314453124,100.2371165805962,42.268096923828125,0,256
001_ABC,19072,151207,1.0,84.35893719433807,37.38109334309896,0,256
001_ABC,19072,151463,0.997589111328125,82.21395876235329,32.66063944498698,0,256
001_ABC,19072,151719,1.0,82.4645095502492,32.73174031575521,0,256
001_ABC,19072,151975,0.96051025390625,86.2572777250316,34.0059814453125,0,256
001_ABC,19072,152231,0.5213165283203125,67.78107803477906,19.11189778645833,0,256
001_ABC,19072,152487,0.63348388671875,78.34716701507568,21.01220703125,0,256
001_ABC,19072,152743,0.8955535888671875,98.11449170275591,34.378021240234375,0,256
001_ABC,19072,152999,0.7277069091796875,77.44560874789022,25.533055623372395,0,256
001_ABC,19072,153255,0.7512359619140625,73.41850510146469,23.79890950520833,0,256
001_ABC,19072,153511,0.900604248046875,89.52910230960697,31.268564860026043,0,256
001_ABC,19072,153767,0.9673919677734376,99.03113730601036,32.354573567708336,0,256
001_ABC,19072,154023,0.99798583984375,89.11743130441755,33.526458740234375,0,256
001_ABC,19072,154279,0.682525634765625,73.6627191901207,23.601043701171875,0,256
001_ABC,19072,154535,0.29034423828125,61.06226226477884,14.977676391601562,0,256
001_ABC,19072,154791,0.0048065185546875,46.55979788466357,6.8405100504557295,0,256
001_ABC,19328,150951,0.99969482421875,93.9943060015794,39.84432474772135,0,256
001_ABC,19328,151207,1.0,80.4439352741465,36.53826904296875,0,256
001_ABC,19328,151463,0.9693756103515624,87.31438577524386,34.4095458984375,0,256
001_ABC,19328,151719,0.5819091796875,68.61977761983871,21.052780151367188,0,256
001_ABC,19328,151975,0.365692138671875,69.52745008445345,14.17236328125,0,256
001_ABC,19328,152231,0.83160400390625,85.95376586541533,26.15248107910156,0,256
001_ABC,19328,152487,1.0,87.20542475488037,29.948272705078125,0,256
001_ABC,19328,152743,1.0,86.76975828758441,30.03830973307292,0,256
001_ABC,19328,152999,0.9078521728515624,91.45992773398756,32.883199055989586,0,256
001_ABC,19328,153255,0.9706878662109376,97.23810281977056,29.99497985839844,0,256
001_ABC,19328,153511,1.0,82.46767818834633,31.55560811360677,0,256
001_ABC,19328,153767,1.0,104.49060140899384,36.24722798665365,0,256
001_ABC,19328,154023,0.9417266845703124,108.98571346700191,42.95418802897135,0,256
001_ABC,19328,154279,0.695556640625,93.28098251577468,41.133148193359375,0,256
001_ABC,19328,154535,0.091705322265625,53.956145658157766,10.59503173828125,0,256
001_ABC,19328,154791,0.0,45.59520903136581,6.624735514322917,0,256
001_ABC,19584,150951,0.96051025390625,122.29360097646712,45.7310536702474,0,256
001_ABC,19584,151207,1.0,88.20162437856197,34.584442138671875,0,256
001_ABC,19584,151463,0.5750732421875,73.50127884373069,25.36248270670573,0,256
001_ABC,19584,151719,0.449188232421875,73.3195250236895,19.260508219401043,0,256
001_ABC,19584,151975,0.8985137939453125,105.81118025421164,30.1688232421875,0,256
001_ABC,19584,152231,0.916473388671875,109.69030086114071,33.55352274576823,0,256
001_ABC,19584,152487,0.8336944580078125,104.1697371804621,29.818522135416668,0,256
001_ABC,19584,152743,0.91705322265625,104.64418387413023,28.08163452148437,0,256
001_ABC,19584,152999,0.9324493408203124,93.23458622395992,28.23180643717448,0,256
001_ABC,19584,153255,0.9385986328125,105.92973257205448,29.092981974283852,0,256
001_ABC,19584,153511,0.95751953125,101.06074442877434,28.89548238118489,0,256
001_ABC,19584,153767,1.0,101.33366623148322,33.83385721842448,0,256
001_ABC,19584,154023,1.0,101.02239882573484,36.54185485839844,0,256
001_ABC,19584,154279,1.0,95.72724555339664,36.849609375,0,256
001_ABC,19584,154535,0.79217529296875,90.60932710394265,26.45909118652344,0,256
001_ABC,19584,154791,0.026824951171875,48.67156636621803,7.3703562418619795,0,256
001_ABC,19840,150951,0.638946533203125,95.24871940701269,30.75299580891927,0,256
001_ABC,19840,151207,1.0,121.02985779102892,43.068094889322914,0,256
001_ABC,19840,151463,0.3644561767578125,81.58590003265999,18.302144368489586,0,256
001_ABC,19840,151719,0.725799560546875,99.6436406141147,27.161961873372395,0,256
001_ABC,19840,151975,0.99908447265625,128.0395961382892,33.36042277018229,0,256
001_ABC,19840,152231,0.9997406005859376,118.37485781218857,32.92318216959635,0,256
001_ABC,19840,152487,0.999847412109375,113.3552050255239,35.841634114583336,0,256
001_ABC,19840,152743,0.999969482421875,119.79945443547332,37.6457773844401,0,256
001_ABC,19840,152999,0.9280548095703124,113.19038319494577,30.517735799153645,0,256
001_ABC,19840,153255,0.8706512451171875,97.5433087637648,24.415196736653645,0,256
001_ABC,19840,153511,0.949310302734375,108.44864843576217,27.45892842610677,0,256
001_ABC,19840,153767,0.9620208740234376,118.822141318582,28.42249043782552,0,256
001_ABC,19840,154023,0.99114990234375,136.90200808271766,31.78160095214844,0,256
001_ABC,19840,154279,0.9703216552734376,113.80505443899892,30.11436462402344,0,256
001_ABC,19840,154535,0.9891357421875,134.33929827227257,34.503814697265625,0,256
001_ABC,19840,154791,0.1106109619140625,56.59264197852463,10.221705118815104,0,256
001_ABC,20096,150951,0.5447235107421875,125.6558315565344,39.68224589029948,0,256
001_ABC,20096,151207,0.8897857666015625,152.26549027767032,56.05968729654948,0,256
001_ABC,20096,151463,0.2803955078125,71.52873369678855,15.10260009765625,0,256
001_ABC,20096,151719,0.8116302490234375,133.75796278729104,26.87550862630208,0,256
001_ABC,20096,151975,0.92626953125,142.21481331600808,31.15075174967448,0,256
001_ABC,20096,152231,0.9777984619140624,129.27360933250748,31.50642903645833,0,256
001_ABC,20096,152487,1.0,134.38107632263564,30.68690490722656,0,256
001_ABC,20096,152743,1.0,173.42135878070258,31.81512451171875,0,256
001_ABC,20096,152999,1.0,149.50149821862578,30.040267944335938,0,256
001_ABC,20096,153255,1.0,120.64609372243284,29.01348368326823,0,256
001_ABC,20096,153511,0.931671142578125,115.38774677901527,26.35693868001302,0,256
001_ABC,20096,153767,0.82525634765625,137.9993735232856,24.26654561360677,0,256
001_ABC,20096,154023,0.960601806640625,122.54704678221606,27.19921366373698,0,256
001_ABC,20096,154279,0.987030029296875,107.41513926698826,28.616353352864586,0,256
001_ABC,20096,154535,0.9250946044921876,136.56997771165334,34.73993428548177,0,256
001_ABC,20096,154791,0.0953216552734375,56.26249179150909,9.520161946614584,0,256
001_ABC,20352,151463,0.337646484375,49.48178812279366,15.241511027018229,0,256
001_ABC,20352,151719,0.9332122802734376,76.9048437839374,34.36275227864584,0,256
001_ABC,20352,151975,0.9994659423828124,83.50498040672392,31.79392496744792,0,256
001_ABC,20352,152231,0.9835357666015624,81.71555039938539,34.18037923177084,0,256
001_ABC,20352,152487,0.9630889892578124,84.23223712667823,33.70319620768229,0,256
001_ABC,20352,152743,1.0,80.18073552008718,32.4218495686849,0,256
001_ABC,20352,152999,0.98419189453125,77.82966401800513,29.47631327311198,0,256
001_ABC,20352,153255,1.0,72.7097327625379,30.24517313639323,0,256
001_ABC,20352,153511,0.987701416015625,66.2677921296563,28.506678263346355,0,256
001_ABC,20352,153767,0.978302001953125,70.94393680989742,26.941853841145832,0,256
001_ABC,20352,154023,0.7904815673828125,69.80830351426266,22.01682027180989,0,256
001_ABC,20352,154279,0.6762847900390625,66.82666485663503,18.893091837565105,0,256
001_ABC,20352,154535,0.345184326171875,51.6477050697431,15.409830729166666,0,256
001_ABC,20608,151463,0.8282012939453125,58.27322627766989,25.077362060546875,0,256
001_ABC,20608,151719,0.8421478271484375,62.591171502135694,25.261734008789062,0,256
001_ABC,20608,151975,0.7816314697265625,65.91871640249155,28.483744303385414,0,256
001_ABC,20608,152231,0.8515472412109375,76.15961981727742,33.02344767252604,0,256
001_ABC,20608,152487,0.9579925537109376,74.28814844693989,36.98399861653646,0,256
001_ABC,20608,152743,0.9702911376953124,74.39639798458666,35.65844217936198,0,256
001_ABC,20608,152999,0.9967803955078124,69.77596319816075,30.9010009765625,0,256
001_ABC,20608,153255,0.992584228515625,64.14392757415771,28.956954956054688,0,256
001_ABC,20608,153511,1.0,61.59497101511806,28.229258219401043,0,256
001_ABC,20608,153767,1.0,59.1391843741294,32.19109598795573,0,256
001_ABC,20608,154023,0.79205322265625,60.49161196104251,23.746434529622395,0,256
001_ABC,20864,151463,0.4501495361328125,51.00526990345679,13.882502237955729,0,256
001_ABC,20864,151719,0.7595977783203125,73.07943242788315,21.206736246744796,0,256
001_ABC,20864,151975,0.96649169921875,80.80466086952947,25.776819864908852,0,256
001_ABC,20864,152231,1.0,82.77607291564345,29.990219116210938,0,256
001_ABC,20864,152487,1.0,70.61389520391822,32.36303202311198,0,256
001_ABC,20864,152743,0.9996337890625,71.19369469583035,33.90723164876302,0,256
001_ABC,20864,152999,0.9743499755859376,69.76484046294354,28.87561543782552,0,256
001_ABC,20864,153255,0.914337158203125,71.38984459266067,28.38983154296875,0,256
001_ABC,20864,153511,0.9959716796875,68.50417420803569,27.03220113118489,0,256
001_ABC,20864,153767,0.9036712646484376,65.4655103450641,24.169443766276043,0,256
001_ABC,20864,154023,0.08282470703125,48.08678528456949,8.167287190755209,0,256
001_ABC,21120,151463,0.0328826904296875,35.78379690810107,5.471608479817708,0,256
001_ABC,21120,151719,0.79376220703125,76.72937652259134,20.43311055501302,0,256
001_ABC,21120,151975,0.983917236328125,74.19147952552885,26.48253885904948,0,256
001_ABC,21120,152231,0.99993896484375,76.34938041470014,32.19374084472656,0,256
001_ABC,21120,152487,1.0,74.29581580474041,37.091705322265625,0,256
001_ABC,21120,152743,1.0,68.83033720566891,34.16035970052084,0,256
001_ABC,21120,152999,1.0,67.38875153567642,33.7218983968099,0,256
001_ABC,21120,153255,0.929290771484375,69.00718431524001,29.23187764485677,0,256
001_ABC,21120,153511,0.861663818359375,68.39759312570095,25.84930419921875,0,256
001_ABC,21120,153767,0.3453216552734375,55.63613961543888,12.68236796061198,0,256
001_ABC,21376,151463,0.192962646484375,47.8078652152326,9.562276204427084,0,256
001_ABC,21376,151719,0.872711181640625,81.32754755183123,25.39256795247396,0,256
001_ABC,21376,151975,0.9861602783203124,80.82020425586961,27.60373942057292,0,256
001_ABC,21376,152231,1.0,74.7775366967544,35.306681315104164,0,256
001_ABC,21376,152487,1.0,79.62472983798943,35.20128377278646,0,256
001_ABC,21376,152743,1.0,74.21033188607544,36.57979838053385,0,256
001_ABC,21376,152999,1.0,71.45334909763187,34.369771321614586,0,256
001_ABC,21376,153255,0.7925262451171875,67.99264517053962,25.920811971028645,0,256
001_ABC,21376,153511,0.4666595458984375,59.34293776168488,15.660171508789062,0,256
001_ABC,21632,151463,0.7238922119140625,73.07590638101101,20.420664469401043,0,256
001_ABC,21632,151719,0.9336395263671876,82.15403723716736,28.343221028645832,0,256
001_ABC,21632,151975,0.9974517822265624,85.51309063658118,30.629221598307293,0,256
001_ABC,21632,152231,1.0,79.74068796541542,38.8992665608724,0,256
001_ABC,21632,152487,1.0,74.34228720888495,37.95622253417969,0,256
001_ABC,21632,152743,1.0,73.52919438085519,35.912577311197914,0,256
001_ABC,21632,152999,0.9476470947265624,83.47631188831292,37.43319193522135,0,256
001_ABC,21632,153255,0.765655517578125,77.53776733553968,36.06619771321615,0,256
001_ABC,21888,151463,0.9980621337890624,79.69743595435284,31.47206115722656,0,256
001_ABC,21888,151719,0.9973907470703124,83.32654618821107,30.58827209472656,0,256
001_ABC,21888,151975,1.0,94.42757534608243,33.94742329915365,0,256
001_ABC,21888,152231,1.0,88.0543516939506,39.1087646484375,0,256
001_ABC,21888,152487,1.0,87.33379453420639,38.82592264811198,0,256
001_ABC,21888,152743,0.9990692138671876,79.7191537914332,36.38451639811198,0,256
001_ABC,21888,152999,0.8075714111328125,98.93135284539312,45.88514709472656,0,256
001_ABC,21888,153255,0.685882568359375,84.9785890430212,38.94482930501302,0,256
001_ABC,22144,151207,0.8847808837890625,97.98289988934994,35.23753356933594,0,256
001_ABC,22144,151463,1.0,86.5548775268253,30.591512044270832,0,256
001_ABC,22144,151719,0.999786376953125,87.47901028301567,30.188308715820312,0,256
001_ABC,22144,151975,1.0,97.56617557629944,34.0140380859375,0,256
001_ABC,22144,152231,0.9889068603515624,92.46785149513744,39.714090983072914,0,256
001_ABC,22144,152487,0.8355865478515625,89.22080991766416,36.30537923177084,0,256
001_ABC,22144,152743,0.808563232421875,93.82050758390687,29.832071940104168,0,256
001_ABC,22144,152999,0.8087158203125,108.06829738523813,46.1259765625,0,256
001_ABC,22144,153255,0.103485107421875,61.6742780059576,13.256673177083334,0,256
001_ABC,22400,150951,0.8466033935546875,86.43099113926291,53.77397664388021,0,256
001_ABC,22400,151207,0.8128662109375,81.86166384047829,39.20446268717448,0,256
001_ABC,22400,151463,1.0,66.05258246418089,32.2606455485026,0,256
001_ABC,22400,151719,1.0,69.67427977826446,35.06816609700521,0,256
001_ABC,22400,151975,1.0,77.0321168822702,37.48085021972656,0,256
001_ABC,22400,152231,1.0,94.58375666826032,41.44234212239584,0,256
001_ABC,22400,152487,0.439727783203125,72.39533387124538,29.941599527994796,0,256
001_ABC,22400,152743,0.0052337646484375,45.198310050880536,7.104715983072917,0,256
001_ABC,22656,150951,0.577667236328125,74.7979586115107,31.759923299153645,0,256
001_ABC,22656,151207,0.967864990234375,80.03706894814968,37.49833170572917,0,256
001_ABC,22656,151463,1.0,62.19735558866523,31.71921284993489,0,256
001_ABC,22656,151719,1.0,69.93913861527108,34.6368662516276,0,256
001_ABC,22656,151975,0.9834442138671876,79.89666673517786,38.97851053873698,0,256
001_ABC,22656,152231,0.931365966796875,90.89942306280136,38.1133066813151,0,256
001_ABC,22656,152487,0.9325714111328124,81.16336930519901,37.12957763671875,0,256
001_ABC,22656,152743,0.314544677734375,64.30850937124342,19.16794840494792,0,256
001_ABC,22912,151207,0.993133544921875,84.39040559530258,35.33172607421875,0,256
001_ABC,22912,151463,1.0,69.2054247239139,36.36358133951823,0,256
001_ABC,22912,151719,1.0,77.02784579899162,34.44404602050781,0,256
001_ABC,22912,151975,1.0,87.37247842526995,36.40169779459635,0,256
001_ABC,22912,152231,1.0,90.43755355104804,33.96113586425781,0,256
001_ABC,22912,152487,0.88232421875,90.858913048869,29.00472005208333,0,256
001_ABC,22912,152743,0.05499267578125,49.748827919363976,9.1119384765625,0,256
001_ABC,23168,151207,0.5769805908203125,63.22532883193344,22.4818115234375,0,256
001_ABC,23168,151463,1.0,69.22620545327663,35.72335306803385,0,256
001_ABC,23168,151719,0.9994659423828124,71.47350434190594,35.56779988606771,0,256
001_ABC,23168,151975,1.0,84.15299225016497,36.61000061035156,0,256
001_ABC,23168,152231,1.0,82.12935251533054,33.200093587239586,0,256
001_ABC,23168,152487,0.80291748046875,73.15844345092773,25.95236714680989,0,256
001_ABC,23168,152743,0.00140380859375,47.539424299262464,6.996164957682292,0,256
001_ABC,23424,151207,0.8147735595703125,78.60450211819261,30.303451538085938,0,256
001_ABC,23424,151463,0.9915771484375,82.94781261309981,34.67781066894531,0,256
001_ABC,23424,151719,1.0,78.59711315645836,37.93525187174479,0,256
001_ABC,23424,151975,1.0,80.96557960449718,36.21028137207031,0,256
001_ABC,23424,152231,1.0,82.84082267340273,33.9593760172526,0,256
001_ABC,23424,152487,1.0,85.44033811986446,33.34127298990885,0,256
001_ABC,23424,152743,0.39935302734375,68.05560906883329,17.311925252278645,0,256
001_ABC,23680,151463,0.971923828125,83.20241064182483,32.28307088216146,0,256
001_ABC,23680,151719,1.0,95.4649214707315,38.586649576822914,0,256
001_ABC,23680,151975,1.0,113.33327580895276,42.50673421223959,0,256
001_ABC,23680,152231,0.9913787841796876,119.6988970329985,37.29625447591146,0,256
001_ABC,23680,152487,0.9987640380859376,112.84389386489056,34.42308553059896,0,256
001_ABC,23680,152743,0.9485321044921876,98.5014595836401,33.23961893717448,0,256
001_ABC,23680,152999,0.7642059326171875,87.29940399690531,30.418650309244796,0,256
001_ABC,23936,151463,0.929168701171875,87.5638289116323,33.95853169759115,0,256
001_ABC,23936,151719,0.99627685546875,97.28865009173752,42.20100402832031,0,256
001_ABC,23936,151975,1.0,124.72369556664488,47.7176513671875,0,256
001_ABC,23936,152231,1.0,109.99758517905138,35.27356465657552,0,256
001_ABC,23936,152487,1.0,112.08678998961112,35.68261210123698,0,256
001_ABC,23936,152743,1.0,118.98965870193206,33.97773234049479,0,256
001_ABC,23936,152999,0.985687255859375,103.8026319516357,40.69605000813802,0,256
001_ABC,23936,153255,0.2072296142578125,64.90674541052431,12.527180989583334,0,256
001_ABC,24192,151463,0.4408416748046875,83.03906077798456,20.004185994466145,0,256
001_ABC,24192,151719,0.997589111328125,118.08646288490854,41.522247314453125,0,256
001_ABC,24192,151975,1.0,127.588060609065,45.89881896972656,0,256
001_ABC,24192,152231,1.0,128.82632032758556,42.24742635091146,0,256
001_ABC,24192,152487,1.0,121.57790168747306,34.03633117675781,0,256
001_ABC,24192,152743,1.0,118.69467153772712,35.32160441080729,0,256
001_ABC,24192,152999,1.0,148.44498973502778,38.4062754313151,0,256
001_ABC,24192,153255,0.9134674072265624,125.51400952762924,41.88616943359375,0,256
001_ABC,24448,151975,0.7689056396484375,53.17555982409976,33.567057291666664,0,256
001_ABC,24448,152231,1.0,76.69332061707973,40.06232198079427,0,256
001_ABC,24448,152487,1.0,70.0122698021587,39.27803039550781,0,256
001_ABC,24448,152743,0.9990997314453124,63.681725319474936,36.780904134114586,0,256
001_ABC,24448,152999,0.9989776611328124,71.17566703259945,36.85581461588541,0,256
001_ABC,24448,153255,1.0,70.83596132858656,41.69459025065104,0,256
001_ABC,24448,153511,0.712646484375,68.12162543251179,37.26701354980469,0,256
001_ABC,24704,152231,0.4712982177734375,58.92773148044944,19.401941935221355,0,256
001_ABC,24704,152487,0.666259765625,62.53286676015705,25.82634989420573,0,256
001_ABC,24704,152743,0.9612579345703124,68.6270217911806,31.998123168945312,0,256
001_ABC,24704,152999,1.0,63.57311558350921,37.295430501302086,0,256
001_ABC,24704,153255,1.0,72.02667941804975,39.18543497721354,0,256
001_ABC,24704,153511,0.53668212890625,56.17873901128769,26.487645467122395,0,256
001_ABC,24960,152999,0.243011474609375,50.29185381322168,13.126683553059896,0,256
001_ABC,24960,153255,0.3027191162109375,55.03800373128615,15.246622721354166,0,256
001_ABC,30401,151270,0.931060791015625,133.10492371744476,75.36463419596355,0,256
001_ABC,30401,151526,0.977020263671875,104.42751125153154,41.38463846842448,0,256
001_ABC,30401,151782,0.9809722900390624,103.48362475424074,40.88618977864584,0,256
001_ABC,30401,152038,0.78826904296875,76.74872917099856,30.12351481119792,0,256
001_ABC,30401,152294,0.210479736328125,53.904823802178726,12.8941650390625,0,256
001_ABC,30657,151014,0.6204833984375,78.459557171911,39.11663309733073,0,256
001_ABC,30657,151270,1.0,88.1041205690708,53.27259318033854,0,256
001_ABC,30657,151526,0.9983367919921876,65.48585604131222,34.32225545247396,0,256
001_ABC,30657,151782,0.932769775390625,79.75023464020342,46.82454935709635,0,256
001_ABC,30657,152038,0.9196929931640624,67.87571459612809,37.50411478678385,0,256
001_ABC,30657,152294,0.96551513671875,58.89160562097095,34.996927897135414,0,256
001_ABC,30657,152550,0.6610870361328125,52.82195483800024,23.43555196126302,0,256
001_ABC,30913,150758,0.6207275390625,71.49837470706552,40.70604960123698,0,256
001_ABC,30913,151014,0.8970489501953125,76.39935201406479,50.91935729980469,0,256
001_ABC,30913,151270,0.998199462890625,90.04314499697648,54.12938944498698,0,256
001_ABC,30913,151526,1.0,73.57213592878543,39.61451721191406,0,256
001_ABC,30913,151782,0.9972076416015624,69.96905171778053,42.68779500325521,0,256
001_ABC,30913,152038,0.6658935546875,62.9181973466184,36.13438924153646,0,256
001_ABC,30913,152294,0.9439239501953124,64.51390050328337,40.4906972249349,0,256
001_ABC,30913,152550,1.0,57.35733364685439,31.849680582682293,0,256
001_ABC,30913,152806,0.9417877197265624,56.10743926069699,30.149169921875,0,256
001_ABC,30913,153062,0.5645294189453125,54.268733486533165,21.837860107421875,0,256
001_ABC,31169,149990,0.674285888671875,72.3713930696249,37.94449869791666,0,256
001_ABC,31169,150246,0.9851226806640624,68.09627509117126,41.75681559244792,0,256
001_ABC,31169,150502,0.97833251953125,67.26954353577457,34.55158487955729,0,256
001_ABC,31169,150758,0.9908447265625,71.36200998630375,37.05677286783854,0,256
001_ABC,31169,151014,1.0,79.11178022250533,39.506490071614586,0,256
001_ABC,31169,151270,0.981109619140625,82.00924682617188,44.07955423990885,0,256
001_ABC,31169,151526,0.9762115478515624,80.2650159613695,45.63795471191406,0,256
001_ABC,31169,151782,1.0,69.05122035741806,34.68122355143229,0,256
001_ABC,31169,152038,1.0,69.8731718712952,34.49305216471354,0,256
001_ABC,31169,152294,1.0,65.95182257681154,39.33796691894531,0,256
001_ABC,31169,152550,1.0,61.165527074597776,33.546661376953125,0,256
001_ABC,31169,152806,1.0,61.70832759304904,36.17061869303385,0,256
001_ABC,31169,153062,1.0,63.43096297606826,41.24712626139323,0,256
001_ABC,31169,153318,0.2691650390625,57.12939735874534,17.012832641601562,0,256
001_ABC,31425,149990,0.9976806640625,73.59521342720836,32.974365234375,0,256
001_ABC,31425,150246,1.0,59.67708783969283,28.50195821126302,0,256
001_ABC,31425,150502,1.0,60.00855313241482,29.010935465494796,0,256
001_ABC,31425,150758,1.0,68.58994379546493,33.57893371582031,0,256
001_ABC,31425,151014,0.95263671875,72.18631252273917,42.54296875,0,256
001_ABC,31425,151270,0.998138427734375,77.990624131402,46.9189453125,0,256
001_ABC,31425,151526,0.8837738037109375,72.21476702555083,47.70413716634115,0,256
001_ABC,31425,151782,1.0,75.91667003836483,43.60747782389323,0,256
001_ABC,31425,152038,1.0,74.67864166200161,40.18277486165365,0,256
001_ABC,31425,152294,1.0,73.3149466959294,40.28547668457031,0,256
001_ABC,31425,152550,1.0,66.385389134055,37.068196614583336,0,256
001_ABC,31425,152806,1.0,64.9582605601754,36.32599385579427,0,256
001_ABC,31425,153062,1.0,63.60836790502072,36.78931681315104,0,256
001_ABC,31425,153318,0.3446502685546875,54.14783709659241,17.803253173828125,0,256
001_ABC,31681,149734,0.6709442138671875,67.76037275698036,26.815144856770832,0,256
001_ABC,31681,149990,1.0,73.54933190252632,31.964747111002605,0,256
001_ABC,31681,150246,1.0,64.20070045813918,29.01557922363281,0,256
001_ABC,31681,150502,1.0,62.62742339074612,28.965611775716145,0,256
001_ABC,31681,150758,0.999755859375,66.67804711218923,27.135106404622395,0,256
001_ABC,31681,151014,0.999603271484375,75.73783823824488,36.9074452718099,0,256
001_ABC,31681,151270,0.9947357177734376,72.76510881981812,34.63887532552084,0,256
001_ABC,31681,151526,1.0,77.01928346510977,37.73246765136719,0,256
001_ABC,31681,151782,1.0,74.09850619733334,31.125986735026043,0,256
001_ABC,31681,152038,1.0,83.19970838702284,39.848653157552086,0,256
001_ABC,31681,152294,0.992462158203125,75.35975207365118,49.53084818522135,0,256
001_ABC,31681,152550,1.0,67.49821068253368,34.4496815999349,0,256
001_ABC,31681,152806,1.0,67.00252957548946,33.5110117594401,0,256
001_ABC,31681,153062,0.7635955810546875,65.82989635970443,26.380330403645832,0,256
001_ABC,31681,153318,0.0301971435546875,51.09066888317466,8.915812174479166,0,256
001_ABC,31937,149734,0.9781341552734376,82.91619244753383,37.39790344238281,0,256
001_ABC,31937,149990,1.0,74.41643570363522,30.091349283854168,0,256
001_ABC,31937,150246,0.99932861328125,66.52735204040073,26.43092854817708,0,256
001_ABC,31937,150502,1.0,63.79948314442299,24.65864562988281,0,256
001_ABC,31937,150758,0.9996337890625,69.07017916068435,27.155375162760414,0,256
001_ABC,31937,151014,0.9655303955078124,79.38433337560855,34.11175028483073,0,256
001_ABC,31937,151270,0.8620758056640625,73.20596408750862,32.85396830240885,0,256
001_ABC,31937,151526,0.980987548828125,74.14857625588775,30.63781229654948,0,256
001_ABC,31937,151782,1.0,76.79812416341156,29.448740641276043,0,256
001_ABC,31937,152038,0.9998931884765624,81.2999254129827,32.20203145345052,0,256
001_ABC,31937,152294,0.422454833984375,68.17282708641142,32.973734537760414,0,256
001_ABC,31937,152550,0.4960479736328125,64.10093633062206,31.32246398925781,0,256
001_ABC,31937,152806,0.5157012939453125,69.55974659975618,24.84100850423177,0,256
001_ABC,31937,153062,0.0069427490234375,52.00049068196677,8.408930460611979,0,256
001_ABC,31937,153318,0.0,50.76278882450424,7.935872395833333,0,256
001_ABC,32193,149734,0.519256591796875,73.81726402696222,29.899546305338543,0,256
001_ABC,32193,149990,0.953521728515625,86.41167157515883,39.614969889322914,0,256
001_ABC,32193,150246,0.985626220703125,67.76143714203499,26.295613606770832,0,256
001_ABC,32193,150502,0.9994964599609376,67.30040170159191,26.760894775390625,0,256
001_ABC,32193,150758,0.9723052978515624,68.27645589015447,28.07932027180989,0,256
001_ABC,32193,151014,0.953277587890625,68.03529427945614,26.844309488932293,0,256
001_ABC,32193,151270,0.918243408203125,73.68954467773438,32.84373982747396,0,256
001_ABC,32193,151526,0.7398223876953125,71.620330914855,33.23085021972656,0,256
001_ABC,32193,151782,0.7232513427734375,77.91622906550765,32.60811360677084,0,256
001_ABC,32193,152038,0.992706298828125,79.56785309966654,31.10669453938802,0,256
001_ABC,32193,152294,0.370208740234375,65.84720377600752,25.71355692545573,0,256
001_ABC,32193,152550,0.22137451171875,61.78219719021581,15.060846964518229,0,256
001_ABC,32193,152806,0.3714141845703125,68.80983286257833,23.83123779296875,0,256
001_ABC,32193,153062,0.29888916015625,70.72268141969107,23.64633178710937,0,256
001_ABC,32193,153318,0.0538177490234375,56.01041605696082,9.51904805501302,0,256
001_ABC,32449,149734,0.2430419921875,56.86365236132406,18.83447774251302,0,256
001_ABC,32449,149990,0.564117431640625,67.93099025543779,31.487584431966145,0,256
001_ABC,32449,150246,0.994476318359375,71.30852745473385,31.87160237630208,0,256
001_ABC,32449,150502,0.982574462890625,67.04591685160995,27.300094604492188,0,256
001_ABC,32449,150758,0.948089599609375,69.72832751623355,30.64880879720052,0,256
001_ABC,32449,151014,1.0,67.78068520105444,32.00878397623698,0,256
001_ABC,32449,151270,0.9651641845703124,66.5002539565321,32.60506693522135,0,256
001_ABC,32449,151526,0.861602783203125,75.90479608997703,38.412190755208336,0,256
001_ABC,32449,151782,0.9685211181640624,67.0001930554863,30.128774007161457,0,256
001_ABC,32449,152038,0.802093505859375,64.35613469942473,25.115793863932293,0,256
001_ABC,32449,152294,0.8751983642578125,68.16821100469679,28.36566670735677,0,256
001_ABC,32449,152550,0.9856414794921876,81.68208607193083,42.80362447102865,0,256
001_ABC,32449,152806,0.99945068359375,94.25071312393992,51.18818155924479,0,256
001_ABC,32449,153062,0.999755859375,95.56017998768948,56.09705607096354,0,256
001_ABC,32449,153318,0.85797119140625,85.94016282795928,48.73112996419271,0,256
001_ABC,32705,149734,0.981414794921875,67.68895385763608,39.54598490397135,0,256
001_ABC,32705,149990,0.9933013916015624,69.7000385215506,32.49596150716146,0,256
001_ABC,32705,150246,0.9713287353515624,67.98773251473904,35.07671101888021,0,256
001_ABC,32705,150502,0.9977264404296876,62.300296230008826,27.105611165364586,0,256
001_ABC,32705,150758,0.9971923828125,59.88609312078916,29.00243123372396,0,256
001_ABC,32705,151014,0.9985504150390624,65.69270490459166,31.885548909505207,0,256
001_ABC,32705,151270,0.9540863037109376,61.84894972457551,30.14648946126302,0,256
001_ABC,32705,151526,0.85003662109375,65.52242047688924,36.018778483072914,0,256
001_ABC,32705,151782,0.99298095703125,62.84403627901338,28.680002848307293,0,256
001_ABC,32705,152038,0.991485595703125,58.66757068200968,26.505777994791668,0,256
001_ABC,32705,152294,0.99774169921875,62.36049552913755,26.99790954589844,0,256
001_ABC,32705,152550,0.9441986083984376,79.16877482831478,40.29520670572917,0,256
001_ABC,32705,152806,0.9308624267578124,75.52822589478455,42.42466735839844,0,256
001_ABC,32705,153062,0.8141326904296875,64.28913416317664,40.82921854654948,0,256
001_ABC,32705,153318,0.9925079345703124,73.05589365935884,51.560160319010414,0,256
001_ABC,32705,153574,0.7984161376953125,67.28422489925288,37.61681620279948,0,256
001_ABC,32705,153830,0.0900115966796875,31.56315306480974,6.928009033203125,0,256
001_ABC,32961,149734,0.883697509765625,62.24601916200481,28.17805989583333,0,256
001_ABC,32961,149990,0.9676361083984376,69.21273349225521,28.97704060872396,0,256
001_ABC,32961,150246,0.9826812744140624,71.68505626544356,26.152760823567707,0,256
001_ABC,32961,150502,0.9967803955078124,74.68865722417831,26.541671752929688,0,256
001_ABC,32961,150758,0.9954376220703124,69.40685591637157,28.989359537760414,0,256
001_ABC,32961,151014,0.9615936279296876,70.4593565070536,33.6435801188151,0,256
001_ABC,32961,151270,0.85125732421875,69.60134994774126,38.53393046061198,0,256
001_ABC,32961,151526,0.876312255859375,70.01665046438575,37.37921142578125,0,256
001_ABC,32961,151782,0.9981689453125,69.22040284215473,29.54152425130208,0,256
001_ABC,32961,152038,0.9987335205078124,64.92176208249293,26.314422607421875,0,256
001_ABC,32961,152294,0.9968109130859376,75.20948045491241,28.120590209960938,0,256
001_ABC,32961,152550,0.992340087890625,75.59437443665229,31.551554361979168,0,256
001_ABC,32961,152806,0.8786773681640625,80.00686541362666,40.127960205078125,0,256
001_ABC,32961,153062,0.989654541015625,80.52587173669599,49.87972513834635,0,256
001_ABC,32961,153318,0.9794921875,76.24638235731982,40.71165974934896,0,256
001_ABC,32961,153574,0.99261474609375,78.14154159813188,40.81998189290365,0,256
001_ABC,32961,153830,0.8818359375,66.30816487944685,33.61112976074219,0,256
001_ABC,33217,149734,0.3636627197265625,53.1478838713374,16.191212972005207,0,256
001_ABC,33217,149990,0.9507293701171876,71.13312991615385,26.936726888020832,0,256
001_ABC,33217,150246,0.982757568359375,76.07810938707553,25.189127604166668,0,256
001_ABC,33217,150502,0.9930877685546876,79.94520994648337,29.60138448079427,0,256
001_ABC,33217,150758,0.998565673828125,73.1353580520954,28.53099568684896,0,256
001_ABC,33217,151014,0.8692169189453125,77.7720736861229,33.72537740071615,0,256
001_ABC,33217,151270,0.63720703125,67.75614264211617,34.70988464355469,0,256
001_ABC,33217,151526,0.68109130859375,69.93001264333725,35.72305806477865,0,256
001_ABC,33217,151782,0.994720458984375,68.62141908868216,25.43242899576823,0,256
001_ABC,33217,152038,0.9832000732421876,77.91434579249471,32.30119832356771,0,256
001_ABC,33217,152294,0.9837493896484376,71.00781259848736,26.6990966796875,0,256
001_ABC,33217,152550,0.9938201904296876,71.27951178117655,27.777633666992188,0,256
001_ABC,33217,152806,0.94146728515625,80.4087518369779,34.00658671061198,0,256
001_ABC,33217,153062,0.992706298828125,75.37580007314682,38.80841064453125,0,256
001_ABC,33217,153318,0.9990997314453124,71.19546150788665,35.94646708170573,0,256
001_ABC,33217,153574,0.9513092041015624,83.18312571849674,39.11792500813802,0,256
001_ABC,33217,153830,0.920654296875,72.60388351394795,31.57532246907552,0,256
001_ABC,33217,154086,0.7323150634765625,61.907139586051926,22.162984212239586,0,256
001_ABC,33473,149990,0.529541015625,59.32262167241424,19.2130126953125,0,256
001_ABC,33473,150246,0.9710845947265624,76.99002642906271,30.76001485188802,0,256
001_ABC,33473,150502,0.99017333984375,74.83250776282512,32.009246826171875,0,256
001_ABC,33473,150758,0.9608612060546876,76.22649876191281,34.61134338378906,0,256
001_ABC,33473,151014,0.952972412109375,78.1714109366294,42.26789855957031,0,256
001_ABC,33473,151270,0.9694366455078124,69.78021232690662,34.40733846028646,0,256
001_ABC,33473,151526,0.9800567626953124,70.5089064380154,29.64691162109375,0,256
001_ABC,33473,151782,0.999053955078125,73.08439739770256,29.88995869954427,0,256
001_ABC,33473,152038,0.99951171875,89.59311271994375,48.54478963216146,0,256
001_ABC,33473,152294,0.9963226318359376,82.35789197101258,33.606058756510414,0,256
001_ABC,33473,152550,0.9959259033203124,80.97553899511695,41.58585103352865,0,256
001_ABC,33473,152806,0.7426910400390625,79.82807490136474,35.46897888183594,0,256
001_ABC,33473,153062,0.952789306640625,76.19352161488496,31.48486836751302,0,256
001_ABC,33473,153318,0.9639434814453124,68.31726640625857,27.16644287109375,0,256
001_ABC,33473,153574,0.996917724609375,70.13998591317795,29.58577473958333,0,256
001_ABC,33473,153830,0.902191162109375,94.92893821536563,39.2263437906901,0,256
001_ABC,33473,154086,0.9636383056640624,80.3432919671759,40.42875671386719,0,256
001_ABC,33473,154342,0.6385650634765625,67.70287537202239,23.858871459960938,0,256
001_ABC,33729,150246,0.0300445556640625,39.33142360672355,6.792063395182292,0,256
001_ABC,33729,150502,0.2326507568359375,46.0198481939733,11.2005615234375,0,256
001_ABC,33729,150758,0.6017913818359375,65.82627493119799,21.19562276204427,0,256
001_ABC,33729,151014,0.9022369384765624,70.75959646864794,28.060689290364586,0,256
001_ABC,33729,151270,0.9877166748046876,73.80371035542339,29.606740315755207,0,256
001_ABC,33729,151526,0.90069580078125,77.6175153106451,26.15687561035156,0,256
001_ABC,33729,151782,0.8975067138671875,79.99327298626304,37.09904988606771,0,256
001_ABC,33729,152038,0.678497314453125,74.48042212426662,40.60634358723959,0,256
001_ABC,33729,152294,0.809783935546875,83.78940756968223,41.42915344238281,0,256
001_ABC,33729,152550,0.683319091796875,78.44082837528549,44.94770304361979,0,256
001_ABC,33729,152806,0.9642486572265624,73.29386899038218,27.08502197265625,0,256
001_ABC,33729,153062,0.9947509765625,78.95046880817972,28.51801045735677,0,256
001_ABC,33729,153318,0.96697998046875,69.6649121036753,25.49330139160156,0,256
001_ABC,33729,153574,0.9943084716796876,83.00198770104907,37.23082987467448,0,256
001_ABC,33729,153830,0.9784698486328124,102.69733140524475,47.15649922688802,0,256
001_ABC,33729,154086,0.972869873046875,89.79183852300048,41.39771525065104,0,256
001_ABC,33729,154342,0.97613525390625,84.21994773275219,34.376800537109375,0,256
001_ABC,33985,150246,0.0,36.6406250090804,5.614079793294271,0,256
001_ABC,33985,150502,0.117706298828125,46.43732889648527,10.028645833333334,0,256
001_ABC,33985,150758,0.15484619140625,50.69412163551897,11.76104736328125,0,256
001_ABC,33985,151014,0.7264251708984375,82.73637132998556,34.59802754720052,0,256
001_ABC,33985,151270,0.983856201171875,86.55647153756581,32.608296712239586,0,256
001_ABC,33985,151526,0.974884033203125,92.43747302121484,38.80089314778646,0,256
001_ABC,33985,151782,0.3609466552734375,63.94184297113679,21.57215881347656,0,256
001_ABC,33985,152038,0.8376617431640625,92.37436667806467,31.116007486979168,0,256
001_ABC,33985,152294,0.780670166015625,88.23007809743285,37.07966613769531,0,256
001_ABC,33985,152550,0.893218994140625,93.03068249835631,32.31310526529948,0,256
001_ABC,33985,152806,0.9987640380859376,77.77785537927411,27.722020467122395,0,256
001_ABC,33985,153062,0.9758758544921876,78.90678142011166,25.76852925618489,0,256
001_ABC,33985,153318,0.988250732421875,70.965834855102,24.177398681640625,0,256
001_ABC,33985,153574,0.9792022705078124,83.88015945977531,30.872507731119796,0,256
001_ABC,33985,153830,0.98089599609375,94.4264143994078,37.0272216796875,0,256
001_ABC,33985,154086,0.999176025390625,85.28969516977668,30.56039428710937,0,256
001_ABC,33985,154342,0.91168212890625,81.01390393730253,32.603485107421875,0,256
001_ABC,34241,150246,0.6031036376953125,82.46548366453499,25.668731689453125,0,256
001_ABC,34241,150502,0.9495849609375,91.83429895248264,34.98522440592448,0,256
001_ABC,34241,150758,0.991363525390625,96.88029899355024,39.76696268717448,0,256
001_ABC,34241,151014,0.6732025146484375,91.597069443902,32.628987630208336,0,256
001_ABC,34241,151270,0.7574462890625,100.1956731302198,36.60896301269531,0,256
001_ABC,34241,151526,0.743438720703125,99.87957382202148,35.36387634277344,0,256
001_ABC,34241,151782,0.761016845703125,94.6027447746601,36.04754130045573,0,256
001_ABC,34241,152038,0.8361358642578125,98.1060852163937,30.145228068033852,0,256
001_ABC,34241,152294,0.76800537109375,82.78902477025986,30.568812052408852,0,256
001_ABC,34241,152550,0.9541168212890624,110.49556822236627,33.98236083984375,0,256
001_ABC,34241,152806,0.816558837890625,97.8011137386784,27.48665364583333,0,256
001_ABC,34241,153062,0.9127044677734376,90.05396976671182,29.36376444498698,0,256
001_ABC,34241,153318,0.98944091796875,76.95327614899725,25.783905029296875,0,256
001_ABC,34241,153574,0.9908599853515624,77.50739829149097,22.8448486328125,0,256
001_ABC,34241,153830,0.9822998046875,90.04186340956949,24.510299682617188,0,256
001_ABC,34241,154086,0.9842987060546876,102.49722891952842,31.70419311523437,0,256
001_ABC,34241,154342,0.7772674560546875,87.17274056375027,29.241063435872395,0,256
001_ABC,34497,150246,0.9571685791015624,89.6941953515634,35.71260070800781,0,256
001_ABC,34497,150502,0.9969940185546876,84.67546243872494,34.105061848958336,0,256
001_ABC,34497,150758,0.9979705810546876,80.93397110677324,32.93004862467448,0,256
001_ABC,34497,151014,0.996978759765625,81.64143840759061,37.299906412760414,0,256
001_ABC,34497,151270,0.998870849609375,98.6133159995079,41.872955322265625,0,256
001_ABC,34497,151526,0.944976806640625,103.306369866943,34.137369791666664,0,256
001_ABC,34497,151782,0.9986572265625,81.61421920335852,30.47009785970052,0,256
001_ABC,34497,152038,0.9110107421875,90.46674938406797,37.62535603841146,0,256
001_ABC,34497,152294,0.594635009765625,74.37811267352663,23.246541341145832,0,256
001_ABC,34497,152550,0.6726531982421875,78.77049158513546,25.607996622721355,0,256
001_ABC,34497,152806,0.7808685302734375,92.6893100142479,32.27839660644531,0,256
001_ABC,34497,153062,0.9781341552734376,92.37466092011891,35.40625,0,256
001_ABC,34497,153318,0.9910736083984376,79.60686629638076,33.76011657714844,0,256
001_ABC,34497,153574,0.9964752197265624,92.80545590817928,33.01428731282552,0,256
001_ABC,34497,153830,0.9361114501953124,99.51762629277071,29.000808715820312,0,256
001_ABC,34497,154086,0.9300537109375,107.33323222375476,36.4225107828776,0,256
001_ABC,34497,154342,0.61346435546875,87.57828897214495,25.99788411458333,0,256
001_ABC,34753,149990,0.619781494140625,67.61341689690016,27.91455586751302,0,256
001_ABC,34753,150246,0.956024169921875,65.98047797358595,37.53709920247396,0,256
001_ABC,34753,150502,0.99664306640625,56.22036054357886,29.138839721679688,0,256
001_ABC,34753,150758,0.9986419677734376,74.27823721407913,42.02217102050781,0,256
001_ABC,34753,151014,0.999908447265625,67.43131970986724,33.78614298502604,0,256
001_ABC,34753,151270,1.0,64.214416093193,34.74596659342448,0,256
001_ABC,34753,151526,0.8705596923828125,71.99492474808358,33.24677022298177,0,256
001_ABC,34753,151782,0.9651641845703124,70.12293236609548,32.80988566080729,0,256
001_ABC,34753,152038,0.978973388671875,66.66681736335158,29.77777099609375,0,256
001_ABC,34753,152294,0.83538818359375,58.84060867107473,23.6849365234375,0,256
001_ABC,34753,152550,0.9943695068359376,54.890542729757726,27.644734700520832,0,256
001_ABC,34753,152806,0.8887939453125,61.70764392241836,27.004038492838543,0,256
001_ABC,34753,153062,0.441864013671875,58.09238877799362,18.968556722005207,0,256
001_ABC,34753,153318,0.8097991943359375,73.7610814832151,30.21148681640625,0,256
001_ABC,34753,153574,0.7830963134765625,81.34738051518798,30.13763936360677,0,256
001_ABC,34753,153830,0.6999359130859375,76.37740675336681,29.779769897460938,0,256
001_ABC,34753,154086,0.92413330078125,90.40034155151808,34.26677449544271,0,256
001_ABC,34753,154342,0.4466552734375,54.88415217027068,16.334691365559895,0,256
001_ABC,35009,149734,0.478729248046875,57.35137843992561,16.951619466145832,0,256
001_ABC,35009,149990,0.99334716796875,76.95561134046875,34.45013427734375,0,256
001_ABC,35009,150246,0.999969482421875,55.730659692548215,29.97686767578125,0,256
001_ABC,35009,150502,0.9870758056640624,57.72796466574073,25.608169555664062,0,256
001_ABC,35009,150758,1.0,68.3555092215538,36.66266886393229,0,256
001_ABC,35009,151014,1.0,68.57472197129391,34.29271952311198,0,256
001_ABC,35009,151270,1.0,71.15788031532429,34.909271240234375,0,256
001_ABC,35009,151526,0.5487060546875,67.02535689785145,26.172622680664062,0,256
001_ABC,35009,151782,0.9109039306640624,68.15007849945687,31.3817138671875,0,256
001_ABC,35009,152038,0.9979248046875,62.40130089223385,24.631561279296875,0,256
001_ABC,35009,152294,0.9990997314453124,58.87674686475657,26.54310607910156,0,256
001_ABC,35009,152550,1.0,56.92366584762931,27.46746317545573,0,256
001_ABC,35009,152806,1.0,62.26373638189398,30.975484212239586,0,256
001_ABC,35009,153062,1.0,72.45112680550665,37.76976521809896,0,256
001_ABC,35009,153318,0.7730255126953125,74.68655763543211,27.48547871907552,0,256
001_ABC,35009,153574,0.8911590576171875,87.55755577981472,36.81610616048177,0,256
001_ABC,35009,153830,0.5653076171875,72.26023721322417,25.69539388020833,0,256
001_ABC,35009,154086,0.8814849853515625,69.17333167791367,30.210001627604168,0,256
001_ABC,35265,149222,0.8721466064453125,73.86435383162461,31.623306274414062,0,256
001_ABC,35265,149478,0.9979400634765624,67.20645709312521,30.505818684895832,0,256
001_ABC,35265,149734,1.0,70.09596180706285,31.77466328938802,0,256
001_ABC,35265,149990,0.9995880126953124,69.7943260257598,29.881907145182293,0,256
001_ABC,35265,150246,1.0,57.38490698277019,28.88751729329427,0,256
001_ABC,35265,150502,0.9972381591796876,60.82046603783965,27.035191853841145,0,256
001_ABC,35265,150758,0.9994049072265624,57.70089383027516,25.291178385416668,0,256
001_ABC,35265,151014,1.0,69.09771977900527,33.56263224283854,0,256
001_ABC,35265,151270,1.0,70.47266875114292,36.13304646809896,0,256
001_ABC,35265,151526,0.5470123291015625,69.20439124107361,21.926305135091145,0,256
001_ABC,35265,151782,0.5726165771484375,65.27845075516962,20.23309326171875,0,256
001_ABC,35265,152038,0.978363037109375,73.7932645296678,29.44539388020833,0,256
001_ABC,35265,152294,1.0,62.58245413540863,27.866683959960938,0,256
001_ABC,35265,152550,0.9998321533203124,62.92393864295445,29.992589314778645,0,256
001_ABC,35265,152806,0.921661376953125,73.17152005224489,38.07218933105469,0,256
001_ABC,35265,153062,0.9474334716796876,71.65054263081402,37.12249247233073,0,256
001_ABC,35265,153318,0.999664306640625,74.35646888031624,33.72308349609375,0,256
001_ABC,35265,153574,0.996002197265625,67.54781144857407,30.96087137858073,0,256
001_ABC,35265,153830,0.9727783203125,72.78797472990118,30.859202067057293,0,256
001_ABC,35265,154086,0.365875244140625,61.48220036923885,19.109385172526043,0,256
001_ABC,35521,149222,0.99871826171875,76.57961922045797,33.58445739746094,0,256
001_ABC,35521,149478,1.0,77.12151312828064,35.441141764322914,0,256
001_ABC,35521,149734,1.0,78.70705962181091,31.028177897135414,0,256
001_ABC,35521,149990,0.9996337890625,75.2235908349976,25.707789103190105,0,256
001_ABC,35521,150246,1.0,64.23468744382262,29.06970723470052,0,256
001_ABC,35521,150502,1.0,65.67060629930347,30.611231486002605,0,256
001_ABC,35521,150758,0.9994049072265624,65.42793718515895,29.301478068033852,0,256
001_ABC,35521,151014,0.9997406005859376,73.70685722469352,39.00272115071615,0,256
001_ABC,35521,151270,0.999847412109375,82.82675196207128,41.5422617594401,0,256
001_ABC,35521,151526,0.8816680908203125,75.01105445623398,36.492899576822914,0,256
001_ABC,35521,151782,0.4502105712890625,70.76246808818541,21.134145100911457,0,256
001_ABC,35521,152038,1.0,95.80480855610222,41.626078287760414,0,256
001_ABC,35521,152294,1.0,63.18691874947399,28.13728841145833,0,256
001_ABC,35521,152550,1.0,66.58156449510716,27.946085611979168,0,256
001_ABC,35521,152806,1.0,76.04823172627948,34.141520182291664,0,256
001_ABC,35521,153062,0.7667694091796875,90.6094118943438,33.8141835530599,0,256
001_ABC,35521,153318,0.99615478515625,78.57658078311943,35.53023783365885,0,256
001_ABC,35521,153574,0.7703094482421875,64.18968119635247,24.14876302083333,0,256
001_ABC,35521,153830,0.0980377197265625,53.857030000537634,9.620625813802084,0,256
001_ABC,35777,148966,0.9442596435546876,67.63463383819908,31.706639607747395,0,256
001_ABC,35777,149222,1.0,78.10652158758603,32.250640869140625,0,256
001_ABC,35777,149478,0.9836578369140624,88.75561360805295,38.56306457519531,0,256
001_ABC,35777,149734,0.997222900390625,85.05489065870643,29.65028381347656,0,256
001_ABC,35777,149990,0.996826171875,90.04970920248888,26.986928304036457,0,256
001_ABC,35777,150246,0.9979705810546876,72.29974819626659,28.937601725260414,0,256
001_ABC,35777,150502,0.9981689453125,68.02914260234684,27.48190816243489,0,256
001_ABC,35777,150758,0.9995880126953124,75.23834064579569,29.104624430338543,0,256
001_ABC,35777,151014,0.99981689453125,78.03087246580981,29.385172526041668,0,256
001_ABC,35777,151270,0.9782562255859376,77.1939948273357,33.733428955078125,0,256
001_ABC,35777,151526,0.9854736328125,79.93530877586454,38.07796732584635,0,256
001_ABC,35777,151782,0.779327392578125,84.69667543633841,34.68067423502604,0,256
001_ABC,35777,152038,0.853271484375,96.68417346454224,34.5102284749349,0,256
001_ABC,35777,152294,1.0,69.67211812734604,31.356343587239586,0,256
001_ABC,35777,152550,0.9998321533203124,73.98281538393348,29.42079162597656,0,256
001_ABC,35777,152806,1.0,76.44608750101179,36.25231424967448,0,256
001_ABC,35777,153062,0.8616790771484375,114.66201790585184,40.442036946614586,0,256
001_ABC,35777,153318,0.687255859375,89.6314275180921,32.29337056477865,0,256
001_ABC,35777,153574,0.1895904541015625,58.62283459212631,12.490269978841146,0,256
001_ABC,36033,148710,0.562957763671875,67.00690915226005,23.265233357747395,0,256
001_ABC,36033,148966,1.0,76.0421662889421,33.56639099121094,0,256
001_ABC,36033,149222,1.0,76.19654842256568,33.43694559733073,0,256
001_ABC,36033,149478,1.0,87.31538391113281,34.18623352050781,0,256
001_ABC,36033,149734,0.9979400634765624,98.12756673782133,34.75689188639323,0,256
001_ABC,36033,149990,0.9562225341796876,103.6320289929863,30.694132486979168,0,256
001_ABC,36033,150246,0.931549072265625,75.30362043878995,26.18364969889323,0,256
001_ABC,36033,150502,0.9972076416015624,77.53230901597999,27.9656982421875,0,256
001_ABC,36033,150758,0.9998626708984376,78.05254286434501,31.26326497395833,0,256
001_ABC,36033,151014,0.7173309326171875,76.57105283346027,23.34470113118489,0,256
001_ABC,36033,151270,0.836334228515625,93.68236708641052,37.89636739095052,0,256
001_ABC,36033,151526,0.9068603515625,90.84582127607428,36.49342346191406,0,256
001_ABC,36033,151782,0.8935699462890625,95.74820552556776,40.311625162760414,0,256
001_ABC,36033,152038,0.9408721923828124,112.03640880342572,36.94895935058594,0,256
001_ABC,36033,152294,0.7533111572265625,70.46669549657963,23.527943929036457,0,256
001_ABC,36033,152550,0.191497802734375,51.88424826762639,10.60687255859375,0,256
001_ABC,36033,152806,0.5023651123046875,67.41036954312585,20.09792073567708,0,256
001_ABC,36289,148710,1.0,74.24933501868509,38.61958821614584,0,256
001_ABC,36289,148966,1.0,76.83169487770647,33.73119099934896,0,256
001_ABC,36289,149222,1.0,87.64189130975865,34.52179972330729,0,256
001_ABC,36289,149478,1.0,81.05286293849349,33.63542175292969,0,256
001_ABC,36289,149734,1.0,90.00794815621339,32.28404744466146,0,256
001_ABC,36289,149990,0.9912109375,102.0521029548254,29.1302490234375,0,256
001_ABC,36289,150246,0.80499267578125,89.78953414200805,22.89104715983073,0,256
001_ABC,36289,150502,0.9351348876953124,98.46629461064003,25.112457275390625,0,256
001_ABC,36289,150758,0.9123077392578124,91.85618543601596,23.47589111328125,0,256
001_ABC,36289,151014,0.74346923828125,94.44791855826044,20.100240071614586,0,256
001_ABC,36289,151270,0.2932586669921875,69.7614879400935,16.072367350260418,0,256
001_ABC,36289,151526,0.3956756591796875,69.50076230987906,18.007166544596355,0,256
001_ABC,36545,148710,0.997222900390625,62.15002256538719,30.91205342610677,0,256
001_ABC,36545,148966,0.999359130859375,69.68868194520473,33.113525390625,0,256
001_ABC,36545,149222,0.9993743896484376,76.50926084420644,35.523091634114586,0,256
001_ABC,36545,149478,0.99859619140625,71.78714459296316,33.926666259765625,0,256
001_ABC,36545,149734,0.999908447265625,72.45075622852892,35.30177307128906,0,256
001_ABC,36545,149990,0.9918975830078124,78.85074117407203,35.6562754313151,0,256
001_ABC,36545,150246,0.6455535888671875,69.75754629238509,22.080963134765625,0,256
001_ABC,36545,150502,0.662811279296875,64.86327387299389,30.399693806966145,0,256
001_ABC,36545,150758,0.757293701171875,70.02490064129233,30.176060994466145,0,256
001_ABC,36545,151014,0.6844940185546875,70.99982805899344,19.969813028971355,0,256
001_ABC,36545,151270,0.38018798828125,57.50454577966593,13.963175455729166,0,256
001_ABC,36545,151526,0.0,35.359220690093935,4.902862548828125,0,256
001_ABC,36801,148710,0.9864959716796876,59.90057635959238,33.285888671875,0,256
001_ABC,36801,148966,0.9409332275390624,63.94283063500188,35.470316569010414,0,256
001_ABC,36801,149222,0.6330718994140625,59.9373499059584,44.11954243977865,0,256
001_ABC,36801,149478,0.6287841796875,60.36203255481087,41.72701517740885,0,256
001_ABC,36801,149734,0.746063232421875,62.58448269590736,43.55338033040365,0,256
001_ABC,36801,149990,0.772216796875,71.87938904389739,41.7706553141276,0,256
001_ABC,36801,150246,0.963714599609375,68.94566240697168,41.73017883300781,0,256
001_ABC,36801,150502,0.9939727783203124,61.12099483516067,36.17115275065104,0,256
001_ABC,36801,150758,0.9844207763671876,67.03598922491074,35.41807556152344,0,256
001_ABC,36801,151014,0.5717315673828125,57.36850903835148,23.926472981770832,0,256
001_ABC,36801,151270,0.0710601806640625,34.71651678904891,6.703481038411458,0,256
001_ABC,36801,151526,0.0,29.552403225563467,4.649190266927083,0,256
001_ABC,37057,148710,0.7255859375,76.44571128115058,21.849029541015625,0,256
001_ABC,37057,148966,0.8419036865234375,72.041175350314,26.50851949055989,0,256
001_ABC,37057,149222,0.92999267578125,74.37450766563416,36.41890462239584,0,256
001_ABC,37057,149478,0.97503662109375,80.00520207337104,41.572296142578125,0,256
001_ABC,37057,149734,0.996246337890625,74.10568528529257,34.40228780110677,0,256
001_ABC,37057,149990,0.9938507080078124,81.13138143508695,33.35363260904948,0,256
001_ABC,37057,150246,0.9930877685546876,74.23970529064536,31.170669555664062,0,256
001_ABC,37057,150502,0.9952239990234376,69.75631429604255,31.46612040201823,0,256
001_ABC,37057,150758,0.9997711181640624,68.92298003821634,30.56123352050781,0,256
001_ABC,37057,151014,0.9316558837890624,64.50140641629696,31.93732198079427,0,256
001_ABC,37057,151270,0.3861236572265625,48.832028643926606,18.462682088216145,0,256
001_ABC,37057,151526,0.0226593017578125,34.072494487976655,6.371958414713542,0,256
001_ABC,37313,149222,0.7198944091796875,77.60397162823938,26.800633748372395,0,256
001_ABC,37313,149478,0.9860992431640624,82.9664454755839,32.80094909667969,0,256
001_ABC,37313,149734,0.99884033203125,75.49710794701241,35.83529154459635,0,256
001_ABC,37313,149990,0.998931884765625,82.36092175892554,32.400238037109375,0,256
001_ABC,37313,150246,0.99615478515625,76.19415729842149,28.172566731770832,0,256
001_ABC,37313,150502,0.997772216796875,76.57804237306118,35.0022939046224,0,256
001_ABC,37313,150758,0.984619140625,82.94044462754391,48.65888977050781,0,256
001_ABC,37313,151014,0.9948883056640624,77.61298727989197,45.73612976074219,0,256
001_ABC,37313,151270,0.9824371337890624,75.69637889321893,39.87830607096354,0,256
001_ABC,37313,151526,0.657012939453125,58.06045322841965,31.70386250813802,0,256
001_ABC,37569,149478,0.9837493896484376,85.04132235771976,30.424479166666668,0,256
001_ABC,37569,149734,0.995513916015625,91.72082252777182,38.19196065266927,0,256
001_ABC,37569,149990,0.9986114501953124,87.2474418131169,35.75873819986979,0,256
001_ABC,37569,150246,0.9799041748046876,82.7392266986426,34.730804443359375,0,256
001_ABC,37569,150502,0.91668701171875,86.9855835698545,45.11308797200521,0,256
001_ABC,37569,150758,0.9462738037109376,79.81480507156812,49.00770060221354,0,256
001_ABC,37569,151014,0.839385986328125,73.95814494579099,44.93952941894531,0,256
001_ABC,37569,151270,0.999481201171875,74.91933419718407,35.05851745605469,0,256
001_ABC,37569,151526,0.983062744140625,74.65519810072146,36.98243204752604,0,256
001_ABC,37569,151782,0.676788330078125,65.65471846959554,45.57890828450521,0,256
001_ABC,37825,149478,0.98406982421875,104.90956187155098,34.991058349609375,0,256
001_ABC,37825,149734,0.994110107421875,95.03810857236384,34.42888895670573,0,256
001_ABC,37825,149990,0.7474822998046875,83.27082111663185,36.36382039388021,0,256
001_ABC,37825,150246,0.3385467529296875,53.51714946236461,20.31513977050781,0,256
001_ABC,37825,150502,0.81329345703125,79.89844281878322,42.8798828125,0,256
001_ABC,37825,150758,0.9249725341796876,86.3440476320684,40.77959696451823,0,256
001_ABC,37825,151014,0.9996185302734376,82.04211281891912,60.88154602050781,0,256
001_ABC,37825,151270,1.0,75.0513406319078,34.297709147135414,0,256
001_ABC,37825,151526,0.9987640380859376,81.51963123306632,37.6452382405599,0,256
001_ABC,37825,151782,0.833404541015625,78.61227035522461,32.80083719889323,0,256
001_ABC,37825,152038,0.0309600830078125,33.1471063492354,5.399871826171875,0,256
001_ABC,38081,149478,0.989349365234375,99.32704302296042,35.10163370768229,0,256
001_ABC,38081,149734,0.7995147705078125,99.46825530286878,45.39924621582031,0,256
001_ABC,38081,149990,0.3987579345703125,74.8190695696976,26.287790934244796,0,256
001_ABC,38081,150246,0.8830108642578125,80.57317059859633,37.680440266927086,0,256
001_ABC,38081,150502,0.99542236328125,97.49280354916118,36.91703796386719,0,256
001_ABC,38081,150758,0.9900665283203124,88.18977893795818,32.75584920247396,0,256
001_ABC,38081,151014,0.9563446044921876,90.5628381872084,42.634185791015625,0,256
001_ABC,38081,151270,0.9777374267578124,95.8772110901773,42.04713439941406,0,256
001_ABC,38081,151526,0.5062713623046875,66.58128994330764,20.440109252929688,0,256
001_ABC,38081,151782,0.4699554443359375,61.25324624753557,25.70457967122396,0,256
001_ABC,38081,152038,0.177154541015625,41.669386436929926,10.21105448404948,0,256
001_ABC,38337,149478,0.947845458984375,100.9872168560978,34.615498860677086,0,256
001_ABC,38337,149734,0.9394683837890624,117.95808527525514,46.372100830078125,0,256
001_ABC,38337,149990,0.97406005859375,113.88434228952974,40.26630147298177,0,256
001_ABC,38337,150246,0.7874298095703125,82.39075044449419,38.10431925455729,0,256
001_ABC,38337,150502,0.980743408203125,113.10734695196152,56.044942220052086,0,256
001_ABC,38337,150758,0.9862213134765624,92.40840067877434,33.699005126953125,0,256
001_ABC,38337,151014,0.99676513671875,97.13990384317005,40.37217712402344,0,256
001_ABC,38337,151270,0.978179931640625,100.12285081949084,33.08302307128906,0,256
001_ABC,38337,151526,0.7779998779296875,83.251570164226,24.81231180826823,0,256
001_ABC,38337,151782,0.2639617919921875,47.05000704154372,14.672332763671877,0,256
001_ABC,38337,152038,0.2417755126953125,47.36317371483892,13.044275919596354,0,256
001_ABC,38593,149734,0.8786468505859375,96.1389463506639,31.2813720703125,0,256
001_ABC,38593,149990,0.8323516845703125,89.48462757095695,40.56245930989584,0,256
001_ABC,38593,150246,0.8855133056640625,79.56456575146876,35.434356689453125,0,256
001_ABC,38593,150502,0.997039794921875,85.18138722982258,32.236226399739586,0,256
001_ABC,38593,150758,0.9832305908203124,89.29200478061102,40.23160298665365,0,256
001_ABC,38593,151014,0.999176025390625,75.60111413802952,30.392542521158852,0,256
001_ABC,38593,151270,0.9837646484375,74.45400442904793,30.807576497395832,0,256
001_ABC,38593,151526,0.997222900390625,81.52790575823747,31.89401753743489,0,256
001_ABC,38593,151782,0.6982879638671875,59.76702666282654,20.40511067708333,0,256
001_ABC,38593,152038,0.2312469482421875,50.50798046216369,14.673543294270834,0,256
001_ABC,38849,149734,0.2333831787109375,47.372985429130495,11.50189208984375,0,256
001_ABC,38849,149990,0.968719482421875,69.30620536860079,29.719777425130207,0,256
001_ABC,38849,150246,1.0,79.66335193719715,33.52497355143229,0,256
001_ABC,38849,150502,1.0,72.85322146466933,30.854909261067707,0,256
001_ABC,38849,150758,1.0,65.42988398834132,28.27099100748698,0,256
001_ABC,38849,151014,1.0,67.76249018218368,30.827000935872395,0,256
001_ABC,38849,151270,1.0,73.02278937003575,30.080846150716145,0,256
001_ABC,38849,151526,1.0,67.30812850221992,31.51522827148437,0,256
001_ABC,38849,151782,0.996124267578125,65.41344326362014,27.639292399088543,0,256
001_ABC,38849,152038,0.292938232421875,45.96094078477472,11.764734903971354,0,256
001_ABC,39105,149734,0.57171630859375,66.59522167197429,20.809799194335938,0,256
001_ABC,39105,149990,0.808074951171875,79.92400285508484,27.82019551595052,0,256
001_ABC,39105,150246,0.9781646728515624,79.74591578706168,29.996632893880207,0,256
001_ABC,39105,150502,1.0,69.38519237842411,28.79620361328125,0,256
001_ABC,39105,150758,1.0,73.28292311890982,29.357462565104168,0,256
001_ABC,39105,151014,1.0,65.1879385849461,31.655675252278645,0,256
001_ABC,39105,151270,0.9999542236328124,72.77124532661401,34.19634501139323,0,256
001_ABC,39105,151526,1.0,73.0839144429192,31.688084920247395,0,256
001_ABC,39105,151782,0.9344635009765624,65.50294732465409,26.33577473958333,0,256
001_ABC,39105,152038,0.248931884765625,52.49917101487517,11.024363199869793,0,256
001_ABC,39361,149734,0.9155731201171876,72.77504926547408,29.245157877604168,0,256
001_ABC,39361,149990,0.9996337890625,113.07116507715546,59.91351826985677,0,256
001_ABC,39361,150246,1.0,94.39745628740638,40.0870361328125,0,256
001_ABC,39361,150502,1.0,80.95163228269666,32.69830830891927,0,256
001_ABC,39361,150758,1.0,82.36616145051084,31.260157267252605,0,256
001_ABC,39361,151014,1.0,80.19519770797342,32.39312744140625,0,256
001_ABC,39361,151270,1.0,80.86710143089294,34.11417134602865,0,256
001_ABC,39361,151526,1.0,73.60964679322205,35.168111165364586,0,256
001_ABC,39361,151782,0.8759002685546875,70.4598268866539,34.046600341796875,0,256
001_ABC,39361,152038,0.0023651123046875,46.76434609643184,6.5620473225911455,0,256
001_ABC,39617,149734,0.886138916015625,79.6947428563144,30.782826741536457,0,256
001_ABC,39617,149990,1.0,98.70156702189706,41.46513875325521,0,256
001_ABC,39617,150246,0.9854736328125,116.9937654696405,57.59283447265625,0,256
001_ABC,39617,150502,1.0,116.26270359382032,44.99346415201823,0,256
001_ABC,39617,150758,1.0,88.43904853519052,40.45391337076823,0,256
001_ABC,39617,151014,1.0,90.1228482723236,38.32012430826823,0,256
001_ABC,39617,151270,1.0,91.22583098313773,38.83407084147135,0,256
001_ABC,39617,151526,1.0,91.90969721134752,39.763895670572914,0,256
001_ABC,39617,151782,0.8023681640625,79.83309822436422,28.437327067057293,0,256
001_ABC,39873,149734,0.999786376953125,90.90850740578026,30.64085896809896,0,256
001_ABC,39873,149990,1.0,100.96032474096864,30.456583658854168,0,256
001_ABC,39873,150246,1.0,105.08082406572066,38.36041768391927,0,256
001_ABC,39873,150502,1.0,103.84453915059566,38.55282084147135,0,256
001_ABC,39873,150758,1.0,121.64922001119704,41.38288879394531,0,256
001_ABC,39873,151014,1.0,116.78007866046391,39.396026611328125,0,256
001_ABC,39873,151270,1.0,122.54645850113592,41.16590881347656,0,256
001_ABC,39873,151526,1.0,110.10706778406166,40.904876708984375,0,256
001_ABC,39873,151782,0.235076904296875,67.21069509512745,14.183125813802084,0,256
001_ABC,40129,149478,0.705841064453125,80.22581244423054,22.081675211588543,0,256
001_ABC,40129,149734,0.999847412109375,89.17885647621006,30.58905537923177,0,256
001_ABC,40129,149990,1.0,99.864351546159,32.205230712890625,0,256
001_ABC,40129,150246,1.0,109.08471341338009,32.948262532552086,0,256
001_ABC,40129,150502,1.0,114.4082073410973,34.13508605957031,0,256
001_ABC,40129,150758,0.9998779296875,114.34408285073005,39.87531534830729,0,256
001_ABC,40129,151014,0.9253997802734376,113.2236432051286,39.57730611165365,0,256
001_ABC,40129,151270,0.9875030517578124,138.9819028673228,62.45943196614584,0,256
001_ABC,40129,151526,0.918731689453125,174.0682367226109,68.32473246256511,0,256
001_ABC,40129,151782,0.1317596435546875,68.22639191802591,13.998306274414062,0,256
001_ABC,40385,149734,0.9974365234375,91.5899686506018,29.90718078613281,0,256
001_ABC,40385,149990,0.9996337890625,99.52169978036544,30.41574605305989,0,256
001_ABC,40385,150246,1.0,101.47276757657528,39.91130065917969,0,256
001_ABC,40385,150502,1.0,109.85383854224348,41.84379069010416,0,256
001_ABC,40385,150758,0.9999542236328124,122.037113832077,34.897186279296875,0,256
001_ABC,40385,151014,1.0,114.57777717313728,35.3996327718099,0,256
001_ABC,40385,151270,0.98712158203125,120.04557070857844,46.973470052083336,0,256
001_ABC,40385,151526,0.372039794921875,85.38048111065291,21.757583618164062,0,256
001_ABC,40641,149734,0.8187255859375,64.80694241728634,28.29967753092448,0,256
001_ABC,40641,149990,0.98565673828125,68.35519203450531,24.97981770833333,0,256
001_ABC,40641,150246,0.9754180908203124,74.15315678343177,32.18866984049479,0,256
001_ABC,40641,150502,0.999420166015625,79.90800945996307,36.540771484375,0,256
001_ABC,40641,150758,0.95355224609375,68.30440758168697,34.22692362467448,0,256
001_ABC,40641,151014,0.625579833984375,65.99789395090193,23.149088541666668,0,256
001_ABC,40641,151270,0.16552734375,52.37794237188064,11.026504516601562,0,256
001_ABC,40641,156134,0.576690673828125,66.71196168661118,20.53181966145833,0,256
001_ABC,40897,149990,0.9669189453125,58.993175798794255,31.137049357096355,0,256
001_ABC,40897,150246,0.9829559326171876,58.57801507413387,27.317108154296875,0,256
001_ABC,40897,150502,0.990081787109375,57.00562628731132,35.45470174153646,0,256
001_ABC,40897,150758,0.6099700927734375,53.25174334994517,20.890696207682293,0,256
001_ABC,40897,151014,0.0,35.658868212020025,5.600387573242188,0,256
001_ABC,40897,151270,0.0,35.35152203938924,5.450714111328125,0,256
001_ABC,40897,155622,0.86114501953125,69.60176106891595,24.51281229654948,0,256
001_ABC,40897,155878,0.9894866943359376,69.70273128873669,27.900553385416668,0,256
001_ABC,40897,156134,0.935546875,75.18897618260235,26.34014892578125,0,256
001_ABC,40897,156390,0.482177734375,61.40863731293939,16.716710408528645,0,256
001_ABC,41153,149990,0.687591552734375,60.06927431910299,23.2830810546875,0,256
001_ABC,41153,150246,0.9950103759765624,61.65214700903744,30.524607340494796,0,256
001_ABC,41153,150502,0.97393798828125,63.15621228306554,29.67952473958333,0,256
001_ABC,41153,150758,0.6381378173828125,58.51009181793779,20.85311889648437,0,256
001_ABC,41153,151014,0.0256195068359375,38.12243531644344,6.2932383219401045,0,256
001_ABC,41153,151270,0.0,36.14494615397416,5.4103139241536455,0,256
001_ABC,41153,153318,0.8813323974609375,72.34928637347184,35.207926432291664,0,256
001_ABC,41153,155366,0.9428253173828124,77.57499925699085,31.96679178873698,0,256
001_ABC,41153,155622,0.8951263427734375,68.92529249098152,29.96356709798177,0,256
001_ABC,41153,155878,0.9951324462890624,72.65496395528316,30.205968221028645,0,256
001_ABC,41153,156134,0.9962921142578124,82.5563566328492,30.99240620930989,0,256
001_ABC,41153,156390,0.9158477783203124,78.7685037702322,27.09641011555989,0,256
001_ABC,41409,150246,0.96942138671875,68.44623292027973,28.27021789550781,0,256
001_ABC,41409,150502,0.9828338623046876,63.35673875268549,29.489552815755207,0,256
001_ABC,41409,150758,0.996337890625,64.1126703619957,34.150655110677086,0,256
001_ABC,41409,151014,0.4180755615234375,50.406475601485,17.75139872233073,0,256
001_ABC,41409,151270,0.0231170654296875,39.550788366934285,6.137583414713542,0,256
001_ABC,41409,153318,0.968658447265625,74.43071196577512,46.3695068359375,0,256
001_ABC,41409,153574,0.77105712890625,71.29708619765006,29.665191650390625,0,256
001_ABC,41409,155366,0.811004638671875,71.67308955616318,25.345667521158852,0,256
001_ABC,41409,155622,0.5858306884765625,63.20776178594679,21.481521606445312,0,256
001_ABC,41409,155878,0.788818359375,66.59815973765217,24.38755798339844,0,256
001_ABC,41409,156134,0.9954986572265624,83.27843596693128,31.22765604654948,0,256
001_ABC,41409,156390,1.0,90.55333887040617,31.15490214029948,0,256
001_ABC,41409,156646,0.3599395751953125,62.21000510989688,16.173909505208332,0,256
001_ABC,41665,150246,0.837310791015625,64.90352569520473,25.07322184244792,0,256
001_ABC,41665,150502,0.9586334228515624,64.5115187203046,30.237940470377605,0,256
001_ABC,41665,150758,0.9803466796875,65.7664795012679,28.30676778157552,0,256
001_ABC,41665,151014,0.9022064208984376,67.06024450063705,27.356404622395832,0,256
001_ABC,41665,151270,0.7868499755859375,63.569954126141965,23.774510701497395,0,256
001_ABC,41665,151526,0.7433319091796875,63.49021855159663,23.63434346516927,0,256
001_ABC,41665,153318,0.9144744873046876,71.40069564338773,37.20763651529948,0,256
001_ABC,41665,153574,0.5998382568359375,67.59603866096586,23.846811930338543,0,256
001_ABC,41665,153830,0.44854736328125,64.40633950289339,20.681961059570312,0,256
001_ABC,41665,154086,0.8960723876953125,78.04168244428001,31.17529805501302,0,256
001_ABC,41665,154342,0.9426727294921876,91.04045604518616,31.762710571289062,0,256
001_ABC,41665,154598,0.9798583984375,83.47092336043715,29.7528076171875,0,256
001_ABC,41665,154854,0.851043701171875,75.43571852054447,23.295562744140625,0,256
001_ABC,41665,155110,0.62103271484375,70.75582758244127,19.96136983235677,0,256
001_ABC,41665,155366,0.6029205322265625,61.90852795541287,23.470535278320312,0,256
001_ABC,41665,155622,0.0220489501953125,42.98747487529181,6.70702616373698,0,256
001_ABC,41665,155878,0.51385498046875,73.94112860574387,17.34368387858073,0,256
001_ABC,41665,156134,0.9791412353515624,96.72105211019516,32.2762196858724,0,256
001_ABC,41665,156390,1.0,93.4086240073666,32.80424499511719,0,256
001_ABC,41665,156646,0.540435791015625,68.47212925180793,19.49646504720052,0,256
001_ABC,41921,150502,0.8817901611328125,63.65717175020836,30.471939086914062,0,256
001_ABC,41921,150758,0.9678192138671876,71.16038394696079,27.76123046875,0,256
001_ABC,41921,151014,0.997344970703125,79.5037953199353,29.33342997233073,0,256
001_ABC,41921,151270,0.943450927734375,70.37269377708435,30.93150329589844,0,256
001_ABC,41921,151526,0.7365875244140625,72.06598351313733,25.13436889648437,0,256
001_ABC,41921,151782,0.5308380126953125,66.37173238303512,20.542694091796875,0,256
001_ABC,41921,152038,0.913604736328125,79.7519591897726,38.40938822428385,0,256
001_ABC,41921,152294,0.978759765625,82.48468014225364,47.830108642578125,0,256
001_ABC,41921,152550,0.8286895751953125,78.20302558597177,30.169687906901043,0,256
001_ABC,41921,152806,0.8826904296875,75.87039544805884,30.78794860839844,0,256
001_ABC,41921,153062,0.366241455078125,58.7412249983754,16.437337239583332,0,256
001_ABC,41921,153318,0.97210693359375,73.72059239353985,34.9556884765625,0,256
001_ABC,41921,153574,0.8120269775390625,72.80503996834159,27.429107666015625,0,256
001_ABC,41921,153830,0.911834716796875,88.20799219957553,32.09825642903646,0,256
001_ABC,41921,154086,0.9596405029296876,90.5232674626168,32.440287272135414,0,256
001_ABC,41921,154342,0.9949493408203124,92.53585563949308,31.90753682454427,0,256
001_ABC,41921,154598,0.950439453125,93.72276518656872,30.115620930989586,0,256
001_ABC,41921,154854,0.8566131591796875,90.65601458307356,24.639490763346355,0,256
001_ABC,41921,155110,0.7371368408203125,72.21642753109336,22.50720723470052,0,256
001_ABC,41921,155366,0.4783172607421875,57.788650227477774,18.43989562988281,0,256
001_ABC,41921,155622,0.0,42.64492557942867,5.9126536051432295,0,256
001_ABC,41921,155878,0.7809600830078125,80.39164677425288,25.795338948567707,0,256
001_ABC,41921,156134,0.9134063720703124,102.92742012348026,40.07340494791666,0,256
001_ABC,41921,156390,0.996978759765625,100.15090594044888,37.38944498697917,0,256
001_ABC,41921,156646,0.7653656005859375,81.27836374100298,29.20372009277344,0,256
001_ABC,42177,150758,0.8572845458984375,70.35790343489498,28.642059326171875,0,256
001_ABC,42177,151014,0.814697265625,72.95635712053627,24.008575439453125,0,256
001_ABC,42177,151270,0.6181182861328125,63.111204779706895,19.26842753092448,0,256
001_ABC,42177,151526,0.803314208984375,72.63650055951439,27.419845581054688,0,256
001_ABC,42177,151782,0.817291259765625,80.24354422255419,30.66729227701823,0,256
001_ABC,42177,152038,0.8579864501953125,87.98086142167449,32.16265869140625,0,256
001_ABC,42177,152294,0.850738525390625,81.6575893079862,36.37471516927084,0,256
001_ABC,42177,152550,0.9948577880859376,92.21288405358791,37.76015218098959,0,256
001_ABC,42177,152806,0.4583587646484375,69.6861290698871,19.879684448242188,0,256
001_ABC,42177,153062,0.507080078125,67.76357730454765,24.435760498046875,0,256
001_ABC,42177,153318,1.0,78.47669413592666,41.46959940592448,0,256
001_ABC,42177,153574,0.9476165771484376,84.28742069355212,37.30793762207031,0,256
001_ABC,42177,153830,0.8186492919921875,82.88137602806091,29.71948750813802,0,256
001_ABC,42177,154086,0.848663330078125,92.73833706136791,29.762781778971355,0,256
001_ABC,42177,154342,0.9844512939453124,102.98729742667638,35.56927998860677,0,256
001_ABC,42177,154598,0.9629364013671876,112.9178417166695,37.01264444986979,0,256
001_ABC,42177,154854,0.9550933837890624,100.3995092175901,30.25071207682292,0,256
001_ABC,42177,155110,0.6372528076171875,75.62542464002036,20.578872680664062,0,256
001_ABC,42177,155366,0.419586181640625,60.07063176087104,15.583719889322916,0,256
001_ABC,42177,155622,0.0,41.81604265770875,5.7674916585286455,0,256
001_ABC,42177,155878,0.39654541015625,67.63641535653733,19.444188435872395,0,256
001_ABC,42177,156134,0.8889312744140625,101.48464824166147,34.22050476074219,0,256
001_ABC,42177,156390,0.98626708984375,107.07609095028602,41.15051778157552,0,256
001_ABC,42177,156646,0.746368408203125,87.66261643823236,28.78253173828125,0,256
001_ABC,42433,152038,0.5079803466796875,69.75858509144746,22.38937886555989,0,256
001_ABC,42433,152294,0.926239013671875,85.24938398227096,34.73677571614584,0,256
001_ABC,42433,152550,0.5902099609375,77.04566890164278,23.23511250813802,0,256
001_ABC,42433,152806,0.0844879150390625,58.56123281619512,10.552469889322916,0,256
001_ABC,42433,153062,0.89727783203125,101.63767284876668,38.84375508626302,0,256
001_ABC,42433,153318,0.998931884765625,89.87583920522593,48.045491536458336,0,256
001_ABC,42433,153574,0.9990081787109376,77.59031566395424,40.39354451497396,0,256
001_ABC,42433,153830,0.84320068359375,75.691834195517,30.474024454752605,0,256
001_ABC,42433,154086,0.87103271484375,87.14470071997494,34.38276672363281,0,256
001_ABC,42433,154342,1.0,88.95664922124706,41.550699869791664,0,256
001_ABC,42433,154598,0.999603271484375,108.70840333402155,44.8417002360026,0,256
001_ABC,42433,154854,0.9947662353515624,105.06233927235009,37.65565999348959,0,256
001_ABC,42433,155110,0.5080108642578125,83.17723299725913,21.70298767089844,0,256
001_ABC,42433,155366,0.04241943359375,42.68286182335578,6.599934895833333,0,256
001_ABC,42433,155622,0.0,42.9597006959375,5.575632731119792,0,256
001_ABC,42433,155878,0.0,43.1591447358951,5.5809580485026045,0,256
001_ABC,42433,156134,0.5071258544921875,88.17227172479033,21.111775716145832,0,256
001_ABC,42433,156390,0.9947052001953124,110.37524567451328,35.151692708333336,0,256
001_ABC,42433,156646,0.86895751953125,99.93264634814112,31.62169901529948,0,256
001_ABC,42689,152038,0.838836669921875,79.06980778626166,31.537612915039062,0,256
001_ABC,42689,152294,0.987579345703125,94.10094208922236,37.23975118001302,0,256
001_ABC,42689,152550,0.6361846923828125,74.52406421955675,25.42784118652344,0,256
001_ABC,42689,152806,0.7335052490234375,96.25109565164894,30.08209228515625,0,256
001_ABC,42689,153062,0.9945068359375,105.42547675129026,43.024434407552086,0,256
001_ABC,42689,153318,1.0,89.89689173339866,46.80146789550781,0,256
001_ABC,42689,153574,0.9665985107421876,74.65913253067993,35.195332845052086,0,256
001_ABC,42689,153830,0.73199462890625,67.90442306152545,22.061620076497395,0,256
001_ABC,42689,154086,0.9691162109375,93.6232773286756,40.90077718098959,0,256
001_ABC,42689,154342,0.7401580810546875,82.4754024723079,29.020050048828125,0,256
001_ABC,42689,154598,0.4496917724609375,61.5620979135856,17.68731689453125,0,256
001_ABC,42689,154854,0.4008331298828125,61.90332132205367,17.892430623372395,0,256
001_ABC,42689,155110,0.0,42.66281735524535,6.7642161051432295,0,256
001_ABC,42689,155366,0.0012359619140625,43.081192379584536,6.605631510416667,0,256
001_ABC,42689,155622,0.143157958984375,47.29254999663681,10.17408243815104,0,256
001_ABC,42689,155878,0.4782867431640625,61.71535927220248,20.884490966796875,0,256
001_ABC,42689,156134,0.779998779296875,77.65746906027198,29.495814005533852,0,256
001_ABC,42689,156390,0.96917724609375,85.42778550088406,30.95165506998698,0,256
001_ABC,42689,156646,0.86688232421875,83.05605622753501,29.880157470703125,0,256
001_ABC,42945,152294,0.9976654052734376,87.72358843311667,31.99558512369792,0,256
001_ABC,42945,152550,0.8778076171875,77.29782635695301,30.96588643391927,0,256
001_ABC,42945,152806,0.23504638671875,57.46903845644556,14.96373494466146,0,256
001_ABC,42945,153062,0.6198577880859375,69.46621203771792,29.47735087076823,0,256
001_ABC,42945,153318,0.30908203125,54.313734993338585,14.589528401692707,0,256
001_ABC,42945,153574,0.503570556640625,53.5520932963118,21.8699951171875,0,256
001_ABC,42945,153830,0.8476715087890625,71.3585085272789,28.375961303710938,0,256
001_ABC,42945,154086,0.2768096923828125,55.73351738206111,13.609837849934896,0,256
001_ABC,42945,155622,0.76019287109375,75.79466591938399,36.09229532877604,0,256
001_ABC,42945,155878,1.0,83.77987569477409,47.08606465657552,0,256
001_ABC,42945,156134,0.9762420654296876,93.72756346222012,36.23533630371094,0,256
001_ABC,42945,156390,0.9947357177734376,68.66329175583087,32.79059855143229,0,256
001_ABC,42945,156646,0.566009521484375,58.868986680172384,23.75082397460937,0,256
001_ABC,43201,152294,0.3995819091796875,60.80185331753455,18.449137369791668,0,256
001_ABC,43201,152550,0.719940185546875,85.05729818134569,27.84126281738281,0,256
001_ABC,43201,155622,0.9996795654296876,97.31728754169308,49.07352701822917,0,256
001_ABC,43201,155878,1.0,96.61160312592985,49.71598815917969,0,256
001_ABC,43201,156134,0.99969482421875,97.3894429570064,44.61389668782552,0,256
001_ABC,43201,156390,0.7216033935546875,88.61418868578039,33.63995361328125,0,256
001_ABC,43201,156646,0.0137481689453125,42.07110176957213,7.563105265299479,0,256
001_ABC,43457,155622,0.9913482666015624,115.43135028984398,45.17974853515625,0,256
001_ABC,43457,155878,0.99114990234375,121.38325223862194,42.16546630859375,0,256
001_ABC,43457,156134,0.927001953125,101.24366724840364,39.796793619791664,0,256
001_ABC,43457,156390,0.4254150390625,71.15579145308584,18.896352132161457,0,256
001_ABC,43713,155622,0.720550537109375,100.79424880351873,35.17776997884115,0,256
001_ABC,43713,155878,0.4662017822265625,79.7442265516147,26.602925618489586,0,256
001_ABC,43713,156134,0.6454315185546875,89.17820074572228,32.59898376464844,0,256
001_ABC,43713,156390,0.81134033203125,96.97740153758788,30.31621805826823,0,256
001_ABC,43969,155366,0.982147216796875,126.17538975179195,48.45838419596354,0,256
001_ABC,43969,155622,1.0,130.6260873449501,53.15607706705729,0,256
001_ABC,43969,155878,1.0,120.79767247661948,55.11683654785156,0,256
001_ABC,43969,156134,1.0,133.93352599348873,50.74600728352865,0,256
001_ABC,43969,156390,0.9706878662109376,117.54301170236432,39.75279744466146,0,256
001_ABC,44225,155366,1.0,139.20329124270938,63.848714192708336,0,256
001_ABC,44225,155622,1.0,125.84638649760744,60.97718811035156,0,256
001_ABC,44225,155878,1.0,116.40244999690913,58.84619140625,0,256
001_ABC,44225,156134,1.0,130.85024524084292,52.47279357910156,0,256
001_ABC,44225,156390,0.89923095703125,116.2653148227837,42.04579162597656,0,256
001_ABC,44481,155366,1.0,149.08282027300447,68.9610595703125,0,256
001_ABC,44481,155622,1.0,141.33457349147648,64.07741292317708,0,256
001_ABC,44481,155878,1.0,173.74951706430875,58.0179443359375,0,256
001_ABC,44481,156134,1.0,154.5047995513305,56.65367635091146,0,256
001_ABC,44481,156390,0.6214141845703125,107.03119990136474,29.836191813151043,0,256
001_ABC,44737,155366,0.9937896728515624,90.06978808995336,57.068868001302086,0,256
001_ABC,44737,155622,1.0,93.86748098488896,53.24031066894531,0,256
001_ABC,44737,155878,1.0,88.19601435866207,56.6287587483724,0,256
001_ABC,44737,156134,0.9976654052734376,95.52368062734604,52.44354248046875,0,256
001_ABC,44737,156390,0.6717987060546875,85.23393681272864,29.09638977050781,0,256
001_ABC,44993,155366,0.985748291015625,78.01016160822473,54.36073303222656,0,256
001_ABC,44993,155622,0.999542236328125,74.19788324460387,52.81300354003906,0,256
001_ABC,44993,155878,1.0,82.82445262279361,54.45068868001302,0,256
001_ABC,44993,156134,1.0,87.36005489877425,50.64403279622396,0,256
001_ABC,44993,156390,0.9971771240234376,99.99313148763032,48.39242045084635,0,256
001_ABC,44993,156646,0.4158935546875,58.85060615744442,26.710723876953125,0,256
001_ABC,45249,155366,0.6424560546875,71.42897204472683,33.08605448404948,0,256
001_ABC,45249,155622,1.0,87.13910514023155,54.94339497884115,0,256
001_ABC,45249,155878,1.0,99.10411847289652,62.16958618164063,0,256
001_ABC,45249,156134,0.99041748046875,87.18670027609915,72.37134806315105,0,256
001_ABC,45249,156390,0.970001220703125,98.16835685726257,55.83900451660156,0,256
001_ABC,45249,156646,0.61798095703125,73.1742652123794,33.56817118326823,0,256
001_ABC,45505,155622,0.8397216796875,85.98234541877173,44.37308247884115,0,256
001_ABC,45505,155878,0.999420166015625,102.45039001759142,53.919514973958336,0,256
001_ABC,45505,156134,0.999908447265625,109.10501566156744,54.83360290527344,0,256
001_ABC,45505,156390,0.9998016357421876,119.82565515395254,51.23204549153646,0,256
001_ABC,45505,156646,0.3906707763671875,67.81134846038185,18.93088277180989,0,256
001_ABC,45761,155622,0.111785888671875,55.285003170371056,12.128011067708334,0,256
001_ABC,45761,155878,0.804107666015625,89.01185853569768,33.16688028971354,0,256
001_ABC,45761,156134,1.0,109.50097800395451,44.50654093424479,0,256
001_ABC,45761,156390,0.997283935546875,113.87595303263517,39.666097005208336,0,256
001_ABC,45761,156646,0.4654998779296875,68.73388570547104,20.970041910807293,0,256
001_ABC,46017,155622,0.6502227783203125,89.01069664931856,41.84317525227865,0,256
001_ABC,46017,155878,0.999298095703125,121.52385019417852,46.52844746907552,0,256
001_ABC,46017,156134,0.997344970703125,125.39423825382256,40.841817220052086,0,256
001_ABC,46017,156390,0.9987945556640624,122.04405196174048,42.95647176106771,0,256
001_ABC,46017,156646,0.2852630615234375,58.55517796217464,14.148086547851562,0,256
001_ABC,46273,155622,0.9197540283203124,132.60560393333435,64.43945821126302,0,256
001_ABC,46273,155878,0.9965362548828124,172.1048952108249,63.11181131998698,0,256
001_ABC,46273,156134,0.9829864501953124,174.6166785338428,53.2513427734375,0,256
001_ABC,46273,156390,0.7023773193359375,110.47049155458808,31.350494384765625,0,256
001_ABC,46529,155622,0.7145233154296875,112.99164193868636,34.86378479003906,0,256
001_ABC,46529,155878,0.80072021484375,128.0616402477026,37.17242431640625,0,256
001_ABC,46529,156134,0.6609344482421875,127.9904335027095,27.833465576171875,0,256
001_ABC,46785,155622,0.1394500732421875,55.57910970016383,12.53112284342448,0,256
001_ABC,46785,155878,0.0474853515625,49.10804094281048,8.18682861328125,0,256
001_ABC,46785,156134,0.0332183837890625,46.72568316734396,7.339945475260417,0,256
001_ABC,47041,155110,1.0,91.3312626844272,44.39842224121094,0,256
001_ABC,47041,155366,0.9983673095703124,89.36779767926782,39.44086201985677,0,256
001_ABC,47041,155622,0.399017333984375,70.36223022616468,23.12945048014323,0,256
001_ABC,47041,155878,0.2770538330078125,63.16366859897971,16.80518086751302,0,256
001_ABC,47041,156134,0.0040740966796875,44.60531615372747,6.581019083658855,0,256
001_ABC,47297,154854,0.97882080078125,92.61525675444864,48.10405985514323,0,256
001_ABC,47297,155110,1.0,86.72637071437202,48.5317128499349,0,256
001_ABC,47297,155366,0.995880126953125,96.72171679115854,46.74456787109375,0,256
001_ABC,47297,155622,0.768157958984375,94.6003223322332,41.262115478515625,0,256
001_ABC,47297,155878,0.69427490234375,93.49999709962869,30.277735392252605,0,256
001_ABC,47297,156134,0.0561676025390625,47.75124907493591,8.35107421875,0,256
001_ABC,47553,154598,1.0,110.58190095052124,46.238677978515625,0,256
001_ABC,47553,154854,1.0,105.5621239086613,51.4629160563151,0,256
001_ABC,47553,155110,1.0,114.00858923769556,57.127288818359375,0,256
001_ABC,47553,155366,1.0,105.78217821917497,52.669840494791664,0,256
001_ABC,47553,155622,1.0,111.60871870233676,43.60375467936198,0,256
001_ABC,47553,155878,1.0,105.01188255753368,44.96209716796875,0,256
001_ABC,47553,156134,0.578582763671875,77.36470003216527,30.026743570963543,0,256
001_ABC,47809,154342,0.9975128173828124,97.69915167149156,49.80956522623698,0,256
001_ABC,47809,154598,1.0,101.5145691325888,49.15852355957031,0,256
001_ABC,47809,154854,1.0,90.63803738262504,43.60871378580729,0,256
001_ABC,47809,155110,1.0,102.80931052169764,46.51930236816406,0,256
001_ABC,47809,155366,1.0,103.67224056180568,40.66618347167969,0,256
001_ABC,47809,155622,1.0,111.63974007382058,42.46214803059896,0,256
001_ABC,47809,155878,0.938690185546875,103.50765354908071,44.35113525390625,0,256
001_ABC,47809,156134,0.2059326171875,61.25541534251533,13.440846761067707,0,256
001_ABC,48065,154086,0.853515625,124.76371788955294,44.10321553548177,0,256
001_ABC,48065,154342,1.0,100.67387102544308,45.84211730957031,0,256
001_ABC,48065,154598,0.999847412109375,103.83219350292347,42.13631693522135,0,256
001_ABC,48065,154854,0.9911346435546876,108.31708496715872,43.09406026204427,0,256
001_ABC,48065,155110,1.0,86.04431401542388,41.17259724934896,0,256
001_ABC,48065,155366,1.0,114.04928429215217,41.381673177083336,0,256
001_ABC,48065,155622,0.91656494140625,132.18283214326948,38.39139302571615,0,256
001_ABC,48065,155878,0.3254241943359375,76.8015102064237,17.206314086914062,0,256
001_ABC,48321,153830,0.95245361328125,139.2506670197472,43.83202107747396,0,256
001_ABC,48321,154086,1.0,115.06461445591412,42.06628926595052,0,256
001_ABC,48321,154342,1.0,99.87387897795998,44.16825358072917,0,256
001_ABC,48321,154598,1.0,120.74033723771572,47.58670552571615,0,256
001_ABC,48321,154854,1.0,112.57956530689262,43.43322245279948,0,256
001_ABC,48321,155110,1.0,106.8397887609899,43.14263916015625,0,256
001_ABC,48321,155366,1.0,95.59277346357705,36.921661376953125,0,256
001_ABC,48321,155622,0.9547576904296876,122.78277886263096,32.052347819010414,0,256
001_ABC,48321,155878,0.174774169921875,64.19542955979705,10.94390869140625,0,256
001_ABC,48577,153830,0.997283935546875,152.11492139450274,47.1804453531901,0,256
001_ABC,48577,154086,1.0,132.53569306340069,42.52464294433594,0,256
001_ABC,48577,154342,1.0,105.71784829720856,39.69390869140625,0,256
001_ABC,48577,154598,1.0,120.49208092596382,40.3635508219401,0,256
001_ABC,48577,154854,0.9990386962890624,133.10732041299343,37.49997965494792,0,256
001_ABC,48577,155110,1.0,115.50136195123196,40.55942789713541,0,256
001_ABC,48577,155366,0.9571075439453124,132.22301357612014,38.49699910481771,0,256
001_ABC,48577,155622,0.7994537353515625,141.34063449129462,29.894114176432293,0,256
001_ABC,48833,153574,0.7792205810546875,62.96309767663479,25.18500264485677,0,256
001_ABC,48833,153830,0.9992828369140624,74.9344869197812,36.35985819498698,0,256
001_ABC,48833,154086,1.0,72.25588903483003,34.569366455078125,0,256
001_ABC,48833,154342,0.999847412109375,72.13644746597856,33.36296590169271,0,256
001_ABC,48833,154598,0.9913177490234376,71.53127021994442,32.03845723470052,0,256
001_ABC,48833,154854,0.9759979248046876,78.44035178958438,36.06082661946615,0,256
001_ABC,48833,155110,0.9083404541015624,65.2884970754385,32.63971455891927,0,256
001_ABC,48833,155366,0.388885498046875,55.79471635422669,16.137430826822918,0,256
001_ABC,49089,153574,0.9940948486328124,75.32068341132253,30.81646728515625,0,256
001_ABC,49089,153830,0.9990997314453124,82.64185005053878,38.91231791178385,0,256
001_ABC,49089,154086,0.9990386962890624,78.52519290801138,36.43454996744792,0,256
001_ABC,49089,154342,0.989776611328125,92.5904048345983,37.36136372884115,0,256
001_ABC,49089,154598,0.995330810546875,74.05793605744839,32.87219746907552,0,256
001_ABC,49089,154854,0.9904632568359376,72.53777566179633,31.92746480305989,0,256
001_ABC,49089,155110,0.2643280029296875,45.289909148355946,12.07225545247396,0,256
001_ABC,49345,153318,0.6476898193359375,69.01421837415546,20.53160095214844,0,256
001_ABC,49345,153574,0.96734619140625,72.66827243566513,28.442291259765625,0,256
001_ABC,49345,153830,0.994659423828125,82.89799750503153,30.647801717122395,0,256
001_ABC,49345,154086,0.994384765625,85.99620049423538,33.012542724609375,0,256
001_ABC,49345,154342,0.966217041015625,101.79785345494749,31.640101114908852,0,256
001_ABC,49345,154598,0.959991455078125,90.9788665138185,29.025004069010414,0,256
001_ABC,49345,154854,0.579803466796875,66.2982702255249,19.499399820963543,0,256
001_ABC,49601,153062,0.9034576416015624,66.49471721705049,46.683929443359375,0,256
001_ABC,49601,153318,0.9888458251953124,78.57926142867655,28.153895060221355,0,256
001_ABC,49601,153574,0.99530029296875,76.62738820817322,29.17342122395833,0,256
001_ABC,49601,153830,0.998992919921875,85.50571957579814,31.32061767578125,0,256
001_ABC,49601,154086,0.854278564453125,81.89708098396659,26.134195963541668,0,256
001_ABC,49601,154342,0.5407257080078125,78.28131076600403,18.466522216796875,0,256
001_ABC,49857,152550,0.7904815673828125,78.01210198341869,24.083541870117188,0,256
001_ABC,49857,152806,0.9987640380859376,82.87890323228203,33.29655965169271,0,256
001_ABC,49857,153062,0.999847412109375,70.65201648697257,45.660064697265625,0,256
001_ABC,49857,153318,0.998748779296875,74.53196428716183,32.92576599121094,0,256
001_ABC,49857,153574,0.997772216796875,79.87215287401341,35.384297688802086,0,256
001_ABC,49857,153830,0.9954071044921876,88.27521446254104,31.72511800130208,0,256
001_ABC,49857,154086,0.4924468994140625,69.40744595881552,19.067637125651043,0,256
001_ABC,50113,152550,0.998291015625,95.46287131309508,33.22427876790365,0,256
001_ABC,50113,152806,0.9998779296875,86.25909200217575,35.228800455729164,0,256
001_ABC,50113,153062,1.0,77.95712413545698,35.969645182291664,0,256
001_ABC,50113,153318,0.9987640380859376,77.57556194229983,37.00926208496094,0,256
001_ABC,50113,153574,0.9995269775390624,84.63780828355812,32.613362630208336,0,256
001_ABC,50113,153830,0.692138671875,80.5332484242972,21.66501871744792,0,256
001_ABC,50369,152550,0.9996490478515624,106.6195790907368,38.27856953938802,0,256
001_ABC,50369,152806,0.96661376953125,91.9634223075118,34.67859395345052,0,256
001_ABC,50369,153062,0.99835205078125,87.43001937866211,33.24754842122396,0,256
001_ABC,50369,153318,0.9992523193359376,83.19229808077216,34.57352193196615,0,256
001_ABC,50369,153574,0.9730987548828124,80.80902026593685,26.712498982747395,0,256
001_ABC,50369,153830,0.7668304443359375,87.9897856914904,22.09055074055989,0,256
001_ABC,50625,152550,0.9680633544921876,127.91023440565914,30.92657470703125,0,256
001_ABC,50625,152806,0.9943389892578124,112.7271235527005,33.36107889811198,0,256
001_ABC,50625,153062,0.9937591552734376,128.67546781874262,34.9299570719401,0,256
001_ABC,50625,153318,0.98876953125,105.9996452620253,28.876108805338543,0,256
001_ABC,50625,153574,0.950531005859375,103.15427400148474,26.1307373046875,0,256
001_ABC,50881,152550,0.7762908935546875,89.30023823585361,22.461827596028645,0,256
001_ABC,51137,152550,0.6611785888671875,69.4274862324819,20.20372009277344,0,256
001_ABC,51393,151526,1.0,78.77928239456378,42.90947469075521,0,256
001_ABC,51393,151782,0.9988555908203124,81.9297126007732,31.938278198242188,0,256
001_ABC,51393,152038,0.9023284912109376,81.43682777509093,27.20201110839844,0,256
001_ABC,51393,152294,0.996063232421875,78.9072863906622,33.759501139322914,0,256
001_ABC,51393,152550,0.8917694091796875,77.54747893568128,29.598485310872395,0,256
001_ABC,51649,151526,1.0,134.44426802336238,47.24772135416666,0,256
001_ABC,51649,151782,1.0,94.81580352946185,34.37200419108073,0,256
001_ABC,51649,152038,0.9997100830078124,92.87547251558864,35.33770243326823,0,256
001_ABC,51649,152294,0.970550537109375,74.35134819801897,35.94422403971354,0,256
001_ABC,51649,152550,0.487640380859375,60.97590200207196,17.11651102701823,0,256
001_ABC,51905,151526,0.99774169921875,150.51612086757086,56.14574178059896,0,256
001_ABC,51905,151782,1.0,119.76332812663168,61.51761372884115,0,256
001_ABC,51905,152038,1.0,91.08077144622804,36.9308115641276,0,256
001_ABC,51905,152294,0.4438018798828125,63.36454943474382,19.055323282877605,0,256
001_ABC,52161,151526,0.999969482421875,114.64378541707993,33.85998026529948,0,256
001_ABC,52161,151782,1.0,110.37486260361038,79.46640523274739,0,256
001_ABC,52161,152038,0.7848052978515625,93.48320707655512,28.563379923502605,0,256
001_ABC,52417,151526,0.93475341796875,115.81450413889252,28.17842102050781,0,256
001_ABC,52417,151782,0.5514678955078125,103.4371121218428,23.92432149251302,0,256
001_ABC,13056,129761,0.9822540283203124,103.46506250556558,38.4033203125,0,256
001_ABC,13056,130017,0.9735870361328124,82.90815074159764,36.11782836914063,0,256
001_ABC,13056,130273,0.462554931640625,47.24234494194389,20.27966817220052,0,256
001_ABC,13312,129505,0.5694427490234375,66.38207464083098,21.990132649739586,0,256
001_ABC,13312,129761,1.0,95.00300715654156,36.38812255859375,0,256
001_ABC,13312,130017,1.0,86.74309921264648,39.80826822916666,0,256
001_ABC,13312,130273,1.0,91.86745923757552,38.5498046875,0,256
001_ABC,13312,130529,0.8303070068359375,87.22260966314934,30.21907552083333,0,256
001_ABC,13312,130785,0.5606536865234375,61.75308228190988,21.0821533203125,0,256
001_ABC,13568,129505,0.952911376953125,100.4136813932564,36.458089192708336,0,256
001_ABC,13568,129761,0.996368408203125,101.84226755215786,34.75277201334635,0,256
001_ABC,13568,130017,0.99713134765625,108.17177806398831,34.36356099446615,0,256
001_ABC,13568,130273,1.0,113.22488411678933,33.421488444010414,0,256
001_ABC,13568,130529,0.997283935546875,128.36355423554778,35.09221903483073,0,256
001_ABC,13568,130785,0.94342041015625,104.4979386308696,32.87782287597656,0,256
001_ABC,13568,131041,0.948822021484375,94.59405893739311,29.495274861653645,0,256
001_ABC,13824,129505,0.9818572998046876,115.7375143484678,32.994964599609375,0,256
001_ABC,13824,129761,0.8922882080078125,120.49357193126345,32.31744384765625,0,256
001_ABC,13824,130017,0.9772186279296876,120.4643825283274,32.591898600260414,0,256
001_ABC,13824,130273,1.0,126.57403510808945,33.30458068847656,0,256
001_ABC,13824,130529,0.998138427734375,132.3386994563043,33.56070454915365,0,256
001_ABC,13824,130785,0.9403228759765624,120.61366119212472,35.843973795572914,0,256
001_ABC,13824,131041,0.5327606201171875,73.53458680864424,19.04969787597656,0,256
001_ABC,13824,131297,0.3964080810546875,67.64825195074081,13.80981953938802,0,256
001_ABC,14080,129505,0.954681396484375,122.78602286218666,38.52584330240885,0,256
001_ABC,14080,129761,0.9446563720703124,146.62670877482742,33.89939880371094,0,256
001_ABC,14080,130017,0.99365234375,127.46147667989136,33.36607360839844,0,256
001_ABC,14080,130273,0.9840850830078124,143.21970541751944,34.6600596110026,0,256
001_ABC,14080,130529,1.0,121.00862529105508,34.653910319010414,0,256
001_ABC,14080,130785,0.9999847412109376,117.2672223886475,34.29903157552084,0,256
001_ABC,14080,131041,1.0,113.53456407412888,33.08843994140625,0,256
001_ABC,14080,131297,0.995452880859375,117.07217574119568,31.459401448567707,0,256
001_ABC,14080,131553,0.8172149658203125,101.7958558164537,28.42302958170573,0,256
001_ABC,14080,131809,0.5417022705078125,93.48194774403235,22.884307861328125,0,256
001_ABC,14080,132065,0.774383544921875,93.31876828311944,29.833541870117188,0,256
001_ABC,14336,129249,0.9051971435546876,77.88496279134415,34.168233235677086,0,256
001_ABC,14336,129505,1.0,77.74390233657323,31.687896728515625,0,256
001_ABC,14336,129761,0.99029541015625,75.2916061244905,32.08245849609375,0,256
001_ABC,14336,130017,0.9989166259765624,59.238710455363616,29.644210815429688,0,256
001_ABC,14336,130273,0.86956787109375,64.51403032033704,28.757400512695312,0,256
001_ABC,14336,130529,0.998626708984375,80.97778162150644,43.13804626464844,0,256
001_ABC,14336,130785,0.9893646240234376,60.12753612897359,30.88897705078125,0,256
001_ABC,14336,131041,1.0,62.45634259073995,33.74864705403646,0,256
001_ABC,14336,131297,1.0,65.23833110160194,34.13262939453125,0,256
001_ABC,14336,131553,1.0,66.97242949507199,34.99535115559896,0,256
001_ABC,14336,131809,0.5316925048828125,60.45805187430233,18.129236857096355,0,256
001_ABC,14336,132065,0.8212432861328125,72.11407363042235,29.885599772135414,0,256
001_ABC,14592,129249,1.0,67.89928941405378,35.3926747639974,0,256
001_ABC,14592,129505,0.9748687744140624,80.63296493049711,51.56883748372396,0,256
001_ABC,14592,129761,1.0,65.26540173939429,32.0917714436849,0,256
001_ABC,14592,130017,0.985382080078125,55.333718999288976,29.09527079264323,0,256
001_ABC,14592,130273,0.870697021484375,58.693808909505606,26.831298828125,0,256
001_ABC,14592,130529,1.0,61.96375718619674,31.65753173828125,0,256
001_ABC,14592,130785,0.9919891357421876,61.36920615634881,33.44029744466146,0,256
001_ABC,14592,131041,0.806854248046875,59.80553647037596,28.75597635904948,0,256
001_ABC,14592,131297,0.9794158935546876,61.22194091952406,35.65921529134115,0,256
001_ABC,14592,131553,1.0,68.08384511782788,36.24085489908854,0,256
001_ABC,14592,131809,0.67559814453125,66.96488193771802,23.114954630533852,0,256
001_ABC,14592,132065,0.5880584716796875,68.26066086231731,21.67711893717448,0,256
001_ABC,14848,129249,1.0,75.14520119782537,41.210205078125,0,256
001_ABC,14848,129505,0.9911956787109376,88.38125489652157,55.11735026041666,0,256
001_ABC,14848,129761,1.0,72.00273698568344,32.07081095377604,0,256
001_ABC,14848,130017,1.0,63.18212507665157,32.70308939615885,0,256
001_ABC,14848,130273,0.7077178955078125,59.95696920156479,22.099527994791668,0,256
001_ABC,14848,130529,0.7312164306640625,61.946907251141965,30.445093790690105,0,256
001_ABC,14848,130785,0.4252166748046875,58.39790418650955,24.049458821614586,0,256
001_ABC,14848,131041,0.8986053466796875,73.66332996543497,34.8753916422526,0,256
001_ABC,14848,131297,0.981597900390625,75.89711102074943,38.83345031738281,0,256
001_ABC,14848,131553,1.0,69.12204638100229,31.89715067545573,0,256
001_ABC,14848,131809,0.495697021484375,67.22747777192853,19.090993245442707,0,256
001_ABC,14848,132065,0.375732421875,52.9220040878281,15.721450805664062,0,256
001_ABC,15104,129249,0.999786376953125,69.25901278760284,35.46988423665365,0,256
001_ABC,15104,129505,0.9887237548828124,91.76408212794922,56.83939615885416,0,256
001_ABC,15104,129761,0.99853515625,76.65413405909203,40.38783264160156,0,256
001_ABC,15104,130017,0.99945068359375,68.61915104743093,30.280476888020832,0,256
001_ABC,15104,130273,0.904022216796875,63.45755880489014,28.46831766764323,0,256
001_ABC,15104,130529,0.5255126953125,62.06945770606399,27.41796366373698,0,256
001_ABC,15104,130785,0.997100830078125,80.12172372988425,47.2953135172526,0,256
001_ABC,15104,131041,1.0,72.23117232322693,37.47529093424479,0,256
001_ABC,15104,131297,0.993896484375,80.04063688125461,37.83014424641927,0,256
001_ABC,15104,131553,0.992340087890625,79.85785321309231,32.55104064941406,0,256
001_ABC,15104,131809,0.40875244140625,60.633536024950445,15.487869262695312,0,256
001_ABC,15104,132065,0.809661865234375,73.30258747562766,25.59901428222656,0,256
001_ABC,15104,132321,0.5211639404296875,56.34640061459504,20.571578979492188,0,256
001_ABC,15360,129249,1.0,77.58050141646527,30.83179219563802,0,256
001_ABC,15360,129505,1.0,85.69676244794391,35.242279052734375,0,256
001_ABC,15360,129761,0.99969482421875,72.91820344678126,28.97576395670573,0,256
001_ABC,15360,130017,1.0,64.01077983435243,28.262797037760414,0,256
001_ABC,15360,130273,0.996429443359375,63.67404476529919,25.868331909179688,0,256
001_ABC,15360,130529,0.6244049072265625,59.58188425004482,21.18292236328125,0,256
001_ABC,15360,130785,0.991363525390625,77.52864074707031,40.8943837483724,0,256
001_ABC,15360,131041,1.0,82.83397159888409,36.918731689453125,0,256
001_ABC,15360,131297,1.0,72.64676923956722,29.61434936523437,0,256
001_ABC,15360,131553,0.997100830078125,82.11072774138302,34.03912353515625,0,256
001_ABC,15360,131809,0.9651947021484376,86.50315002142452,33.68476359049479,0,256
001_ABC,15360,132065,0.9099578857421876,93.62788490555248,28.61110432942708,0,256
001_ABC,15360,132321,0.9637603759765624,80.51804875745438,31.01140848795573,0,256
001_ABC,15360,132577,0.306488037109375,58.22224698867649,16.306488037109375,0,256
001_ABC,15616,128993,0.86029052734375,71.51040457189083,26.99323018391927,0,256
001_ABC,15616,129249,1.0,77.89539083070122,31.204605102539062,0,256
001_ABC,15616,129505,1.0,76.82257075514644,29.15085347493489,0,256
001_ABC,15616,129761,0.9661407470703124,70.8130052452907,27.97405497233073,0,256
001_ABC,15616,130017,0.99749755859375,62.65246584243141,24.60999043782552,0,256
001_ABC,15616,130273,0.9984130859375,67.6214828339871,25.669174194335938,0,256
001_ABC,15616,130529,0.5247344970703125,55.50887588574551,16.202596028645832,0,256
001_ABC,15616,130785,0.8272857666015625,69.38599191606045,23.522084554036457,0,256
001_ABC,15616,131041,1.0,77.41689249663614,29.27337137858073,0,256
001_ABC,15616,131297,1.0,80.69369033887051,30.877833048502605,0,256
001_ABC,15616,131553,1.0,80.4052561649587,29.66477457682292,0,256
001_ABC,15616,131809,0.99847412109375,93.11745107895696,33.60265096028646,0,256
001_ABC,15616,132065,0.99981689453125,93.41440561017951,30.825826009114586,0,256
001_ABC,15616,132321,0.999542236328125,102.39355751499534,29.78655497233073,0,256
001_ABC,15616,132577,0.602294921875,64.87615769729018,19.04424540201823,0,256
001_ABC,15872,128993,1.0,75.94657945609652,32.60515848795573,0,256
001_ABC,15872,129249,1.0,79.32179228379391,29.210235595703125,0,256
001_ABC,15872,129505,0.9997100830078124,78.45183370239101,29.00228881835937,0,256
001_ABC,15872,129761,0.986785888671875,69.89293220243417,28.64878845214844,0,256
001_ABC,15872,130017,0.9861602783203124,63.84941097139381,26.060506184895832,0,256
001_ABC,15872,130273,0.9800262451171876,66.3888642040547,22.932281494140625,0,256
001_ABC,15872,130529,0.2664642333984375,52.19970967527479,11.875198364257812,0,256
001_ABC,15872,130785,0.66046142578125,71.26370174344629,23.61813863118489,0,256
001_ABC,15872,131041,0.9329071044921876,76.0335857635364,41.97307840983073,0,256
001_ABC,15872,131297,0.9899139404296876,86.69569755694829,38.05864461263021,0,256
001_ABC,15872,131553,0.9988555908203124,89.6403156509623,30.5699462890625,0,256
001_ABC,15872,131809,0.9918975830078124,94.880614339374,32.984832763671875,0,256
001_ABC,15872,132065,1.0,94.06979078054428,34.93456522623698,0,256
001_ABC,15872,132321,1.0,101.23340795724653,36.73638407389323,0,256
001_ABC,15872,132577,0.4069976806640625,61.13960259384476,16.812255859375,0,256
001_ABC,16128,128737,0.7794189453125,67.1169278153684,37.82704671223959,0,256
001_ABC,16128,128993,0.999969482421875,70.42264856933616,33.824727376302086,0,256
001_ABC,16128,129249,1.0,73.01267908513546,28.843332926432293,0,256
001_ABC,16128,129505,1.0,73.29673929419369,31.032379150390625,0,256
001_ABC,16128,129761,0.984527587890625,70.60035429801792,30.01085917154948,0,256
001_ABC,16128,130017,0.9969482421875,66.12013091868721,31.41063435872396,0,256
001_ABC,16128,130273,0.7110443115234375,56.93180786608718,19.104410807291668,0,256
001_ABC,16128,130529,0.00909423828125,37.55276226624847,5.381306966145833,0,256
001_ABC,16128,130785,0.5997161865234375,62.64162735058926,29.434193929036457,0,256
001_ABC,16128,131041,0.900115966796875,77.6276940589305,51.68454996744792,0,256
001_ABC,16128,131297,0.8163299560546875,79.43585296324454,37.2486826578776,0,256
001_ABC,16128,131553,0.922882080078125,86.77572863921523,41.84048970540365,0,256
001_ABC,16128,131809,0.902008056640625,90.2575683258474,28.50458272298177,0,256
001_ABC,16128,132065,0.999969482421875,104.95556491613388,33.48295593261719,0,256
001_ABC,16128,132321,0.9308624267578124,91.38812516420148,36.54500834147135,0,256
001_ABC,16128,132577,0.054718017578125,38.41122322436422,6.656972249348958,0,256
001_ABC,16384,128737,0.9986114501953124,75.56480636820197,44.12706502278646,0,256
001_ABC,16384,128993,0.99176025390625,70.08588933362626,38.2450917561849,0,256
001_ABC,16384,129249,1.0,62.66448521241546,30.949371337890625,0,256
001_ABC,16384,129505,1.0,62.12043184041977,30.92304992675781,0,256
001_ABC,16384,129761,1.0,70.1210838695988,35.5693613688151,0,256
001_ABC,16384,130017,0.94024658203125,63.44436439778656,25.509429931640625,0,256
001_ABC,16384,130273,0.2073974609375,42.49475399381481,9.822194417317707,0,256
001_ABC,16384,130529,0.2990570068359375,45.49061688012444,13.105814615885416,0,256
001_ABC,16384,130785,0.263824462890625,44.71925874031149,12.435033162434896,0,256
001_ABC,16384,131041,0.4145965576171875,48.64082143618725,13.999781290690104,0,256
001_ABC,16384,131297,0.8152618408203125,63.861563502810895,29.592442830403645,0,256
001_ABC,16384,131553,0.8939971923828125,68.94363307952881,27.942530314127605,0,256
001_ABC,16384,131809,0.946014404296875,75.47288360237144,29.287384033203125,0,256
001_ABC,16384,132065,0.5655517578125,52.18289693421684,18.52100118001302,0,256
001_ABC,16384,132321,0.168853759765625,27.128131970763206,8.260513305664062,0,256
001_ABC,16384,132577,0.0,12.944927843054757,2.6482086181640625,0,256
001_ABC,16640,128737,0.99951171875,78.60370245180093,39.86462910970052,0,256
001_ABC,16640,128993,0.9994659423828124,69.97872449248098,37.677337646484375,0,256
001_ABC,16640,129249,0.989227294921875,70.4189500452485,31.948745727539062,0,256
001_ABC,16640,129505,1.0,68.14870810508728,30.943715413411457,0,256
001_ABC,16640,129761,0.770477294921875,66.8079799329862,25.72870381673177,0,256
001_ABC,16640,130017,0.3685302734375,52.86724832560867,13.000518798828123,0,256
001_ABC,16640,130273,0.894927978515625,70.00187567970715,22.75860087076823,0,256
001_ABC,16640,130529,0.9641876220703124,72.28529181680642,29.39453633626302,0,256
001_ABC,16640,130785,0.8118743896484375,66.08135215099901,28.591837565104168,0,256
001_ABC,16640,131041,0.9953155517578124,68.12992009497248,27.120646158854168,0,256
001_ABC,16640,131297,0.9905548095703124,68.29358426388353,28.651336669921875,0,256
001_ABC,16640,131553,0.9940948486328124,69.87695552571677,29.826090494791668,0,256
001_ABC,16640,131809,0.9138336181640624,81.74456390901469,36.22331237792969,0,256
001_ABC,16640,132065,0.5184173583984375,62.18698264262639,33.25310770670573,0,256
001_ABC,16640,132321,0.0334320068359375,21.41490202303976,4.369944254557292,0,256
001_ABC,16640,132577,0.0,13.241603485308588,2.680816650390625,0,256
001_ABC,16896,128737,0.99456787109375,82.47405841574073,43.01728820800781,0,256
001_ABC,16896,128993,0.99981689453125,75.39870153157972,35.21968078613281,0,256
001_ABC,16896,129249,0.9802398681640624,76.12532753474079,37.994649251302086,0,256
001_ABC,16896,129505,0.4953460693359375,63.97524074371904,19.482462565104168,0,256
001_ABC,16896,129761,0.41876220703125,68.65551496203989,15.059305826822916,0,256
001_ABC,16896,130017,0.8715667724609375,79.20860218908638,22.915735880533852,0,256
001_ABC,16896,130273,0.8644866943359375,76.7608957849443,21.687998453776043,0,256
001_ABC,16896,130529,0.9630889892578124,71.52598242065869,21.81171162923177,0,256
001_ABC,16896,130785,0.9778594970703124,75.12437438964844,29.071848551432293,0,256
001_ABC,16896,131041,0.830780029296875,78.1231978200376,27.7333984375,0,256
001_ABC,16896,131297,0.9382781982421876,74.72204704373144,25.355133056640625,0,256
001_ABC,16896,131553,0.9998931884765624,73.79322618898004,33.384623209635414,0,256
001_ABC,16896,131809,0.9617919921875,82.92602029070258,34.13201395670573,0,256
001_ABC,16896,132065,0.99365234375,86.7089034167584,31.8785400390625,0,256
001_ABC,16896,132321,0.614898681640625,58.46004575490952,17.837331136067707,0,256
001_ABC,16896,132577,0.00079345703125,16.192669432377443,2.98968505859375,0,256
001_ABC,17152,128737,0.9120941162109376,86.29300134535879,44.284505208333336,0,256
001_ABC,17152,128993,0.9997100830078124,78.10198041214608,36.52187093098959,0,256
001_ABC,17152,129249,0.693634033203125,68.21758675202727,29.292165120442707,0,256
001_ABC,17152,129505,0.4204864501953125,67.26901166792959,21.409210205078125,0,256
001_ABC,17152,129761,0.9873199462890624,91.92448542173952,33.99341837565104,0,256
001_ABC,17152,130017,0.9702606201171876,85.31318073882721,34.10912068684896,0,256
001_ABC,17152,130273,0.935760498046875,82.83749638847075,36.10303751627604,0,256
001_ABC,17152,130529,0.848480224609375,78.42550345882773,30.26024881998698,0,256
001_ABC,17152,130785,0.80255126953125,72.32019029557705,24.492345174153645,0,256
001_ABC,17152,131041,0.8856658935546875,74.70970195438713,22.589696248372395,0,256
001_ABC,17152,131297,0.9187774658203124,77.15706676896662,24.261032104492188,0,256
001_ABC,17152,131553,0.9145660400390624,77.66936642467044,26.090850830078125,0,256
001_ABC,17152,131809,0.958953857421875,81.75801057904027,24.975184122721355,0,256
001_ABC,17152,132065,0.913970947265625,89.92939458787441,26.92064921061198,0,256
001_ABC,17152,132321,0.945281982421875,94.21704614814372,29.91938781738281,0,256
001_ABC,17152,132577,0.0546417236328125,21.79099637060426,5.395797729492188,0,256
001_ABC,17408,128737,0.4429168701171875,72.43605786911212,25.147735595703125,0,256
001_ABC,17408,128993,1.0,94.77180480933748,43.97671508789063,0,256
001_ABC,17408,129249,0.576934814453125,73.65587797667831,27.513036092122395,0,256
001_ABC,17408,129505,0.584381103515625,82.44869045075029,21.822067260742188,0,256
001_ABC,17408,129761,0.9962005615234376,99.64367674291134,32.72728474934896,0,256
001_ABC,17408,130017,0.9517669677734376,93.35799913085066,27.50208028157552,0,256
001_ABC,17408,130273,0.988189697265625,95.64158924575896,26.8775634765625,0,256
001_ABC,17408,130529,0.999114990234375,98.5055526176002,28.41307576497396,0,256
001_ABC,17408,130785,0.9949798583984376,88.23859369382262,27.722066243489586,0,256
001_ABC,17408,131041,0.9387054443359376,81.52164497599006,24.65135701497396,0,256
001_ABC,17408,131297,0.825439453125,81.75197552144527,21.810516357421875,0,256
001_ABC,17408,131553,0.775909423828125,88.07625937461853,22.727305094401043,0,256
001_ABC,17408,131809,0.88836669921875,90.60463654622436,25.02428690592448,0,256
001_ABC,17408,132065,0.9139862060546876,83.24844354391098,23.69970194498698,0,256
001_ABC,17408,132321,0.8577117919921875,87.74469389370643,31.31654357910156,0,256
001_ABC,17408,132577,0.1354522705078125,29.45682368963025,8.096684773763021,0,256
001_ABC,17664,128993,0.9985504150390624,121.34359599556774,71.84756978352864,0,256
001_ABC,17664,129249,0.3143310546875,75.08845864399336,23.504491170247395,0,256
001_ABC,17664,129505,0.725860595703125,93.69447639188728,26.222371419270832,0,256
001_ABC,17664,129761,0.88836669921875,114.1322230657097,31.148111979166668,0,256
001_ABC,17664,130017,0.9512176513671876,90.44720842852256,30.86542256673177,0,256
001_ABC,17664,130273,0.9949188232421876,96.7200717756059,27.825281778971355,0,256
001_ABC,17664,130529,0.996673583984375,111.22822926938534,29.24987284342448,0,256
001_ABC,17664,130785,0.993194580078125,107.60781897953711,28.48114013671875,0,256
001_ABC,17664,131041,0.9971160888671876,92.25741454935633,28.54463195800781,0,256
001_ABC,17664,131297,0.9964752197265624,85.41709851846099,28.681996663411457,0,256
001_ABC,17664,131553,0.9757080078125,97.74610218033196,27.18173217773437,0,256
001_ABC,17664,131809,0.791229248046875,97.3635534697678,21.6441650390625,0,256
001_ABC,17664,132065,0.664337158203125,86.7050009816885,18.664510091145832,0,256
001_ABC,17664,132321,0.350921630859375,56.73943504295312,14.140365600585938,0,256
001_ABC,17920,129505,0.898345947265625,112.11568983807229,39.29926554361979,0,256
001_ABC,17920,129761,0.9815673828125,111.17171870707534,37.2635752360026,0,256
001_ABC,17920,130017,0.8227996826171875,112.84120348817667,33.08149210611979,0,256
001_ABC,17920,130273,0.9143829345703124,139.39855064242147,37.15813700358073,0,256
001_ABC,17920,130529,0.978546142578125,140.36645323759876,33.47260538736979,0,256
001_ABC,17920,130785,0.9995574951171876,140.162682547234,33.278422037760414,0,256
001_ABC,17920,131041,0.99957275390625,114.90258856769653,29.17648824055989,0,256
001_ABC,17920,131297,0.9991302490234376,105.1954714646563,29.632644653320312,0,256
001_ABC,17920,131553,0.999664306640625,90.59643660089932,31.30305989583333,0,256
001_ABC,17920,131809,0.8683013916015625,93.63560081925245,24.821060180664062,0,256
001_ABC,18176,129505,0.9201507568359376,93.21048873662949,32.05443318684896,0,256
001_ABC,18176,129761,0.8394622802734375,101.80161452293396,33.24891662597656,0,256
001_ABC,18176,130017,0.997314453125,119.00513758300804,34.636077880859375,0,256
001_ABC,18176,130273,1.0,120.51878083404154,35.1501210530599,0,256
001_ABC,18176,130529,0.9996185302734376,108.66799892648125,31.219334920247395,0,256
001_ABC,18176,130785,0.9996185302734376,130.516357421875,30.92022196451823,0,256
001_ABC,18176,131041,0.97979736328125,127.04970965138637,29.393941243489586,0,256
001_ABC,18176,131297,0.998870849609375,115.23215273185632,28.608744303385414,0,256
001_ABC,18176,131553,0.995269775390625,88.83365322556347,27.73760477701823,0,256
001_ABC,18176,131809,0.3656768798828125,64.9155103226658,15.530044555664062,0,256
001_ABC,18432,129505,0.6253662109375,62.59082728531212,18.640879313151043,0,256
001_ABC,18432,129761,0.97509765625,68.51311567053199,24.2117919921875,0,256
001_ABC,18432,130017,0.999725341796875,61.0620996914804,26.42478434244792,0,256
001_ABC,18432,130273,1.0,60.18601226969622,28.272430419921875,0,256
001_ABC,18432,130529,1.0,62.06701501249336,32.727864583333336,0,256
001_ABC,18432,130785,1.0,58.72945347055793,30.410873413085938,0,256
001_ABC,18432,131041,0.9932861328125,64.17634363449179,29.375844319661457,0,256
001_ABC,18432,131297,0.8345184326171875,62.34608563012444,25.475997924804688,0,256
001_ABC,18432,131553,0.8079376220703125,60.62682400550693,21.302047729492188,0,256
001_ABC,18688,129505,0.398834228515625,59.46868559625,13.217041015625,0,256
001_ABC,18688,129761,0.9998321533203124,70.31016066297889,27.01995849609375,0,256
001_ABC,18688,130017,1.0,58.49615316069685,28.25291951497396,0,256
001_ABC,18688,130273,1.0,63.68810482975096,33.50713094075521,0,256
001_ABC,18688,130529,1.0,63.8926367526874,32.67756144205729,0,256
001_ABC,18688,130785,1.0,61.95665062381886,33.74488321940104,0,256
001_ABC,18688,131041,1.0,61.76579461037181,31.60032145182292,0,256
001_ABC,18688,131297,0.7389984130859375,61.29899083077908,21.09399922688802,0,256
001_ABC,18688,131553,0.2032318115234375,47.84059449075721,11.581268310546877,0,256
001_ABC,18944,129505,0.6462860107421875,68.20875520794652,19.02414957682292,0,256
001_ABC,18944,129761,0.9666748046875,71.24273430160247,26.649373372395832,0,256
001_ABC,18944,130017,0.9999237060546876,60.45490161678754,27.98834228515625,0,256
001_ABC,18944,130273,1.0,59.69006818532944,30.10695393880208,0,256
001_ABC,18944,130529,1.0,67.21623396873474,32.88835652669271,0,256
001_ABC,18944,130785,1.0,60.01299579348415,30.05979410807292,0,256
001_ABC,18944,131041,0.9991302490234376,70.34087408683263,33.826904296875,0,256
001_ABC,18944,131297,0.397064208984375,63.16435442864895,20.594884236653645,0,256
001_ABC,19200,129505,0.9944000244140624,73.40788076235913,30.392781575520832,0,256
001_ABC,19200,129761,1.0,71.29274450032972,29.406880696614586,0,256
001_ABC,19200,130017,1.0,73.09115870646201,33.95097351074219,0,256
001_ABC,19200,130273,1.0,68.10365447029471,33.715555826822914,0,256
001_ABC,19200,130529,1.0,68.1468418231234,32.40229288736979,0,256
001_ABC,19200,130785,0.971649169921875,71.85642934939824,33.14810689290365,0,256
001_ABC,19200,131041,0.8676910400390625,105.88758627977222,47.748148600260414,0,256
001_ABC,19200,131297,0.444854736328125,68.59462917386554,21.398757934570312,0,256
001_ABC,19456,129249,0.7778778076171875,76.08650421258062,26.841089884440105,0,256
001_ABC,19456,129505,1.0,80.26402045204304,35.38931783040365,0,256
001_ABC,19456,129761,1.0,76.43936022743583,34.59313456217448,0,256
001_ABC,19456,130017,1.0,74.60020966804586,35.086995442708336,0,256
001_ABC,19456,130273,1.0,77.78866795240901,38.56825764973959,0,256
001_ABC,19456,130529,1.0,82.08985805511475,38.39039611816406,0,256
001_ABC,19456,130785,1.0,80.76686042454094,37.01778666178385,0,256
001_ABC,19456,131041,0.7732696533203125,96.35746672726236,43.09595743815104,0,256
001_ABC,19456,131297,0.0789947509765625,47.34814914106392,9.075459798177084,0,256
001_ABC,19712,129249,0.9071197509765624,91.35100384964608,42.3189697265625,0,256
001_ABC,19712,129505,1.0,79.45806740876287,33.56439208984375,0,256
001_ABC,19712,129761,1.0,83.92468261625618,37.32636515299479,0,256
001_ABC,19712,130017,1.0,87.42647589347325,37.67494201660156,0,256
001_ABC,19712,130273,0.950286865234375,84.56130891945213,36.4013671875,0,256
001_ABC,19712,130529,0.3946533203125,62.84838317334652,19.20343017578125,0,256
001_ABC,19712,130785,0.2758941650390625,53.6935678711161,12.347829182942707,0,256
001_ABC,19968,128993,0.90087890625,95.3921114334371,56.45054117838541,0,256
001_ABC,19968,129249,0.9220428466796876,100.29660755000076,46.886067708333336,0,256
001_ABC,19968,129505,1.0,86.64018818526529,35.6033935546875,0,256
001_ABC,19968,129761,1.0,90.06248893495649,39.29862467447917,0,256
001_ABC,19968,130017,1.0,117.31744200713,43.63915506998698,0,256
001_ABC,19968,130273,0.97564697265625,123.03683631657624,44.92930603027344,0,256
001_ABC,19968,130529,0.653228759765625,81.63874695356935,35.690450032552086,0,256
001_ABC,19968,130785,0.1382904052734375,44.71462599164806,11.25196329752604,0,256
001_ABC,20224,128993,0.575042724609375,74.00258818175644,33.84040323893229,0,256
001_ABC,20224,129249,0.9734039306640624,81.07729535922408,40.02767435709635,0,256
001_ABC,20224,129505,1.0,70.6774796077516,37.46072896321615,0,256
001_ABC,20224,129761,1.0,85.09812276973389,39.32555643717448,0,256
001_ABC,20224,130017,1.0,92.11468684091231,41.01745096842448,0,256
001_ABC,20224,130273,1.0,75.84649707726203,35.3073984781901,0,256
001_ABC,20224,130529,0.94207763671875,87.0640170907136,37.752360026041664,0,256
001_ABC,20224,130785,0.0683746337890625,47.34659510757774,8.909093221028646,0,256
001_ABC,20480,129249,0.907745361328125,57.30956970807165,34.9104970296224,0,256
001_ABC,20480,129505,0.99993896484375,54.36821798887104,37.06471252441406,0,256
001_ABC,20480,129761,1.0,64.51566297910176,38.545196533203125,0,256
001_ABC,20480,130017,0.9996490478515624,68.34986782073975,37.21830240885416,0,256
001_ABC,20480,130273,0.999908447265625,69.15989897749387,36.25745646158854,0,256
001_ABC,20480,130529,0.7165985107421875,61.72692477609962,25.542638142903645,0,256
001_ABC,20480,130785,0.0,43.77006495348178,7.32305908203125,0,256
001_ABC,20736,129249,0.3354339599609375,44.524088034173474,15.03844706217448,0,256
001_ABC,20736,129505,1.0,59.86724820523523,35.03128560384115,0,256
001_ABC,20736,129761,0.99908447265625,64.68868859647773,36.8862559000651,0,256
001_ABC,20736,130017,1.0,68.19767127349041,39.653340657552086,0,256
001_ABC,20736,130273,0.997039794921875,64.10226812562905,35.45909118652344,0,256
001_ABC,20736,130529,0.97369384765625,65.70512605994008,36.101969401041664,0,256
001_ABC,20736,130785,0.137908935546875,50.12357352674008,10.683985392252604,0,256
001_ABC,20992,129505,0.931976318359375,66.19625116791576,30.988815307617188,0,256
001_ABC,20992,129761,0.9974822998046876,72.51569653954357,43.09219868977865,0,256
001_ABC,20992,130017,1.0,73.28012289013714,40.912618001302086,0,256
001_ABC,20992,130273,1.0,71.54804799868725,36.52045694986979,0,256
001_ABC,20992,130529,0.9990997314453124,74.37633131351322,34.8379160563151,0,256
001_ABC,20992,130785,0.97198486328125,74.46873470186256,35.68889363606771,0,256
001_ABC,20992,131041,0.7061004638671875,66.8018491268158,28.921763102213543,0,256
001_ABC,21248,129505,0.71051025390625,63.13767847022973,24.40341186523437,0,256
001_ABC,21248,129761,0.9949493408203124,77.99756499915384,39.86444600423177,0,256
001_ABC,21248,130017,0.9995880126953124,86.23371907672845,50.84999593098959,0,256
001_ABC,21248,130273,0.9885101318359376,84.71502598747611,41.7264658610026,0,256
001_ABC,21248,130529,1.0,82.53262301906943,39.531840006510414,0,256
001_ABC,21248,130785,0.94012451171875,79.92668799473904,36.98138936360677,0,256
001_ABC,21248,131041,0.95086669921875,74.47290706634521,37.61335754394531,0,256
001_ABC,21248,131297,0.284210205078125,58.373428316554055,17.040934244791668,0,256
001_ABC,21504,129505,0.4939117431640625,57.70571560761891,22.782867431640625,0,256
001_ABC,21504,129761,1.0,72.28419779241085,39.76217142740885,0,256
001_ABC,21504,130017,1.0,84.34501877333969,53.20726521809896,0,256
001_ABC,21504,130273,1.0,83.25766287744045,47.95743306477865,0,256
001_ABC,21504,130529,1.0,85.3255422709044,43.92308044433594,0,256
001_ABC,21504,130785,1.0,91.40444622538052,42.78094991048177,0,256
001_ABC,21504,131041,1.0,91.01569881662726,45.32418314615885,0,256
001_ABC,21504,131297,0.935638427734375,84.73887376836501,45.458404541015625,0,256
001_ABC,21504,131553,0.2004547119140625,60.51111047621816,16.48376973470052,0,256
001_ABC,21760,129761,0.72802734375,79.87876488175243,43.7120361328125,0,256
001_ABC,21760,130017,0.981719970703125,88.71873419894837,54.159942626953125,0,256
001_ABC,21760,130273,0.9723968505859376,84.0839621478226,41.96132405598959,0,256
001_ABC,21760,130529,1.0,92.88934307917953,47.12648010253906,0,256
001_ABC,21760,130785,1.0,82.13779529556632,46.179718017578125,0,256
001_ABC,21760,131041,1.0,84.44158148765564,45.29988098144531,0,256
001_ABC,21760,131297,1.0,94.3016472903546,51.40534973144531,0,256
001_ABC,21760,131553,0.9323272705078124,102.4078578313347,57.43797810872396,0,256
001_ABC,21760,131809,0.04058837890625,48.77557633607648,8.069569905598959,0,256
001_ABC,22016,130273,0.694427490234375,87.34170004329644,38.36168924967448,0,256
001_ABC,22016,130529,0.9829559326171876,103.867199836066,44.50969441731771,0,256
001_ABC,22016,130785,0.97491455078125,88.98072925861925,43.60895284016927,0,256
001_ABC,22016,131041,1.0,90.7174362540245,46.23436482747396,0,256
001_ABC,22016,131297,1.0,101.54230034700596,48.17624918619792,0,256
001_ABC,22016,131553,0.8279876708984375,105.72144311666489,42.87073262532552,0,256
001_ABC,22016,131809,0.02923583984375,47.5882732635364,7.3103383382161455,0,256
001_ABC,22272,131041,0.309112548828125,61.744796379469335,15.181065877278646,0,256
001_ABC,22272,131297,0.36767578125,67.72472253418528,20.159393310546875,0,256
001_ABC,22272,131553,0.1021728515625,53.55738352146,9.761922200520834,0,256
001_ABC,27841,129568,0.89678955078125,141.2802803805098,75.05108133951823,0,256
001_ABC,27841,129824,1.0,98.31780984904616,52.39128112792969,0,256
001_ABC,27841,130080,0.9996185302734376,102.46023023780435,46.73332214355469,0,256
001_ABC,27841,130336,0.8934173583984375,83.16650991863571,37.96983337402344,0,256
001_ABC,27841,130592,0.3277435302734375,51.113881912082434,15.030614217122396,0,256
001_ABC,28097,129568,1.0,145.20580922067165,70.52569071451823,0,256
001_ABC,28097,129824,1.0,100.5133126070723,40.1119639078776,0,256
001_ABC,28097,130080,0.948089599609375,115.53322456777096,52.14038594563802,0,256
001_ABC,28097,130336,0.7505340576171875,85.81415482517332,40.331644694010414,0,256
001_ABC,28097,130592,0.9709014892578124,91.7930941125378,41.20329284667969,0,256
001_ABC,28097,130848,0.8566131591796875,83.97276650532149,30.325266520182293,0,256
001_ABC,28097,131104,0.2414703369140625,45.61155268456787,10.011439005533854,0,256
001_ABC,28353,129056,0.41094970703125,64.71008983603679,30.33788045247396,0,256
001_ABC,28353,129312,0.9138641357421876,117.9904968996998,55.59860229492188,0,256
001_ABC,28353,129568,0.979949951171875,124.45002367999405,57.00050354003906,0,256
001_ABC,28353,129824,0.99945068359375,96.45389721449465,45.96797688802084,0,256
001_ABC,28353,130080,0.9947967529296876,89.49535492784344,44.82276916503906,0,256
001_ABC,28353,130336,0.8660888671875,68.33094783662818,37.81482442220052,0,256
001_ABC,28353,130592,0.9716339111328124,77.93099159724079,44.92987060546875,0,256
001_ABC,28353,130848,1.0,82.21208913531154,33.19495646158854,0,256
001_ABC,28353,131104,0.99395751953125,77.4138946251478,33.186503092447914,0,256
001_ABC,28353,131360,0.7756805419921875,64.73223812039942,27.548878987630207,0,256
001_ABC,28609,128544,0.9277496337890624,72.63257096498273,46.55595397949219,0,256
001_ABC,28609,128800,0.9442138671875,71.87510269111954,38.91291809082031,0,256
001_ABC,28609,129056,0.9872894287109376,74.57072245702147,39.55639139811198,0,256
001_ABC,28609,129312,0.9898223876953124,74.80148919275962,42.45133463541666,0,256
001_ABC,28609,129568,0.984527587890625,79.36982750799507,49.72673034667969,0,256
001_ABC,28609,129824,0.9523162841796876,84.3185228256043,49.06164042154948,0,256
001_ABC,28609,130080,0.997955322265625,68.68341355677694,40.3443603515625,0,256
001_ABC,28609,130336,0.993743896484375,62.46227787435055,41.65717569986979,0,256
001_ABC,28609,130592,1.0,65.45568024739623,41.05658976236979,0,256
001_ABC,28609,130848,0.9998779296875,60.11636825813912,33.79999287923177,0,256
001_ABC,28609,131104,1.0,51.78346865531057,34.58997090657552,0,256
001_ABC,28609,131360,1.0,53.82481739576906,40.10913594563802,0,256
001_ABC,28609,131616,0.3265228271484375,31.777121242135763,15.597727457682293,0,256
001_ABC,28865,128288,0.8821868896484375,72.2110370658338,33.55416361490885,0,256
001_ABC,28865,128544,1.0,67.91463958378881,31.837560017903645,0,256
001_ABC,28865,128800,1.0,69.18903945549391,34.16968282063802,0,256
001_ABC,28865,129056,0.9992523193359376,69.96265209070407,37.05473836263021,0,256
001_ABC,28865,129312,0.9022979736328124,75.75300672813319,41.39985148111979,0,256
001_ABC,28865,129568,0.964141845703125,80.54786957707256,45.63052876790365,0,256
001_ABC,28865,129824,0.8932342529296875,79.48170792288147,49.62657674153646,0,256
001_ABC,28865,130080,0.9932861328125,80.52397901355289,43.383636474609375,0,256
001_ABC,28865,130336,0.992431640625,70.28178148320876,37.29618326822917,0,256
001_ABC,28865,130592,0.9944610595703124,65.52509951009415,34.08093770345052,0,256
001_ABC,28865,130848,0.998077392578125,63.88496837741695,34.50467427571615,0,256
001_ABC,28865,131104,0.9989013671875,59.42448424710892,34.102193196614586,0,256
001_ABC,28865,131360,0.999908447265625,61.30835734307766,37.76448059082031,0,256
001_ABC,28865,131616,0.2655029296875,34.24936671718024,12.905543009440104,0,256
001_ABC,29121,128288,1.0,74.67883983417414,35.30512491861979,0,256
001_ABC,29121,128544,1.0,73.68115085363388,33.8861083984375,0,256
001_ABC,29121,128800,1.0,74.86198151763529,31.849390665690105,0,256
001_ABC,29121,129056,1.0,71.36186403036118,35.269866943359375,0,256
001_ABC,29121,129312,0.9726715087890624,79.83696789201349,37.82584126790365,0,256
001_ABC,29121,129568,0.9867401123046876,80.58512490964495,40.04458618164063,0,256
001_ABC,29121,129824,0.9979248046875,94.04156601219438,38.030375162760414,0,256
001_ABC,29121,130080,1.0,76.15191185381263,31.209259033203125,0,256
001_ABC,29121,130336,0.9970703125,79.28358183801174,39.98838806152344,0,256
001_ABC,29121,130592,0.8641357421875,73.37637803610414,51.5323740641276,0,256
001_ABC,29121,130848,0.9827117919921876,71.27404427155852,42.421417236328125,0,256
001_ABC,29121,131104,0.9621734619140624,67.0242000669241,37.69757588704427,0,256
001_ABC,29121,131360,0.4884185791015625,48.86464842385613,16.89129130045573,0,256
001_ABC,29121,131616,0.0,24.602808362804357,3.778859456380209,0,256
001_ABC,29377,128288,0.9964141845703124,78.7611644284334,34.50567626953125,0,256
001_ABC,29377,128544,0.9990386962890624,72.66201539989561,32.148844401041664,0,256
001_ABC,29377,128800,0.998199462890625,72.48069644696079,31.329259236653645,0,256
001_ABC,29377,129056,0.9965362548828124,77.0327858289238,29.622238159179688,0,256
001_ABC,29377,129312,0.9769287109375,87.6784612161573,37.13980611165365,0,256
001_ABC,29377,129568,0.868560791015625,81.83336633443832,37.47596232096354,0,256
001_ABC,29377,129824,0.908233642578125,85.54695129184984,36.15147908528646,0,256
001_ABC,29377,130080,0.9909820556640624,81.17862635757774,33.43831888834635,0,256
001_ABC,29377,130336,1.0,81.75333815440536,33.06501770019531,0,256
001_ABC,29377,130592,0.4752655029296875,59.01608763635159,33.39025370279948,0,256
001_ABC,29377,130848,0.1065216064453125,36.13628105795942,8.875081380208334,0,256
001_ABC,29377,131104,0.2938079833984375,48.44688676204533,17.565404256184895,0,256
001_ABC,29377,131360,0.0267181396484375,31.671411125920717,5.4516448974609375,0,256
001_ABC,29377,131616,0.0,25.358254300197583,3.895772298177084,0,256
001_ABC,29633,128288,0.965118408203125,97.70170759013854,47.639567057291664,0,256
001_ABC,29633,128544,0.9813385009765624,79.53326378762722,30.925811767578125,0,256
001_ABC,29633,128800,1.0,80.19611328747123,32.09249369303385,0,256
001_ABC,29633,129056,0.9939727783203124,76.44956305227242,33.58821105957031,0,256
001_ABC,29633,129312,0.92205810546875,82.43060599267483,31.74667358398437,0,256
001_ABC,29633,129568,0.9060211181640624,94.84188185632227,38.02176920572917,0,256
001_ABC,29633,129824,0.789947509765625,83.59771232213825,38.609598795572914,0,256
001_ABC,29633,130080,0.6342010498046875,72.7869867682457,33.45972188313802,0,256
001_ABC,29633,130336,0.8444366455078125,79.52246581017971,32.03858947753906,0,256
001_ABC,29633,130592,0.5553741455078125,67.1889107299503,28.10353597005208,0,256
001_ABC,29633,130848,0.6149444580078125,66.29782019346021,25.666905721028645,0,256
001_ABC,29633,131104,0.9190521240234376,106.88711511879228,55.616475423177086,0,256
001_ABC,29633,131360,0.94281005859375,125.89766782522202,63.78711954752604,0,256
001_ABC,29633,131616,0.6888275146484375,95.02658793982118,46.1312001546224,0,256
001_ABC,29889,128288,0.285797119140625,62.47591795679182,22.567240397135414,0,256
001_ABC,29889,128544,0.9676971435546876,89.90839785314165,44.457845052083336,0,256
001_ABC,29889,128800,0.999114990234375,83.63278207089752,33.861419677734375,0,256
001_ABC,29889,129056,0.9070892333984376,87.13410829915665,35.30668640136719,0,256
001_ABC,29889,129312,0.9996795654296876,88.0382839103695,37.15347290039063,0,256
001_ABC,29889,129568,0.97576904296875,91.85334631428124,42.29557291666666,0,256
001_ABC,29889,129824,0.9848480224609376,104.2737912570592,43.28819783528646,0,256
001_ABC,29889,130080,0.928070068359375,88.55633010622114,35.01740010579427,0,256
001_ABC,29889,130336,0.9790191650390624,68.90844151005149,28.37387084960937,0,256
001_ABC,29889,130592,0.9993438720703124,68.06786028086208,31.137257893880207,0,256
001_ABC,29889,130848,0.9680328369140624,97.51087685092352,43.40570576985677,0,256
001_ABC,29889,131104,0.96484375,115.5565780242905,55.0403086344401,0,256
001_ABC,29889,131360,0.9139862060546876,109.60801008134148,54.6756846110026,0,256
001_ABC,29889,131616,0.99920654296875,122.76254864572547,64.96590169270833,0,256
001_ABC,29889,131872,0.8777313232421875,125.04789733304642,56.33213806152344,0,256
001_ABC,30145,128288,0.99407958984375,108.98422026261689,41.93658447265625,0,256
001_ABC,30145,128544,0.91424560546875,102.99911507125944,41.62690734863281,0,256
001_ABC,30145,128800,1.0,105.59662479511462,32.26658630371094,0,256
001_ABC,30145,129056,1.0,98.35435955016874,34.48100789388021,0,256
001_ABC,30145,129312,1.0,106.52278288826346,36.972880045572914,0,256
001_ABC,30145,129568,1.0,104.4725068320986,34.405171712239586,0,256
001_ABC,30145,129824,0.786285400390625,100.69333340134472,39.0908457438151,0,256
001_ABC,30145,130080,0.990509033203125,107.03466946235858,36.57782491048177,0,256
001_ABC,30145,130336,0.999969482421875,90.5446123322472,31.503367106119796,0,256
001_ABC,30145,130592,0.9957275390625,75.25211404985748,28.891398111979168,0,256
001_ABC,30145,130848,0.9969329833984376,114.40746023878457,36.03454081217448,0,256
001_ABC,30145,131104,0.9227294921875,110.22129717259668,43.14362080891927,0,256
001_ABC,30145,131360,0.8232421875,103.30648324056529,49.78660074869792,0,256
001_ABC,30145,131616,0.9935760498046876,126.32476964755917,57.851175944010414,0,256
001_ABC,30145,131872,0.9967193603515624,141.30410732980818,46.82911682128906,0,256
001_ABC,30145,132128,0.9264068603515624,136.92047191946767,47.04089864095052,0,256
001_ABC,30145,132384,0.243499755859375,59.879098071716726,13.228246053059896,0,256
001_ABC,30401,128288,1.0,96.85473476257177,38.44446818033854,0,256
001_ABC,30401,128544,1.0,89.09418947785161,30.32175191243489,0,256
001_ABC,30401,128800,0.9991607666015624,101.3145069142338,28.604410807291668,0,256
001_ABC,30401,129056,0.9985198974609376,107.2114605307579,30.039255777994796,0,256
001_ABC,30401,129312,1.0,83.67334512597881,32.23670959472656,0,256
001_ABC,30401,129568,0.8725738525390625,97.45948165655136,40.588643391927086,0,256
001_ABC,30401,129824,0.821685791015625,92.01220331317744,39.03823852539063,0,256
001_ABC,30401,130080,0.9746551513671876,88.17343629687093,31.904505411783852,0,256
001_ABC,30401,130336,0.99847412109375,74.95416327472776,26.799611409505207,0,256
001_ABC,30401,130592,0.998687744140625,84.88793514668941,30.04197184244792,0,256
001_ABC,30401,130848,1.0,86.03131343587302,30.04241434733073,0,256
001_ABC,30401,131104,1.0,99.23046839027666,36.67725118001302,0,256
001_ABC,30401,131360,0.998687744140625,125.33094692230225,39.82872009277344,0,256
001_ABC,30401,131616,0.9997406005859376,88.9855452158954,36.27388000488281,0,256
001_ABC,30401,131872,1.0,118.36367903253996,44.16510518391927,0,256
001_ABC,30401,132128,0.9137725830078124,117.11349699622951,43.2879892985026,0,256
001_ABC,30401,132384,0.948211669921875,82.8920475912746,31.59764607747396,0,256
001_ABC,30401,132640,0.1681976318359375,46.11986780818552,9.257568359375,0,256
001_ABC,30657,128288,0.8854827880859375,51.14988359436393,31.08519490559896,0,256
001_ABC,30657,128544,0.999847412109375,52.821630453458056,27.600128173828125,0,256
001_ABC,30657,128800,0.999053955078125,57.37670256849378,28.777262369791668,0,256
001_ABC,30657,129056,1.0,57.603455539792776,31.772115071614586,0,256
001_ABC,30657,129312,0.94281005859375,61.01811321801506,32.11445617675781,0,256
001_ABC,30657,129568,0.844085693359375,63.776389837265015,38.56005859375,0,256
001_ABC,30657,129824,0.5825958251953125,56.40003170422278,27.543858846028645,0,256
001_ABC,30657,130080,0.9789886474609376,56.32484673871659,32.605255126953125,0,256
001_ABC,30657,130336,1.0,54.28174843057059,30.428207397460938,0,256
001_ABC,30657,130592,1.0,64.74439672729932,37.58306376139323,0,256
001_ABC,30657,130848,1.0,61.2813545295503,32.423970540364586,0,256
001_ABC,30657,131104,0.9431304931640624,67.51129518426023,45.43598429361979,0,256
001_ABC,30657,131360,0.9052581787109376,82.36154129728675,49.42291259765625,0,256
001_ABC,30657,131616,0.9931488037109376,59.50952707231045,30.31932576497396,0,256
001_ABC,30657,131872,0.9986572265625,70.9428369232919,33.69315083821615,0,256
001_ABC,30657,132128,0.9874420166015624,71.08830177015625,36.75533040364584,0,256
001_ABC,30657,132384,0.97454833984375,81.12237551435828,41.32843526204427,0,256
001_ABC,30657,132640,0.9383087158203124,55.74329627654515,31.5225830078125,0,256
001_ABC,30913,128544,0.8667755126953125,53.4158775722608,30.20272827148437,0,256
001_ABC,30913,128800,1.0,56.46610560058616,31.634796142578125,0,256
001_ABC,30913,129056,1.0,58.91141797509045,32.628804524739586,0,256
001_ABC,30913,129312,0.9349822998046876,64.3363916836679,37.907857259114586,0,256
001_ABC,30913,129568,1.0,60.09738849010319,34.37492879231771,0,256
001_ABC,30913,129824,0.9950714111328124,58.724669456481934,29.657124837239586,0,256
001_ABC,30913,130080,0.991424560546875,51.80035683861934,25.952565511067707,0,256
001_ABC,30913,130336,1.0,61.38536871573888,35.51020304361979,0,256
001_ABC,30913,130592,0.965911865234375,73.89045003708452,57.235748291015625,0,256
001_ABC,30913,130848,1.0,72.25820505525917,50.04403177897135,0,256
001_ABC,30913,131104,0.745086669921875,69.36777262366377,48.52947489420573,0,256
001_ABC,30913,131360,0.9984893798828124,69.00145329139195,34.05101521809896,0,256
001_ABC,30913,131616,0.9940643310546876,66.35764267202467,30.853073120117188,0,256
001_ABC,30913,131872,0.998291015625,61.50370600982569,29.734619140625,0,256
001_ABC,30913,132128,1.0,80.41841604933143,48.10447184244792,0,256
001_ABC,30913,132384,1.0,91.69421832426453,50.92534891764323,0,256
001_ABC,30913,132640,1.0,63.18572604819201,36.07201639811198,0,256
001_ABC,30913,132896,0.4755401611328125,54.35424863710068,20.487960815429688,0,256
001_ABC,31169,128800,0.131744384765625,44.40396781056188,8.691380818684896,0,256
001_ABC,31169,129056,0.3764190673828125,49.92196316621266,15.410105387369793,0,256
001_ABC,31169,129312,0.56878662109375,56.30132415052503,20.836746215820312,0,256
001_ABC,31169,129568,0.977630615234375,62.79593404754996,30.794077555338543,0,256
001_ABC,31169,129824,0.9732208251953124,70.43176266178489,35.3243408203125,0,256
001_ABC,31169,130080,0.9873809814453124,62.22096997406334,32.43658955891927,0,256
001_ABC,31169,130336,0.5427398681640625,58.70105327642523,36.854899088541664,0,256
001_ABC,31169,130592,0.783416748046875,65.45585716678761,41.879536946614586,0,256
001_ABC,31169,130848,0.76202392578125,70.60515294759534,39.66844685872396,0,256
001_ABC,31169,131104,0.9010162353515624,67.8277508111205,31.626820882161457,0,256
001_ABC,31169,131360,0.9997100830078124,65.06770103331655,29.08052062988281,0,256
001_ABC,31169,131616,1.0,70.49840759858489,31.16084289550781,0,256
001_ABC,31169,131872,1.0,64.11382989492267,29.27031962076823,0,256
001_ABC,31169,132128,1.0,77.04871209315024,43.96709187825521,0,256
001_ABC,31169,132384,1.0,69.28883215761743,36.441548665364586,0,256
001_ABC,31169,132640,1.0,65.18262952356599,32.994527180989586,0,256
001_ABC,31169,132896,0.490570068359375,52.21700419834815,18.197194417317707,0,256
001_ABC,31425,128800,0.0660552978515625,43.319195091491565,7.664215087890625,0,256
001_ABC,31425,129056,0.1929168701171875,46.83395317848772,15.464874267578123,0,256
001_ABC,31425,129312,0.292877197265625,54.841484155505896,17.38415018717448,0,256
001_ABC,31425,129568,0.9777984619140624,78.39330613519996,44.62158711751302,0,256
001_ABC,31425,129824,0.9857635498046876,74.00447846739553,41.90080769856771,0,256
001_ABC,31425,130080,0.7757415771484375,65.53494184371084,38.68860371907552,0,256
001_ABC,31425,130336,0.5366058349609375,59.28826184361242,21.462437947591145,0,256
001_ABC,31425,130592,1.0,73.52315567224286,38.81074015299479,0,256
001_ABC,31425,130848,0.8838653564453125,82.76854925975204,40.41331481933594,0,256
001_ABC,31425,131104,0.9970245361328124,69.78683235845529,33.0127919514974,0,256
001_ABC,31425,131360,0.9749908447265624,69.60531151201576,32.047119140625,0,256
001_ABC,31425,131616,0.995849609375,73.07813809416257,31.68249003092448,0,256
001_ABC,31425,131872,1.0,65.43704354926012,29.558013916015625,0,256
001_ABC,31425,132128,1.0,65.50214830203913,28.24206034342448,0,256
001_ABC,31425,132384,1.0,70.05596834328026,31.68872578938802,0,256
001_ABC,31425,132640,0.9985198974609376,80.470489426516,38.74725850423177,0,256
001_ABC,31425,132896,0.437164306640625,52.34389921929687,19.83337910970052,0,256
001_ABC,31681,128800,0.829437255859375,65.82813048362732,35.79314168294271,0,256
001_ABC,31681,129056,0.99566650390625,68.6872944792267,40.84204610188802,0,256
001_ABC,31681,129312,0.9698486328125,76.75331276282668,51.09965515136719,0,256
001_ABC,31681,129568,0.6939849853515625,71.65375952026807,35.29649861653646,0,256
001_ABC,31681,129824,0.8549041748046875,87.96214203885756,44.6655019124349,0,256
001_ABC,31681,130080,0.9269866943359376,85.5402181148529,43.38648986816406,0,256
001_ABC,31681,130336,0.8831634521484375,78.75144882849418,42.885030110677086,0,256
001_ABC,31681,130592,0.8709259033203125,79.70808528154157,37.89415486653646,0,256
001_ABC,31681,130848,0.718017578125,70.52922517224215,32.9761962890625,0,256
001_ABC,31681,131104,0.726226806640625,79.91361456899904,29.04749043782552,0,256
001_ABC,31681,131360,0.8202972412109375,93.44141547358596,39.07496134440104,0,256
001_ABC,31681,131616,0.9709320068359376,81.43393086548895,31.70262654622396,0,256
001_ABC,31681,131872,1.0,74.10474925651215,32.32621765136719,0,256
001_ABC,31681,132128,0.9997711181640624,82.8161059746053,36.6877695719401,0,256
001_ABC,31681,132384,0.94696044921875,89.28237822279334,33.05632527669271,0,256
001_ABC,31681,132640,0.92401123046875,94.4160792788025,41.24446105957031,0,256
001_ABC,31681,132896,0.4284515380859375,57.73882686998695,19.908610026041668,0,256
001_ABC,31937,128800,0.999755859375,73.76941476762295,42.27903747558594,0,256
001_ABC,31937,129056,1.0,70.76829281076789,40.921417236328125,0,256
001_ABC,31937,129312,1.0,78.41437806840986,42.21781921386719,0,256
001_ABC,31937,129568,1.0,79.2785915127024,40.68505350748698,0,256
001_ABC,31937,129824,0.980224609375,95.27555236569606,47.21800231933594,0,256
001_ABC,31937,130080,0.9513092041015624,88.84168084617704,40.50191243489584,0,256
001_ABC,31937,130336,1.0,72.9392230277881,35.62566121419271,0,256
001_ABC,31937,130592,0.868438720703125,84.10453753336333,36.39390055338541,0,256
001_ABC,31937,130848,0.603179931640625,74.57214357680641,23.705652872721355,0,256
001_ABC,31937,131104,0.99017333984375,81.08585002808832,35.249481201171875,0,256
001_ABC,31937,131360,0.701995849609375,83.8461007475853,29.41465759277344,0,256
001_ABC,31937,131616,0.64508056640625,95.95443344116212,30.75805155436198,0,256
001_ABC,31937,131872,0.9242401123046876,103.83643265720455,41.217122395833336,0,256
001_ABC,31937,132128,0.89337158203125,108.09845120063984,40.8916015625,0,256
001_ABC,31937,132384,0.64105224609375,87.07735859393142,27.240926106770832,0,256
001_ABC,31937,132640,0.6893463134765625,92.60365687310696,30.33544413248698,0,256
001_ABC,32193,128800,0.978973388671875,72.79624817427248,41.46442667643229,0,256
001_ABC,32193,129056,1.0,67.3663358092308,33.847391764322914,0,256
001_ABC,32193,129312,0.9942626953125,92.938090009382,53.79937744140625,0,256
001_ABC,32193,129568,1.0,79.77494911453687,37.45829772949219,0,256
001_ABC,32193,129824,1.0,85.32794593274593,43.92084757486979,0,256
001_ABC,32193,130080,0.8244781494140625,96.4894335558638,41.47198486328125,0,256
001_ABC,32193,130336,0.9670562744140624,80.05592522560619,37.56336466471354,0,256
001_ABC,32193,130592,0.9988250732421876,77.55744927353226,30.75293477376302,0,256
001_ABC,32193,130848,1.0,81.49421316361986,31.124928792317707,0,256
001_ABC,32193,131104,1.0,76.1114305832889,32.82825724283854,0,256
001_ABC,32193,131360,1.0,79.44204188045114,33.85875956217448,0,256
001_ABC,32193,131616,0.9030914306640624,100.94617207511328,38.83251444498698,0,256
001_ABC,32193,131872,0.53875732421875,89.97193432576023,20.389363606770832,0,256
001_ABC,32193,132128,0.8620758056640625,139.54437093413435,40.06442260742188,0,256
001_ABC,32193,132384,0.5791778564453125,84.52281355857849,27.320276896158852,0,256
001_ABC,32193,132640,0.83782958984375,83.13528579473495,33.04552714029948,0,256
001_ABC,32449,128544,0.9930419921875,67.96789449453354,33.20308430989584,0,256
001_ABC,32449,128800,0.9998016357421876,62.27131746709347,32.83854675292969,0,256
001_ABC,32449,129056,0.988433837890625,63.93728984869085,30.13642883300781,0,256
001_ABC,32449,129312,0.99993896484375,77.0023193359375,44.8004150390625,0,256
001_ABC,32449,129568,0.9992828369140624,68.5364087538328,33.3209482828776,0,256
001_ABC,32449,129824,0.9900054931640624,96.8990478478372,46.77539571126302,0,256
001_ABC,32449,130080,0.4103851318359375,73.29925857274793,19.11644490559896,0,256
001_ABC,32449,130336,0.96588134765625,83.2635450726375,37.37950642903646,0,256
001_ABC,32449,130592,0.996002197265625,72.74153901799582,28.805043538411457,0,256
001_ABC,32449,130848,0.99725341796875,69.74138045310974,30.44920857747396,0,256
001_ABC,32449,131104,0.9780731201171876,69.68753636977635,28.892786661783852,0,256
001_ABC,32449,131360,0.9915771484375,79.91642539110035,40.95840962727865,0,256
001_ABC,32449,131616,0.9987030029296876,77.9863365793135,36.25563049316406,0,256
001_ABC,32449,131872,0.9892120361328124,93.46500328090042,35.631429036458336,0,256
001_ABC,32449,132128,0.9684600830078124,88.94325682148337,31.30896504720052,0,256
001_ABC,32449,132384,0.948822021484375,86.89332177466713,36.53899129231771,0,256
001_ABC,32449,132640,0.3348846435546875,61.00122868642211,18.255788167317707,0,256
001_ABC,32705,128032,0.875823974609375,67.55865445523523,29.436553955078125,0,256
001_ABC,32705,128288,0.99468994140625,62.44030687189661,30.14436848958333,0,256
001_ABC,32705,128544,0.992523193359375,60.48926271288656,31.20876057942708,0,256
001_ABC,32705,128800,0.995697021484375,58.84804916381836,29.618062337239586,0,256
001_ABC,32705,129056,0.9907989501953124,60.43408988416195,29.049082438151043,0,256
001_ABC,32705,129312,0.9945526123046876,61.46635033097118,28.29639180501302,0,256
001_ABC,32705,129568,0.988616943359375,67.69453051593155,38.37248229980469,0,256
001_ABC,32705,129824,0.993682861328125,80.80810546875,40.12555948893229,0,256
001_ABC,32705,130080,0.2530670166015625,53.49707490741275,13.300847371419271,0,256
001_ABC,32705,130336,0.3967742919921875,59.365816816687584,16.867233276367188,0,256
001_ABC,32705,130592,0.9976348876953124,81.251236472046,36.38335164388021,0,256
001_ABC,32705,130848,0.9952850341796876,63.40943330526352,28.66277567545573,0,256
001_ABC,32705,131104,0.9923553466796876,62.41769408807159,29.301478068033852,0,256
001_ABC,32705,131360,0.9001617431640625,73.88883876800537,35.46308898925781,0,256
001_ABC,32705,131616,0.69061279296875,70.11433513066731,32.168233235677086,0,256
001_ABC,32705,131872,0.994659423828125,78.49844176298939,36.29863484700521,0,256
001_ABC,32705,132128,0.80206298828125,63.03490865137428,27.06224568684896,0,256
001_ABC,32705,132384,0.1738739013671875,43.15418999618851,10.42784627278646,0,256
001_ABC,32961,127776,0.9997100830078124,81.03054309054278,34.49531555175781,0,256
001_ABC,32961,128032,0.9989166259765624,81.56024369504303,33.57025146484375,0,256
001_ABC,32961,128288,0.994384765625,72.55949346884154,29.236831665039062,0,256
001_ABC,32961,128544,0.99847412109375,66.86718076467514,25.974721272786457,0,256
001_ABC,32961,128800,0.987396240234375,63.72324996232055,32.063313802083336,0,256
001_ABC,32961,129056,0.990264892578125,65.58614031015895,29.670181274414062,0,256
001_ABC,32961,129312,0.9952392578125,67.37851574434899,30.824361165364586,0,256
001_ABC,32961,129568,0.999664306640625,81.07081876602024,47.865753173828125,0,256
001_ABC,32961,129824,0.9976959228515624,103.13516839197835,40.047953287760414,0,256
001_ABC,32961,130080,0.9331512451171876,77.87249732017517,39.58183797200521,0,256
001_ABC,32961,130336,0.548431396484375,68.30172177311033,29.16460673014323,0,256
001_ABC,32961,130592,0.959259033203125,90.51730643212797,45.5356699625651,0,256
001_ABC,32961,130848,0.9982452392578124,67.17231039493345,29.942626953125,0,256
001_ABC,32961,131104,0.995025634765625,72.14759715809487,28.56112670898437,0,256
001_ABC,32961,131360,0.992889404296875,76.77810514881276,32.683258056640625,0,256
001_ABC,32961,131616,0.66168212890625,89.68858494400047,33.5241953531901,0,256
001_ABC,32961,131872,0.77166748046875,97.0691720098257,36.31265767415365,0,256
001_ABC,32961,132128,0.2985382080078125,55.97537318221293,15.82177225748698,0,256
001_ABC,33217,127520,0.8055419921875,64.2908781261649,28.44104512532552,0,256
001_ABC,33217,127776,0.9881591796875,84.72605872061104,32.01507568359375,0,256
001_ABC,33217,128032,0.942840576171875,80.92896805494092,34.9874267578125,0,256
001_ABC,33217,128288,0.9666900634765624,83.46953035052866,29.733688354492188,0,256
001_ABC,33217,128544,0.99383544921875,81.06657339236699,25.36040751139323,0,256
001_ABC,33217,128800,0.996185302734375,74.22455769195221,29.776560465494796,0,256
001_ABC,33217,129056,0.993988037109375,70.21965458150953,28.16940816243489,0,256
001_ABC,33217,129312,0.99298095703125,73.21504135779105,29.67743428548177,0,256
001_ABC,33217,129568,0.955047607421875,75.82312810048461,30.34019470214844,0,256
001_ABC,33217,129824,0.9385528564453124,85.07959645614028,36.408467610677086,0,256
001_ABC,33217,130080,0.9126129150390624,85.0678260019049,39.16812642415365,0,256
001_ABC,33217,130336,0.8773040771484375,81.68739564507268,42.90482076009115,0,256
001_ABC,33217,130592,0.8864898681640625,100.05633779778144,44.51488240559896,0,256
001_ABC,33217,130848,0.98822021484375,70.83448902424425,29.681167602539062,0,256
001_ABC,33217,131104,0.665008544921875,69.60175865050405,24.081431070963543,0,256
001_ABC,33217,131360,0.8623809814453125,78.28324766061269,33.73982238769531,0,256
001_ABC,33217,131616,0.57470703125,82.17887806054205,25.913777669270832,0,256
001_ABC,33473,127520,0.982421875,70.00886531709693,37.74280802408854,0,256
001_ABC,33473,127776,0.994415283203125,79.4395634746179,34.92875671386719,0,256
001_ABC,33473,128032,0.9843597412109376,85.04123587696813,33.597747802734375,0,256
001_ABC,33473,128288,0.950164794921875,80.84579515364021,32.02369689941406,0,256
001_ABC,33473,128544,0.912139892578125,88.84040664299391,32.30418395996094,0,256
001_ABC,33473,128800,0.90728759765625,79.34241450484842,27.93828837076823,0,256
001_ABC,33473,129056,0.996856689453125,76.66640554368496,27.9603271484375,0,256
001_ABC,33473,129312,0.9983978271484376,73.53201177692972,30.15183512369792,0,256
001_ABC,33473,129568,0.7148590087890625,78.19687663018703,21.702977498372395,0,256
001_ABC,33473,129824,0.7205810546875,91.42886865790932,32.98231506347656,0,256
001_ABC,33473,130080,0.905487060546875,104.17650337424128,42.45310974121094,0,256
001_ABC,33473,130336,0.74493408203125,84.93292564805597,39.17032368977865,0,256
001_ABC,33473,130592,0.89691162109375,98.62022298574448,43.09267171223959,0,256
001_ABC,33473,130848,0.581329345703125,76.09529417916201,25.27532958984375,0,256
001_ABC,33729,127264,0.892425537109375,70.98423626995645,35.641011555989586,0,256
001_ABC,33729,127520,1.0,75.40445246454328,36.675628662109375,0,256
001_ABC,33729,127776,0.995025634765625,76.51513333036564,34.49870808919271,0,256
001_ABC,33729,128032,0.9991302490234376,75.40073964907788,35.01416524251302,0,256
001_ABC,33729,128288,0.999847412109375,78.29984283610247,33.951812744140625,0,256
001_ABC,33729,128544,0.998992919921875,97.50640634237789,29.6358642578125,0,256
001_ABC,33729,128800,0.8380126953125,94.89801305532455,25.45641581217448,0,256
001_ABC,33729,129056,0.9499664306640624,104.53368885233068,30.102254231770832,0,256
001_ABC,33729,129312,0.9173736572265624,109.19007283612154,26.43943277994792,0,256
001_ABC,33729,129568,0.836761474609375,104.37932322826236,24.51180013020833,0,256
001_ABC,33729,129824,0.5054779052734375,85.33358719572425,18.27289326985677,0,256
001_ABC,33729,130080,0.1158294677734375,54.50726353912614,11.469772338867188,0,256
001_ABC,33729,130336,0.149627685546875,54.79127280018293,12.273600260416666,0,256
001_ABC,33985,127264,0.9986114501953124,77.75261702761054,34.84588623046875,0,256
001_ABC,33985,127520,0.9999847412109376,84.60816717310809,37.7038828531901,0,256
001_ABC,33985,127776,0.9960784912109376,91.35336171742529,36.25560506184896,0,256
001_ABC,33985,128032,1.0,85.74332448747009,32.02940877278646,0,256
001_ABC,33985,128288,1.0,83.57031182851642,36.31181335449219,0,256
001_ABC,33985,128544,0.99822998046875,95.42561197071336,36.05514017740885,0,256
001_ABC,33985,128800,0.8155517578125,87.21619328833185,27.903091430664062,0,256
001_ABC,33985,129056,0.6061248779296875,81.59957578009926,31.91986083984375,0,256
001_ABC,33985,129312,0.8096771240234375,107.0076088309288,42.35470581054688,0,256
001_ABC,33985,129568,0.6598052978515625,105.3011708697304,23.63409932454427,0,256
001_ABC,33985,129824,0.6121978759765625,90.2778900405392,18.910985310872395,0,256
001_ABC,33985,130080,0.00115966796875,44.38500559236854,6.3156280517578125,0,256
001_ABC,33985,130336,0.0,43.5126777717378,6.2032318115234375,0,256
001_ABC,34241,127264,0.998382568359375,91.54111738409848,35.058186848958336,0,256
001_ABC,34241,127520,0.992919921875,97.68107588007116,37.12109375,0,256
001_ABC,34241,127776,0.761383056640625,108.3821697605308,50.05748494466146,0,256
001_ABC,34241,128032,0.6365966796875,90.73653001245113,44.36755879720052,0,256
001_ABC,34241,128288,0.7359771728515625,94.49241886194795,43.05179341634115,0,256
001_ABC,34241,128544,0.7947540283203125,104.19394410192037,46.55304972330729,0,256
001_ABC,34241,128800,0.936004638671875,104.2367917408701,47.46575927734375,0,256
001_ABC,34241,129056,1.0,100.13957354053856,39.00603739420573,0,256
001_ABC,34241,129312,1.0,114.4310255413875,37.54023742675781,0,256
001_ABC,34241,129568,0.85430908203125,128.14874267578125,37.84900410970052,0,256
001_ABC,34241,129824,0.0937652587890625,53.58535379171372,8.135930379231771,0,256
001_ABC,34241,130080,0.0,44.40057984902524,6.104019165039063,0,256
001_ABC,34241,130336,0.0,42.4550820121076,6.096364339192708,0,256
001_ABC,34497,127520,0.9594879150390624,90.81661406066269,30.007354736328125,0,256
001_ABC,34497,127776,0.9362945556640624,105.1992026490625,42.829691569010414,0,256
001_ABC,34497,128032,0.9819183349609376,108.39553871168756,49.85595703125,0,256
001_ABC,34497,128288,1.0,96.72550227865575,43.14958699544271,0,256
001_ABC,34497,128544,1.0,102.6258787959814,39.36437479654948,0,256
001_ABC,34497,128800,0.9964752197265624,95.44215638726018,37.30269877115885,0,256
001_ABC,34497,129056,1.0,88.36779626249336,36.14976501464844,0,256
001_ABC,34497,129312,1.0,96.7000875172671,36.74005126953125,0,256
001_ABC,34497,129568,0.9948577880859376,93.71295010950416,42.57784525553385,0,256
001_ABC,34497,129824,0.7173004150390625,84.0237590437755,33.12610880533854,0,256
001_ABC,34497,130080,0.214080810546875,54.2740181570407,18.70061747233073,0,256
001_ABC,34497,130336,0.000213623046875,45.96418539783917,7.1575469970703125,0,256
001_ABC,34753,127776,0.738067626953125,69.81509331520647,26.112574259440105,0,256
001_ABC,34753,128032,0.9654083251953124,65.57603294192813,33.62236531575521,0,256
001_ABC,34753,128288,1.0,59.508956669829786,33.7207997639974,0,256
001_ABC,34753,128544,1.0,63.763259496307,34.1343739827474,0,256
001_ABC,34753,128800,1.0,61.217831552028656,32.866353352864586,0,256
001_ABC,34753,129056,1.0,63.6952608411666,34.42891947428385,0,256
001_ABC,34753,129312,1.0,90.3093786665704,51.78379821777344,0,256
001_ABC,34753,129568,0.9991302490234376,87.59182238928042,51.97872924804688,0,256
001_ABC,34753,129824,1.0,76.5492598079145,46.96002197265625,0,256
001_ABC,34753,130080,0.9288177490234376,66.9953737182077,46.70051066080729,0,256
001_ABC,34753,130336,0.33184814453125,55.21424861787818,22.40443420410156,0,256
001_ABC,35009,128032,0.999176025390625,61.12655399739742,30.49702453613281,0,256
001_ABC,35009,128288,1.0,65.51086365594529,34.799235026041664,0,256
001_ABC,35009,128544,1.0,65.48315413948148,33.269612630208336,0,256
001_ABC,35009,128800,1.0,67.78115683421493,36.29953002929688,0,256
001_ABC,35009,129056,0.940185546875,81.15365114435554,48.76085917154948,0,256
001_ABC,35009,129312,0.9990234375,88.63819885230623,48.64356994628906,0,256
001_ABC,35009,129568,0.90484619140625,83.89183009020053,53.86235555013021,0,256
001_ABC,35009,129824,1.0,71.18623085482977,39.91265360514323,0,256
001_ABC,35009,130080,1.0,65.68696796521544,46.91982014973959,0,256
001_ABC,35009,130336,0.9805908203125,75.29404836869799,56.34754943847656,0,256
001_ABC,35009,130592,0.19482421875,59.47025869204663,15.008987426757812,0,256
001_ABC,35265,128032,0.9973907470703124,73.33337301015854,34.00995381673177,0,256
001_ABC,35265,128288,1.0,73.22563170245849,36.77570088704427,0,256
001_ABC,35265,128544,0.919586181640625,69.81419664225541,40.042561848958336,0,256
001_ABC,35265,128800,0.488311767578125,60.74560955818743,27.875651041666668,0,256
001_ABC,35265,129056,0.657745361328125,66.53880399465561,37.69001261393229,0,256
001_ABC,35265,129312,0.9857177734375,84.92356858006679,44.45732625325521,0,256
001_ABC,35265,129568,1.0,90.76495394762604,66.88733927408855,0,256
001_ABC,35265,129824,1.0,77.7040661489591,44.34317525227865,0,256
001_ABC,35265,130080,1.0,70.98127160873264,47.33259073893229,0,256
001_ABC,35265,130336,0.998809814453125,68.59074400714599,41.19915262858073,0,256
001_ABC,35265,130592,0.28680419921875,57.83500788267702,15.56371053059896,0,256
001_ABC,35521,128032,0.99822998046875,69.65571296936832,32.11687723795573,0,256
001_ABC,35521,128288,0.981781005859375,84.09254940017127,53.24137369791666,0,256
001_ABC,35521,128544,0.45440673828125,62.39097547158599,27.521199544270832,0,256
001_ABC,35521,128800,0.7630767822265625,69.48638211842626,41.00913492838541,0,256
001_ABC,35521,129056,1.0,84.1718898115214,44.6774648030599,0,256
001_ABC,35521,129312,1.0,86.39808861818165,38.98930358886719,0,256
001_ABC,35521,129568,1.0,86.32771263923496,43.19647725423177,0,256
001_ABC,35521,129824,1.0,104.51763419713824,53.39592488606771,0,256
001_ABC,35521,130080,0.9778900146484376,87.05065383180045,44.89856465657552,0,256
001_ABC,35521,130336,0.6773681640625,69.35637846495956,34.08858235677084,0,256
001_ABC,35521,130592,0.5748443603515625,67.05110339052044,24.579991658528645,0,256
001_ABC,35777,128032,0.927825927734375,73.22867020196281,31.52617899576823,0,256
001_ABC,35777,128288,0.930419921875,88.52388911671005,52.041595458984375,0,256
001_ABC,35777,128544,0.99774169921875,82.62121842592023,49.8879140218099,0,256
001_ABC,35777,128800,0.947235107421875,74.77938793506473,41.98619079589844,0,256
001_ABC,35777,129056,0.8688507080078125,84.26850965782069,49.105804443359375,0,256
001_ABC,35777,129312,1.0,96.71857372275554,47.165069580078125,0,256
001_ABC,35777,129568,1.0,94.10030313953756,46.67048645019531,0,256
001_ABC,35777,129824,1.0,96.37049686536191,48.52354431152344,0,256
001_ABC,35777,130080,1.0,92.29176024254411,40.06030782063802,0,256
001_ABC,35777,130336,0.587249755859375,69.53116393089294,25.151265462239586,0,256
001_ABC,35777,130592,0.2713775634765625,65.36558402120136,21.12469482421875,0,256
001_ABC,36033,128288,0.9135894775390624,84.1793878392782,32.67167663574219,0,256
001_ABC,36033,128544,0.933746337890625,84.21422485797666,46.0874277750651,0,256
001_ABC,36033,128800,0.8209991455078125,78.44590161647648,43.70604451497396,0,256
001_ABC,36033,129056,1.0,93.2026753788814,36.57206217447917,0,256
001_ABC,36033,129312,1.0,104.7915586894378,42.60584004720052,0,256
001_ABC,36033,129568,1.0,98.5880487242248,37.49830118815104,0,256
001_ABC,36033,129824,0.9999542236328124,88.4407448132988,38.91305033365885,0,256
001_ABC,36033,130080,1.0,84.67052587028593,41.49168395996094,0,256
001_ABC,36033,130336,1.0,81.53280812106095,41.47581481933594,0,256
001_ABC,36033,130592,0.4705047607421875,73.32547467108816,23.826873779296875,0,256
001_ABC,36289,128544,0.7957611083984375,78.68675184785388,34.59270731608073,0,256
001_ABC,36289,128800,0.99993896484375,93.36787050939164,39.59795125325521,0,256
001_ABC,36289,129056,1.0,107.81422419077715,34.509002685546875,0,256
001_ABC,36289,129312,0.9991607666015624,94.30733004864304,34.46012878417969,0,256
001_ABC,36289,129568,1.0,93.6520250281319,35.736358642578125,0,256
001_ABC,36289,129824,1.0,96.45539204380476,40.52715555826823,0,256
001_ABC,36289,130080,1.0,92.2740469565615,39.68622334798177,0,256
001_ABC,36289,130336,1.0,91.26797250448726,39.87878926595052,0,256
001_ABC,36289,130592,0.8831939697265625,89.54559326171875,34.31706237792969,0,256
001_ABC,36545,128544,0.62786865234375,55.61834027990699,21.261734008789062,0,256
001_ABC,36545,128800,0.9535369873046876,72.05638345703483,30.392613728841145,0,256
001_ABC,36545,129056,0.9960174560546876,77.64126001298428,34.0245615641276,0,256
001_ABC,36545,129312,0.9947357177734376,73.76050095912069,30.641357421875,0,256
001_ABC,36545,129568,0.9921722412109376,71.29289600905031,29.908482869466145,0,256
001_ABC,36545,129824,1.0,68.47826999425888,35.30847676595052,0,256
001_ABC,36545,130080,0.999908447265625,67.687550871633,34.64014180501302,0,256
001_ABC,36545,130336,0.9894561767578124,67.76580574712716,36.56078592936198,0,256
001_ABC,36545,130592,0.587371826171875,60.96524198888801,21.04527282714844,0,256
001_ABC,36801,128544,0.995330810546875,67.53502813633531,49.4786376953125,0,256
001_ABC,36801,128800,0.984588623046875,65.01672809920274,41.9066416422526,0,256
001_ABC,36801,129056,0.9948883056640624,70.39725332683884,33.180877685546875,0,256
001_ABC,36801,129312,0.9927215576171876,68.56176755484194,31.707173665364586,0,256
001_ABC,36801,129568,0.9725189208984376,67.54643603321165,31.983057657877605,0,256
001_ABC,36801,129824,0.998779296875,68.2194384932518,35.722930908203125,0,256
001_ABC,36801,130080,0.999603271484375,62.16161585506052,37.3615976969401,0,256
001_ABC,36801,130336,0.9971160888671876,56.42541136499494,39.7389170328776,0,256
001_ABC,36801,130592,0.2932281494140625,42.67170038726181,13.577336629231771,0,256
001_ABC,37057,128544,0.9976043701171876,68.61897963192314,38.39517211914063,0,256
001_ABC,37057,128800,0.9619598388671876,74.04241859889589,44.44739786783854,0,256
001_ABC,37057,129056,0.9823760986328124,72.19695575442165,54.34772237141927,0,256
001_ABC,37057,129312,0.9976959228515624,75.1478225660976,46.86693827311198,0,256
001_ABC,37057,129568,0.99896240234375,74.10353445424698,40.36474100748698,0,256
001_ABC,37057,129824,0.99774169921875,79.53805539663881,40.16360982259115,0,256
001_ABC,37057,130080,0.9909820556640624,68.05715505685657,37.13550313313802,0,256
001_ABC,37057,130336,0.9703216552734376,65.80229147872888,36.89325968424479,0,256
001_ABC,37057,130592,0.1945037841796875,43.475231705000624,10.594187418619793,0,256
001_ABC,37313,128288,0.8548583984375,69.87989197671413,26.97881571451823,0,256
001_ABC,37313,128544,0.996429443359375,71.88108953251503,30.94970703125,0,256
001_ABC,37313,128800,1.0,76.34954976197332,34.55669657389323,0,256
001_ABC,37313,129056,0.9974517822265624,80.29919994226657,41.80852762858073,0,256
001_ABC,37313,129312,0.997283935546875,81.26473010983318,38.28387451171875,0,256
001_ABC,37313,129568,0.9959869384765624,83.22463375865482,36.97569274902344,0,256
001_ABC,37313,129824,0.998992919921875,97.53780791070312,39.91229756673177,0,256
001_ABC,37313,130080,0.994140625,87.60402598953806,43.44017028808594,0,256
001_ABC,37313,130336,0.7135162353515625,66.74545937404037,30.417287190755207,0,256
001_ABC,37569,128288,0.94146728515625,67.63586782081984,30.68665059407552,0,256
001_ABC,37569,128544,0.999786376953125,65.05265125259757,31.981109619140625,0,256
001_ABC,37569,128800,0.9993438720703124,65.81500416155905,32.58710225423177,0,256
001_ABC,37569,129056,0.999298095703125,72.11820961511694,33.5423329671224,0,256
001_ABC,37569,129312,0.997406005859375,75.7384114486631,34.67793782552084,0,256
001_ABC,37569,129568,0.966522216796875,79.90566872712225,35.856475830078125,0,256
001_ABC,37569,129824,0.836456298828125,81.75291912793182,45.46110534667969,0,256
001_ABC,37569,130080,0.952606201171875,96.4891131890472,71.72015380859375,0,256
001_ABC,37569,130336,0.5233154296875,67.45343017578125,38.22394307454427,0,256
001_ABC,37825,128288,0.8352813720703125,69.90153778996319,26.66377258300781,0,256
001_ABC,37825,128544,1.0,71.28266164567322,31.885986328125,0,256
001_ABC,37825,128800,0.9977264404296876,69.19098112708889,34.487955729166664,0,256
001_ABC,37825,129056,0.9979400634765624,69.49132665153593,40.3704833984375,0,256
001_ABC,37825,129312,0.9973602294921876,75.78001887258142,36.89429219563802,0,256
001_ABC,37825,129568,0.99407958984375,82.83349213167094,30.656626383463543,0,256
001_ABC,37825,129824,0.9876708984375,83.16375819197856,35.2685546875,0,256
001_ABC,37825,130080,0.790069580078125,78.45304178423248,37.60728454589844,0,256
001_ABC,37825,130336,0.04461669921875,41.426193091785535,7.11578369140625,0,256
001_ABC,37825,134432,0.9533538818359376,93.40451275533997,32.33776346842448,0,256
001_ABC,37825,134688,0.986236572265625,92.6253838480916,31.846018473307293,0,256
001_ABC,37825,134944,0.522216796875,69.71109676361084,20.29589335123698,0,256
001_ABC,38081,128544,0.9877777099609376,71.48138850927353,28.57863362630208,0,256
001_ABC,38081,128800,0.96087646484375,72.88790601491928,30.37920633951823,0,256
001_ABC,38081,129056,0.9872894287109376,75.11497478350066,36.23214213053385,0,256
001_ABC,38081,129312,0.9989013671875,72.33961902558804,40.05975850423177,0,256
001_ABC,38081,129568,0.9371337890625,76.8052168933209,32.79890441894531,0,256
001_ABC,38081,129824,0.48065185546875,61.93589015468024,19.804962158203125,0,256
001_ABC,38081,130080,0.054595947265625,41.702606320148334,7.0567474365234375,0,256
001_ABC,38081,134432,0.9432830810546876,95.18078449345194,34.75946044921875,0,256
001_ABC,38081,134688,1.0,100.65234054531902,35.804300944010414,0,256
001_ABC,38081,134944,0.9468231201171876,83.2007352700457,28.378428141276043,0,256
001_ABC,38081,135200,0.3090057373046875,59.13462477549911,14.603541056315104,0,256
001_ABC,38337,128544,0.7740936279296875,67.38348823413253,24.373392740885414,0,256
001_ABC,38337,128800,0.9962615966796876,75.50486435904168,33.86176554361979,0,256
001_ABC,38337,129056,0.9993438720703124,80.05347450613044,30.558863321940105,0,256
001_ABC,38337,129312,0.994537353515625,82.47144491132349,41.314107259114586,0,256
001_ABC,38337,129568,0.4652099609375,67.9681376805529,16.616734822591145,0,256
001_ABC,38337,129824,0.0,38.64892576634884,5.237162272135417,0,256
001_ABC,38337,130080,0.0,37.83892498514615,5.368001302083333,0,256
001_ABC,38337,134176,0.8996124267578125,88.83361795451492,34.76277160644531,0,256
001_ABC,38337,134432,0.993560791015625,91.69635806023145,37.8799794514974,0,256
001_ABC,38337,134688,1.0,102.69485091394743,38.78749084472656,0,256
001_ABC,38337,134944,1.0,90.30726034916006,35.46363321940104,0,256
001_ABC,38337,135200,0.775543212890625,82.49149163416587,26.57219950358073,0,256
001_ABC,38593,128800,0.99951171875,69.91288159787655,31.47521464029948,0,256
001_ABC,38593,129056,0.9988555908203124,67.47633237740956,32.09563191731771,0,256
001_ABC,38593,129312,0.9933013916015624,74.22927681147121,32.78678894042969,0,256
001_ABC,38593,129568,0.6522216796875,67.82846437371336,22.132273356119796,0,256
001_ABC,38593,129824,0.0,39.30228656134568,5.875996907552083,0,256
001_ABC,38593,130080,0.0,40.67845152667724,5.986831665039063,0,256
001_ABC,38593,131616,0.7631072998046875,72.4787915663328,25.255482991536457,0,256
001_ABC,38593,131872,0.8634185791015625,104.06998348236084,37.83332824707031,0,256
001_ABC,38593,132128,0.9558868408203124,102.78110788669436,38.03618367513021,0,256
001_ABC,38593,132384,0.469818115234375,62.73874052404426,18.17120361328125,0,256
001_ABC,38593,132640,0.0764923095703125,43.79754441604018,9.277989705403646,0,256
001_ABC,38593,132896,0.30291748046875,48.92789243697189,15.079391479492188,0,256
001_ABC,38593,133152,0.631317138671875,60.415683256229386,20.37533569335937,0,256
001_ABC,38593,133408,0.765167236328125,72.00053962692618,24.791514078776043,0,256
001_ABC,38593,133664,0.59429931640625,72.00597820337862,20.901255289713543,0,256
001_ABC,38593,133920,0.834228515625,88.87828063382767,26.857091267903645,0,256
001_ABC,38593,134176,0.744781494140625,84.39629404968582,24.74879964192708,0,256
001_ABC,38593,134432,0.4631195068359375,62.54525481816381,14.568171183268229,0,256
001_ABC,38593,134688,0.8861083984375,75.47717070579529,27.487711588541668,0,256
001_ABC,38593,134944,1.0,76.1504928432405,31.722376505533852,0,256
001_ABC,38593,135200,0.98089599609375,81.56273560016416,31.497629801432293,0,256
001_ABC,38849,128800,0.8112030029296875,60.68898730631918,28.903244018554688,0,256
001_ABC,38849,129056,1.0,63.19200922455639,29.401723225911457,0,256
001_ABC,38849,129312,1.0,66.20879894122481,31.90124003092448,0,256
001_ABC,38849,129568,0.985931396484375,64.70234676240943,37.68583679199219,0,256
001_ABC,38849,129824,0.3389892578125,50.2704005704727,15.083145141601562,0,256
001_ABC,38849,130080,0.0424041748046875,44.58862022962421,7.422693888346354,0,256
001_ABC,38849,131616,0.62152099609375,61.38033444224857,22.678120930989586,0,256
001_ABC,38849,131872,0.9282684326171876,79.45505454926752,35.147247314453125,0,256
001_ABC,38849,132128,0.94854736328125,84.21872007264756,35.39622497558594,0,256
001_ABC,38849,132384,0.506622314453125,61.05653124209493,19.096638997395832,0,256
001_ABC,38849,132640,0.6725616455078125,69.55766919045709,28.02367655436198,0,256
001_ABC,38849,132896,0.98260498046875,73.62423122464679,36.58872477213541,0,256
001_ABC,38849,133152,0.993988037109375,74.00991265638731,33.87535095214844,0,256
001_ABC,38849,133408,0.9940185546875,72.09744396712631,31.843541463216145,0,256
001_ABC,38849,133664,0.863433837890625,69.5332936027553,23.394027709960938,0,256
001_ABC,38849,133920,0.8945465087890625,78.24843474850059,26.417221069335938,0,256
001_ABC,38849,134176,0.38409423828125,52.85304730175994,15.94141133626302,0,256
001_ABC,38849,134432,0.1049652099609375,45.29037462174893,8.467768351236979,0,256
001_ABC,38849,134688,0.9290313720703124,86.4463600476738,28.456888834635414,0,256
001_ABC,38849,134944,1.0,85.5389258840587,33.890869140625,0,256
001_ABC,38849,135200,0.9989166259765624,76.78668509423733,33.186381022135414,0,256
001_ABC,38849,135456,0.288299560546875,47.46117069944739,12.019632975260416,0,256
001_ABC,39105,129056,0.9991455078125,61.16783462441526,31.912740071614586,0,256
001_ABC,39105,129312,1.0,59.48770116060041,33.48211161295573,0,256
001_ABC,39105,129568,0.998687744140625,64.23954889830202,30.85284423828125,0,256
001_ABC,39105,129824,0.998779296875,71.90698770410381,29.32549540201823,0,256
001_ABC,39105,130080,0.9432220458984376,73.26930900570005,28.527603149414062,0,256
001_ABC,39105,130336,0.8344268798828125,66.14306829869747,26.073766072591145,0,256
001_ABC,39105,130592,0.405426025390625,62.725465536117554,19.00622049967448,0,256
001_ABC,39105,130848,0.701812744140625,86.80852706334554,39.30048116048177,0,256
001_ABC,39105,131104,0.7920989990234375,68.97009025514126,32.697174072265625,0,256
001_ABC,39105,131360,0.8354339599609375,75.90458148322068,30.507359822591145,0,256
001_ABC,39105,131616,0.460784912109375,65.28327927342616,19.557886759440105,0,256
001_ABC,39105,131872,0.703369140625,75.78105969517492,27.596115112304688,0,256
001_ABC,39105,132128,0.99884033203125,85.26487725204788,35.50721232096354,0,256
001_ABC,39105,132384,0.6414031982421875,70.40395112312399,23.041432698567707,0,256
001_ABC,39105,132640,0.9123382568359376,95.04461334645748,36.22357686360677,0,256
001_ABC,39105,132896,1.0,72.37353203049861,34.88841756184896,0,256
001_ABC,39105,133152,1.0,76.83226006454788,35.65217081705729,0,256
001_ABC,39105,133408,0.977386474609375,80.26211094483733,32.18035888671875,0,256
001_ABC,39105,133664,0.9481964111328124,80.89028462371789,26.70384724934896,0,256
001_ABC,39105,133920,0.9370880126953124,78.95033800206147,27.681508382161457,0,256
001_ABC,39105,134176,0.3352203369140625,54.795890933834016,14.89281209309896,0,256
001_ABC,39105,134432,0.1422576904296875,47.765124826692045,9.06603495279948,0,256
001_ABC,39105,134688,0.9801483154296876,87.08058834075928,40.51281229654948,0,256
001_ABC,39105,134944,0.9432220458984376,97.03453040029854,44.69453938802084,0,256
001_ABC,39105,135200,1.0,76.41637479420751,34.949015299479164,0,256
001_ABC,39105,135456,0.59381103515625,63.73704728111625,25.71106465657552,0,256
001_ABC,39361,129056,0.5166473388671875,52.07077286927961,17.133626302083332,0,256
001_ABC,39361,129312,0.99749755859375,65.68653695634566,33.96625264485677,0,256
001_ABC,39361,129568,1.0,68.8935346743092,30.17346700032552,0,256
001_ABC,39361,129824,1.0,78.45765356323682,35.87522888183594,0,256
001_ABC,39361,130080,0.99920654296875,77.780812590383,37.41406758626302,0,256
001_ABC,39361,130336,0.8378143310546875,83.58482503518462,31.536473592122395,0,256
001_ABC,39361,130592,0.8535308837890625,83.51229169592261,36.9267832438151,0,256
001_ABC,39361,130848,1.0,98.56012161052786,44.99923197428385,0,256
001_ABC,39361,131104,0.97857666015625,94.81083351909184,43.16591389973959,0,256
001_ABC,39361,131360,0.95849609375,98.33778051636182,37.06358337402344,0,256
001_ABC,39361,131616,0.6215057373046875,73.73647259175777,25.38132222493489,0,256
001_ABC,39361,131872,0.6991119384765625,80.9395611116197,30.447519938151043,0,256
001_ABC,39361,132128,1.0,88.81821100320667,40.0245615641276,0,256
001_ABC,39361,132384,0.9411773681640624,88.6738940605428,34.8325449625651,0,256
001_ABC,39361,132640,0.9482421875,98.65318521484733,32.763092041015625,0,256
001_ABC,39361,132896,0.9472198486328124,94.18021306372248,33.21326700846354,0,256
001_ABC,39361,133152,0.998748779296875,98.4380958059337,38.67431131998698,0,256
001_ABC,39361,133408,1.0,109.3987414536532,40.47305806477865,0,256
001_ABC,39361,133664,0.9885406494140624,93.74293260928243,32.678619384765625,0,256
001_ABC,39361,133920,0.730804443359375,75.18057948257774,22.55854797363281,0,256
001_ABC,39361,134176,0.2971038818359375,57.19899612292648,13.01379903157552,0,256
001_ABC,39361,134432,0.0015869140625,44.19945907592773,6.704010009765625,0,256
001_ABC,39361,134688,0.4252166748046875,66.1923558972776,21.723490397135414,0,256
001_ABC,39361,134944,0.914825439453125,85.05253245588392,35.74246724446615,0,256
001_ABC,39361,135200,1.0,96.00594102940522,40.70000712076823,0,256
001_ABC,39361,135456,0.623382568359375,76.93790922104381,26.354476928710938,0,256
001_ABC,39617,129312,0.743927001953125,58.885392531752586,31.19451395670573,0,256
001_ABC,39617,129568,0.9113006591796876,74.61892490810715,29.2081298828125,0,256
001_ABC,39617,129824,0.882476806640625,80.27210933133028,28.83164978027344,0,256
001_ABC,39617,130080,0.639678955078125,71.46858407463878,24.09264628092448,0,256
001_ABC,39617,130336,0.8393402099609375,80.30892218556255,33.01665751139323,0,256
001_ABC,39617,130592,0.834991455078125,90.19537257775664,33.93482462565104,0,256
001_ABC,39617,130848,0.8748779296875,97.05579608678818,39.39422098795573,0,256
001_ABC,39617,131104,0.973541259765625,101.31709858565593,38.40166727701823,0,256
001_ABC,39617,131360,0.9573974609375,106.98748746141791,35.41470845540365,0,256
001_ABC,39617,131616,0.246978759765625,63.405100961914286,13.336100260416666,0,256
001_ABC,39617,131872,0.7550048828125,96.94066542293876,35.175333658854164,0,256
001_ABC,39617,132128,1.0,101.8357093250379,50.63330586751302,0,256
001_ABC,39617,132384,0.99334716796875,82.94724708772264,41.893290201822914,0,256
001_ABC,39617,132640,0.9405059814453124,78.55111706233583,27.828755696614586,0,256
001_ABC,39617,132896,0.9002227783203125,85.57161650038324,33.94529724121094,0,256
001_ABC,39617,133152,0.99609375,82.98781707044691,40.68616231282552,0,256
001_ABC,39617,133408,1.0,113.2275986522436,48.6235097249349,0,256
001_ABC,39617,133664,0.9810791015625,102.02189199230634,42.33270772298177,0,256
001_ABC,39617,133920,0.5762481689453125,83.98685350990854,23.931676228841145,0,256
001_ABC,39617,134176,0.02655029296875,47.43435700144619,7.7786102294921875,0,256
001_ABC,39617,134432,0.0,46.60664573474787,6.836568196614583,0,256
001_ABC,39617,134688,0.012664794921875,45.29833984375,7.210917154947917,0,256
001_ABC,39617,134944,0.75433349609375,86.65805559977889,28.48494466145833,0,256
001_ABC,39617,135200,1.0,100.19479582435451,38.83984883626302,0,256
001_ABC,39617,135456,0.7249298095703125,92.30787656805478,32.89252726236979,0,256
001_ABC,39873,130848,0.8426361083984375,92.65960681415164,36.53559366861979,0,256
001_ABC,39873,131104,0.977996826171875,103.53054496995172,41.4141845703125,0,256
001_ABC,39873,131360,0.5406951904296875,79.36283655441366,27.28661092122396,0,256
001_ABC,39873,131616,0.4585723876953125,89.80360838398337,18.70659891764323,0,256
001_ABC,39873,131872,1.0,133.28501528478228,50.7844492594401,0,256
001_ABC,39873,132128,1.0,113.24248517211528,57.22846476236979,0,256
001_ABC,39873,132384,0.9967498779296876,83.33377113356255,39.2933603922526,0,256
001_ABC,39873,132640,0.7785491943359375,83.16421898803674,30.127960205078125,0,256
001_ABC,39873,132896,0.9639129638671876,96.89163811854088,41.1162363688151,0,256
001_ABC,39873,133152,0.9013214111328124,103.70799326803537,35.6533203125,0,256
001_ABC,39873,133408,0.593963623046875,78.042022585636,24.47313944498698,0,256
001_ABC,39873,133664,0.4178314208984375,70.38454560167156,18.074803670247395,0,256
001_ABC,39873,133920,0.0034332275390625,46.491362168453634,7.259541829427083,0,256
001_ABC,39873,134176,0.0018463134765625,44.93147277622484,7.3178660074869795,0,256
001_ABC,39873,134432,0.410980224609375,72.12201017141342,22.179214477539062,0,256
001_ABC,39873,134688,0.829620361328125,110.96064711152576,37.41108703613281,0,256
001_ABC,39873,134944,0.9698638916015624,99.44968944694848,35.31089782714844,0,256
001_ABC,39873,135200,1.0,96.15318483114244,39.61308288574219,0,256
001_ABC,39873,135456,0.71343994140625,87.97154937684536,27.457967122395832,0,256
001_ABC,40129,130848,0.929473876953125,113.325711495243,37.700113932291664,0,256
001_ABC,40129,131104,0.9715576171875,119.23315232619645,36.22338358561198,0,256
001_ABC,40129,131360,0.9239654541015624,121.23011257871984,34.07884724934896,0,256
001_ABC,40129,131616,0.8183135986328125,139.12229453003965,32.46502176920573,0,256
001_ABC,40129,131872,0.9790191650390624,145.98548468574882,49.4063720703125,0,256
001_ABC,40129,132128,0.799652099609375,109.919182745507,37.718170166015625,0,256
001_ABC,40129,132384,0.87445068359375,114.45093465573154,37.40557352701823,0,256
001_ABC,40129,132640,0.9791717529296876,129.4978725379333,34.671112060546875,0,256
001_ABC,40129,132896,0.5052947998046875,84.34918271913193,19.800827026367188,0,256
001_ABC,40129,133152,0.0911865234375,48.16269677039236,7.8534189860026045,0,256
001_ABC,40129,133408,0.0,42.032139926217496,5.683603922526042,0,256
001_ABC,40129,133664,0.0,42.03668028023094,5.566202799479167,0,256
001_ABC,40129,133920,0.0,47.72080679773353,6.958994547526042,0,256
001_ABC,40129,134176,0.0861358642578125,57.77220569550991,9.621775309244793,0,256
001_ABC,40129,134432,0.9469451904296876,131.1429210966453,53.48491414388021,0,256
001_ABC,40129,134688,1.0,135.949977084063,52.75406392415365,0,256
001_ABC,40129,134944,0.989593505859375,134.97762966156006,45.28089904785156,0,256
001_ABC,40129,135200,0.96905517578125,112.61216807272284,39.98597208658854,0,256
001_ABC,40129,135456,0.284912109375,65.89100892632268,16.06658935546875,0,256
001_ABC,40385,131104,1.0,140.37961745262146,36.34892781575521,0,256
001_ABC,40385,131360,0.987945556640625,151.5577963308897,36.60108439127604,0,256
001_ABC,40385,131616,0.3597869873046875,100.57646618015131,16.382375081380207,0,256
001_ABC,40385,134176,0.6667022705078125,109.8148639490828,30.36800130208333,0,256
001_ABC,40385,134432,1.0,158.554981674999,59.37125651041666,0,256
001_ABC,40385,134688,1.0,186.18008883460425,59.7604726155599,0,256
001_ABC,40385,134944,1.0,157.8330248349812,51.76066589355469,0,256
001_ABC,40385,135200,0.61712646484375,117.97692358400673,29.370157877604168,0,256
001_ABC,40385,135456,0.0,52.03980498737656,6.906087239583333,0,256
001_ABC,40641,131360,0.3868560791015625,81.26548996195197,21.74981689453125,0,256
001_ABC,40641,134176,0.764007568359375,83.74534397944808,32.277872721354164,0,256
001_ABC,40641,134432,0.8947296142578125,99.7320331595838,42.58226521809896,0,256
001_ABC,40641,134688,0.867218017578125,117.69760315772146,39.036224365234375,0,256
001_ABC,40641,134944,0.781005859375,93.25604870333336,37.29594421386719,0,256
001_ABC,40641,135200,0.5294952392578125,68.39692046865821,21.281539916992188,0,256
001_ABC,40641,135456,0.0,43.61112514673732,6.1924692789713545,0,256
001_ABC,40897,134176,0.6156158447265625,65.75295154657215,33.55853780110677,0,256
001_ABC,40897,134432,0.8402557373046875,78.64830230828375,43.42743428548177,0,256
001_ABC,40897,134688,0.590057373046875,58.85003566741944,32.26792907714844,0,256
001_ABC,40897,134944,0.8051910400390625,67.912498842692,39.53495788574219,0,256
001_ABC,40897,135200,0.9435577392578124,72.35058341920376,42.33702596028646,0,256
001_ABC,40897,135456,0.01483154296875,43.751196950441226,6.7837677001953125,0,256
001_ABC,41153,134176,0.995147705078125,90.74384489818476,54.93116251627604,0,256
001_ABC,41153,134432,1.0,84.22950525558554,60.18353271484375,0,256
001_ABC,41153,134688,1.0,74.28862849785946,57.20811462402344,0,256
001_ABC,41153,134944,1.0,79.55430760025047,57.881184895833336,0,256
001_ABC,41153,135200,0.9848785400390624,77.69559448864311,44.84466552734375,0,256
001_ABC,41153,135456,0.05218505859375,48.694741666316986,8.504898071289062,0,256
001_ABC,41409,134176,1.0,91.30923606059514,72.29755147298177,0,256
001_ABC,41409,134432,1.0,79.48583774990402,64.61484273274739,0,256
001_ABC,41409,134688,1.0,83.72612556442618,68.01235961914062,0,256
001_ABC,41409,134944,1.0,78.70629187836312,56.470723470052086,0,256
001_ABC,41409,135200,0.8303070068359375,79.53273650631309,41.87198384602865,0,256
001_ABC,41409,135456,0.0453033447265625,52.1432640531566,8.154744466145834,0,256
001_ABC,41665,134176,1.0,95.19222464389168,73.16799926757812,0,256
001_ABC,41665,134432,1.0,93.18391250423156,70.53160603841145,0,256
001_ABC,41665,134688,0.9999237060546876,92.4811668395996,63.44459025065104,0,256
001_ABC,41665,134944,1.0,87.99802347435616,61.26656595865885,0,256
001_ABC,41665,135200,0.5626983642578125,74.60740875359625,29.53466796875,0,256
001_ABC,41665,135456,0.2897491455078125,62.50297002098523,15.963770548502604,0,256
001_ABC,41921,134176,0.9947509765625,96.2478099425789,62.87876383463541,0,256
001_ABC,41921,134432,0.9998321533203124,100.13977796933614,57.46817525227865,0,256
001_ABC,41921,134688,1.0,92.742453902727,60.54511515299479,0,256
001_ABC,41921,134944,0.999786376953125,90.05024648993276,57.20459493001302,0,256
001_ABC,41921,135200,0.8957061767578125,92.04500248632394,43.15011088053385,0,256
001_ABC,41921,135456,0.4561767578125,72.11434176354669,24.06333923339844,0,256
001_ABC,42177,134176,0.9236297607421876,100.10932916030288,57.339202880859375,0,256
001_ABC,42177,134432,1.0,90.80938631203026,57.35706075032552,0,256
001_ABC,42177,134688,1.0,100.13910001516342,60.26461791992188,0,256
001_ABC,42177,134944,1.0,89.31624455726705,63.39409891764323,0,256
001_ABC,42177,135200,0.993560791015625,98.16469250619411,61.00140380859375,0,256
001_ABC,42177,135456,0.6669769287109375,79.30702693923377,48.297627766927086,0,256
001_ABC,42433,134432,1.0,106.81070775329135,61.5788319905599,0,256
001_ABC,42433,134688,1.0,117.63832391775212,64.53074137369792,0,256
001_ABC,42433,134944,0.9981536865234376,97.63080138876104,79.71869405110677,0,256
001_ABC,42433,135200,1.0,102.14847134216689,61.31304423014323,0,256
001_ABC,42433,135456,0.7530364990234375,92.54497781023385,41.654134114583336,0,256
001_ABC,42689,134432,0.5695037841796875,77.83401131257415,32.54462178548177,0,256
001_ABC,42689,134688,0.9964141845703124,100.6366536580026,52.15555826822917,0,256
001_ABC,42689,134944,1.0,115.78974776505493,56.81708780924479,0,256
001_ABC,42689,135200,1.0,96.0079582296312,49.16063944498698,0,256
001_ABC,42689,135456,0.7477264404296875,80.95280690654181,33.49699910481771,0,256
001_ABC,42945,134688,0.67803955078125,78.70389330014586,31.634735107421875,0,256
001_ABC,42945,134944,1.0,76.17734625539742,43.82192993164063,0,256
001_ABC,42945,135200,1.0,87.24924474582076,46.07010396321615,0,256
001_ABC,42945,135456,0.731353759765625,78.25565890944563,34.255401611328125,0,256
001_ABC,43201,134688,1.0,144.5865739574656,53.1150156656901,0,256
001_ABC,43201,134944,1.0,125.68538887030444,49.41320292154948,0,256
001_ABC,43201,135200,1.0,101.64100817567667,47.361104329427086,0,256
001_ABC,43201,135456,0.4257354736328125,70.85738765238784,21.991989135742188,0,256
001_ABC,43457,134688,1.0,148.61176344379783,60.2459716796875,0,256
001_ABC,43457,134944,0.9850921630859376,147.31828730925918,54.74411010742188,0,256
001_ABC,43457,135200,0.83990478515625,103.90776051743887,37.081624348958336,0,256
001_ABC,43713,134688,0.6807098388671875,89.14650179608725,32.999532063802086,0,256
001_ABC,43713,134944,0.61322021484375,89.41663490235806,29.387120564778645,0,256
001_ABC,43969,134176,0.9169769287109376,113.4505036920309,39.42857869466146,0,256
001_ABC,43969,134432,0.2838134765625,71.93670520349406,20.572519938151043,0,256
001_ABC,43969,134688,0.0333404541015625,59.14238952100277,10.115915934244793,0,256
001_ABC,43969,134944,0.0,55.50628834124655,8.950429280598959,0,256
001_ABC,44225,133920,0.9870452880859376,130.1329476898536,53.29981994628906,0,256
001_ABC,44225,134176,1.0,144.6058951446321,48.45307922363281,0,256
001_ABC,44225,134432,0.621337890625,99.15099640912376,35.29346211751302,0,256
001_ABC,44225,134688,0.51861572265625,92.08567446260712,25.754969278971355,0,256
001_ABC,44225,134944,0.1450042724609375,64.39955138950609,13.723617553710938,0,256
001_ABC,44481,133664,0.8740081787109375,140.41840396053158,46.14412943522135,0,256
001_ABC,44481,133920,1.0,133.03135277237743,56.15272521972656,0,256
001_ABC,44481,134176,1.0,148.27472548163496,55.540374755859375,0,256
001_ABC,44481,134432,1.0,156.00279584876262,53.00481160481771,0,256
001_ABC,44481,134688,0.960205078125,153.16274947463535,49.10758972167969,0,256
001_ABC,44481,134944,0.7424774169921875,138.47976660728455,34.092926025390625,0,256
001_ABC,44737,133408,0.9205474853515624,87.37721051066183,45.84491475423177,0,256
001_ABC,44737,133664,0.99871826171875,88.67055798484944,50.51800537109375,0,256
001_ABC,44737,133920,0.9997711181640624,78.67869422561489,55.87481689453125,0,256
001_ABC,44737,134176,1.0,78.29509499296546,47.86857604980469,0,256
001_ABC,44737,134432,0.9999847412109376,82.68276064749807,45.77113342285156,0,256
001_ABC,44737,134688,0.9987640380859376,90.00859037949704,47.34307352701823,0,256
001_ABC,44737,134944,0.9465484619140624,80.97283517476171,48.506856282552086,0,256
001_ABC,44993,133152,0.8560943603515625,64.49064821004868,37.80695597330729,0,256
001_ABC,44993,133408,0.9931182861328124,66.17909854650497,51.18011983235677,0,256
001_ABC,44993,133664,0.9777984619140624,72.08398304879665,48.36884562174479,0,256
001_ABC,44993,133920,1.0,67.36172146513127,48.78101094563802,0,256
001_ABC,44993,134176,0.995086669921875,73.286780949682,43.06884256998698,0,256
001_ABC,44993,134432,0.993988037109375,68.09285009442829,44.30018615722656,0,256
001_ABC,44993,134688,0.9345703125,66.43955310806632,42.75439961751302,0,256
001_ABC,44993,134944,0.2615814208984375,51.01416088431142,16.82397969563802,0,256
001_ABC,45249,132896,0.6932525634765625,62.49636664777063,38.876373291015625,0,256
001_ABC,45249,133152,0.9905242919921876,71.60091878077947,49.78935241699219,0,256
001_ABC,45249,133408,1.0,74.21647256240249,47.65972900390625,0,256
001_ABC,45249,133664,0.967010498046875,75.85996835283004,42.5035146077474,0,256
001_ABC,45249,133920,0.9998931884765624,69.65894492319785,50.52764383951823,0,256
001_ABC,45249,134176,0.99993896484375,66.03730643331073,42.83922322591146,0,256
001_ABC,45249,134432,0.9794158935546876,76.68985387310386,39.962005615234375,0,256
001_ABC,45249,134688,0.683502197265625,63.73149741976522,29.81621805826823,0,256
001_ABC,45505,132896,0.9969635009765624,77.15743623091839,47.59776306152344,0,256
001_ABC,45505,133152,0.9998931884765624,71.46374579425901,46.41199747721354,0,256
001_ABC,45505,133408,0.9998321533203124,73.06650560139678,44.73682657877604,0,256
001_ABC,45505,133664,1.0,78.135244961828,47.63342793782552,0,256
001_ABC,45505,133920,1.0,71.87157349078916,45.02997334798177,0,256
001_ABC,45505,134176,0.997955322265625,69.95833605434746,41.3436279296875,0,256
001_ABC,45505,134432,0.99853515625,68.2319395148661,41.75593566894531,0,256
001_ABC,45505,134688,0.57568359375,66.82599571137689,25.840977986653645,0,256
001_ABC,45761,132640,0.7738494873046875,79.354881655192,36.84099833170573,0,256
001_ABC,45761,132896,1.0,75.30789674608968,40.52693176269531,0,256
001_ABC,45761,133152,1.0,72.13795170094818,41.48561096191406,0,256
001_ABC,45761,133408,1.0,72.68405608995818,38.4304453531901,0,256
001_ABC,45761,133664,0.99957275390625,87.22094161412679,40.77491251627604,0,256
001_ABC,45761,133920,0.9999847412109376,80.79887064453214,40.93688456217448,0,256
001_ABC,45761,134176,0.9910430908203124,78.0998563459143,44.35389709472656,0,256
001_ABC,45761,134432,0.892669677734375,77.24642977770418,32.4227294921875,0,256
001_ABC,45761,134688,0.2623291015625,55.048098555766046,14.048029581705729,0,256
001_ABC,46017,132384,0.708404541015625,78.07005357719027,25.252512613932293,0,256
001_ABC,46017,132640,0.978485107421875,91.590306176804,38.18866984049479,0,256
001_ABC,46017,132896,1.0,79.32273441529833,41.11634318033854,0,256
001_ABC,46017,133152,0.9999542236328124,80.44251845940016,38.27300516764323,0,256
001_ABC,46017,133408,0.9971466064453124,82.16365718841553,39.51219177246094,0,256
001_ABC,46017,133664,0.9997100830078124,81.66151260188781,39.48834737141927,0,256
001_ABC,46017,133920,1.0,81.02311650640331,42.94587198893229,0,256
001_ABC,46017,134176,0.5426177978515625,67.8733770698309,22.22638448079427,0,256
001_ABC,46273,132384,0.9906005859375,90.85247433092444,29.409596761067707,0,256
001_ABC,46273,132640,0.998199462890625,92.97037103399634,36.38834635416666,0,256
001_ABC,46273,132896,1.0,89.0721188893076,39.60704549153646,0,256
001_ABC,46273,133152,0.9983062744140624,89.28664724435657,34.25926717122396,0,256
001_ABC,46273,133408,0.98992919921875,95.89745367970318,39.28592427571615,0,256
001_ABC,46273,133664,0.9998779296875,88.63366489834152,41.004903157552086,0,256
001_ABC,46273,133920,0.7286834716796875,74.56183153926395,30.33264668782552,0,256
001_ABC,46529,132128,0.63128662109375,81.07025506719947,20.814595540364586,0,256
001_ABC,46529,132384,0.885986328125,87.7823338471353,25.197057088216145,0,256
001_ABC,46529,132640,0.997589111328125,92.46665903157556,31.0263671875,0,256
001_ABC,46529,132896,0.9998321533203124,93.22795642819256,33.1346181233724,0,256
001_ABC,46529,133152,0.984466552734375,101.76473629381508,29.586720784505207,0,256
001_ABC,46529,133408,0.968597412109375,116.06204548105596,33.34122212727865,0,256
001_ABC,46529,133664,0.9512939453125,98.94608472287656,25.922887166341145,0,256
001_ABC,46529,133920,0.1352081298828125,59.251156299375,10.481424967447916,0,256
001_ABC,46785,131872,0.6493988037109375,62.40826397761703,21.236368815104168,0,256
001_ABC,46785,132128,0.995208740234375,74.12783755268902,31.650543212890625,0,256
001_ABC,46785,132384,0.9966278076171876,74.60928790434264,27.90289815266927,0,256
001_ABC,46785,132640,0.9995880126953124,68.68678301176988,31.20574442545573,0,256
001_ABC,46785,132896,1.0,70.80933896056376,32.37078857421875,0,256
001_ABC,46785,133152,0.9174957275390624,75.04264817363583,24.72290547688802,0,256
001_ABC,46785,133408,0.660125732421875,71.89245673175901,19.43767801920573,0,256
001_ABC,47041,131616,0.905609130859375,71.98814331530593,27.16051737467448,0,256
001_ABC,47041,131872,1.0,80.31901615019888,35.06688944498698,0,256
001_ABC,47041,132128,1.0,67.01324447151273,37.52078755696615,0,256
001_ABC,47041,132384,1.0,69.65661794668995,33.99761454264323,0,256
001_ABC,47041,132640,1.0,68.65109397075139,33.61583455403646,0,256
001_ABC,47041,132896,0.983795166015625,65.5677298901137,30.078872680664062,0,256
001_ABC,47041,133152,0.430328369140625,58.77359908819199,15.85064697265625,0,256
001_ABC,47297,131616,0.9999237060546876,90.63419318199158,37.06573994954427,0,256
001_ABC,47297,131872,1.0,79.59161408152431,37.06518046061198,0,256
001_ABC,47297,132128,1.0,74.53957791044377,38.17651875813802,0,256
001_ABC,47297,132384,1.0,77.07704329490662,36.64433288574219,0,256
001_ABC,47297,132640,0.96099853515625,74.03089969512075,31.642679850260414,0,256
001_ABC,47297,132896,0.6651458740234375,69.73854033811949,20.16082763671875,0,256
001_ABC,47553,131616,0.9994354248046876,113.49058250314556,40.45728047688802,0,256
001_ABC,47553,131872,1.0,94.41131475544536,37.179219563802086,0,256
001_ABC,47553,132128,1.0,81.2552490234375,37.20733642578125,0,256
001_ABC,47553,132384,1.0,79.4432202540338,38.50477091471354,0,256
001_ABC,47553,132640,0.95611572265625,75.02648916468024,29.337560017903645,0,256
001_ABC,47809,131616,0.9983978271484376,117.68546881875956,31.786376953125,0,256
001_ABC,47809,131872,0.9998931884765624,105.20361006911844,35.26152038574219,0,256
001_ABC,47809,132128,0.9971923828125,108.6764025380835,35.879862467447914,0,256
001_ABC,47809,132384,0.99957275390625,93.71478992304765,31.6807861328125,0,256
001_ABC,47809,132640,0.9960479736328124,87.10801815404557,27.38451639811198,0,256
001_ABC,48065,131616,0.9306182861328124,139.5475433608517,29.293131510416668,0,256
001_ABC,48321,131360,0.555145263671875,97.37760003260335,22.05788167317708,0,256
001_ABC,48321,131616,0.9077301025390624,142.29572289343923,27.701772054036457,0,256
001_ABC,48577,130592,1.0,136.80343986838125,48.63329569498698,0,256
001_ABC,48577,130848,1.0,129.33123630285263,39.3141835530599,0,256
001_ABC,48577,131104,0.9981536865234376,128.60296585783362,33.96220397949219,0,256
001_ABC,48577,131360,0.999755859375,136.2087178544607,37.56946309407552,0,256
001_ABC,48577,131616,0.9900054931640624,150.40185816935264,37.32356262207031,0,256
001_ABC,48833,130336,0.9087982177734376,73.38375286920927,35.53270467122396,0,256
001_ABC,48833,130592,0.9975128173828124,76.09914660989307,47.68921915690104,0,256
001_ABC,48833,130848,0.9989776611328124,70.83605882502161,35.8342539469401,0,256
001_ABC,48833,131104,0.9957733154296876,67.04575418657623,33.397786458333336,0,256
001_ABC,48833,131360,0.985107421875,59.2636044761166,33.99622599283854,0,256
001_ABC,48833,131616,0.5308990478515625,58.4107723289635,19.41219075520833,0,256
001_ABC,49089,130336,0.9079742431640624,64.14330617990345,28.81797790527344,0,256
001_ABC,49089,130592,0.997283935546875,85.63417385867797,41.514383951822914,0,256
001_ABC,49089,130848,1.0,74.82663240446709,44.8045399983724,0,256
001_ABC,49089,131104,0.9989013671875,63.18025236483663,39.04644266764323,0,256
001_ABC,49089,131360,0.575592041015625,53.75854946579784,22.11517842610677,0,256
001_ABC,49345,130336,0.95794677734375,62.74216300155968,32.12372334798177,0,256
001_ABC,49345,130592,0.999786376953125,75.32385427481495,32.3117421468099,0,256
001_ABC,49345,130848,0.9989166259765624,74.01189846894704,52.67793782552084,0,256
001_ABC,49345,131104,0.8980865478515625,66.63169817789458,32.63276672363281,0,256
001_ABC,49345,131360,0.1761474609375,50.821527681313455,10.32977294921875,0,256
001_ABC,49601,130336,0.6181182861328125,59.468144157668576,21.716384887695312,0,256
001_ABC,49601,130592,0.9033050537109376,72.04944065748714,25.222203572591145,0,256
001_ABC,49601,130848,0.800018310546875,73.02978494670242,32.37749735514323,0,256
001_ABC,49601,131104,0.1074066162109375,52.564131289487705,10.078598022460938,0,256
001_ABC,17152,108187,0.8780364990234375,98.13049725606106,41.65264383951823,0,256
001_ABC,17152,108443,0.9968719482421876,80.46162063977681,39.122395833333336,0,256
001_ABC,17152,108699,0.53350830078125,57.30210018157959,24.173619588216145,0,256
001_ABC,17408,108187,0.9994659423828124,91.21542325243354,39.42791748046875,0,256
001_ABC,17408,108443,1.0,79.76948471716605,42.552022298177086,0,256
001_ABC,17408,108699,1.0,88.50155267841183,41.7748057047526,0,256
001_ABC,17408,108955,0.72528076171875,77.21460975869559,34.46770222981771,0,256
001_ABC,17408,109211,0.1917877197265625,58.45081715937704,12.89245096842448,0,256
001_ABC,17664,107931,0.8762054443359375,90.85811277851462,38.29038492838541,0,256
001_ABC,17664,108187,0.9895782470703124,92.4548185558524,34.86901346842448,0,256
001_ABC,17664,108443,1.0,96.26870274171232,37.87749735514323,0,256
001_ABC,17664,108699,1.0,111.00215252465568,39.86278788248698,0,256
001_ABC,17664,108955,1.0,114.94761218107304,39.90435282389323,0,256
001_ABC,17664,109211,0.99041748046875,118.19808052387089,38.60323079427084,0,256
001_ABC,17664,109467,0.774383544921875,89.33563844277523,30.919397989908852,0,256
001_ABC,17920,107931,1.0,105.8588080795016,37.60804239908854,0,256
001_ABC,17920,108187,0.9272003173828124,100.99433393683285,32.5075937906901,0,256
001_ABC,17920,108443,0.9739227294921876,110.16568826860748,34.0885009765625,0,256
001_ABC,17920,108699,1.0,114.50678660627456,36.3818359375,0,256
001_ABC,17920,108955,1.0,131.62716347142123,34.89290873209635,0,256
001_ABC,17920,109211,0.94818115234375,127.35320340748876,36.32512919108073,0,256
001_ABC,17920,109467,0.6439361572265625,92.85822384408677,24.93112691243489,0,256
001_ABC,17920,109723,0.7288665771484375,96.34748655906878,25.41321309407552,0,256
001_ABC,18176,107675,0.6053924560546875,69.70002681179903,22.801930745442707,0,256
001_ABC,18176,107931,0.94952392578125,98.01839369442314,34.64429728190104,0,256
001_ABC,18176,108187,0.9266357421875,110.60990331857464,34.6324462890625,0,256
001_ABC,18176,108443,0.995269775390625,114.0408908687532,34.020121256510414,0,256
001_ABC,18176,108699,0.9992523193359376,105.42120890296064,33.84759012858073,0,256
001_ABC,18176,108955,1.0,103.2158972537145,33.81841532389323,0,256
001_ABC,18176,109211,1.0,102.84301648638213,35.73668924967448,0,256
001_ABC,18176,109467,0.929290771484375,96.58262437582016,30.43908182779948,0,256
001_ABC,18176,109723,0.72003173828125,73.45376086584292,21.793869018554688,0,256
001_ABC,18176,109979,0.3130950927734375,51.71977149671875,13.381434122721354,0,256
001_ABC,18432,107675,0.93829345703125,69.10533645167015,37.5291748046875,0,256
001_ABC,18432,107931,0.999176025390625,66.8975030852016,34.6185557047526,0,256
001_ABC,18432,108187,0.971527099609375,67.10188869293779,31.54584248860677,0,256
001_ABC,18432,108443,0.9921722412109376,62.820531382225454,32.67729695638021,0,256
001_ABC,18432,108699,0.9033355712890624,68.0969564281404,32.79656982421875,0,256
001_ABC,18432,108955,0.9962310791015624,73.29833899787627,35.8653310139974,0,256
001_ABC,18432,109211,0.9978485107421876,62.102425129851326,29.33410135904948,0,256
001_ABC,18432,109467,1.0,59.81077299057506,28.669148763020832,0,256
001_ABC,18432,109723,1.0,56.36039004265331,28.633387247721355,0,256
001_ABC,18432,109979,0.897918701171875,61.84133073594421,26.579015096028645,0,256
001_ABC,18432,110235,0.7133026123046875,58.262905239127576,23.94476826985677,0,256
001_ABC,18432,110491,0.9552764892578124,58.4844601964578,36.86343892415365,0,256
001_ABC,18688,107419,0.478759765625,52.61981883994304,19.159566243489586,0,256
001_ABC,18688,107675,1.0,60.387367352843285,30.38716125488281,0,256
001_ABC,18688,107931,0.978973388671875,66.97351278271526,37.2497812906901,0,256
001_ABC,18688,108187,0.9928131103515624,61.35997446416877,31.555043538411457,0,256
001_ABC,18688,108443,0.9639892578125,57.301509484415874,29.206944783528645,0,256
001_ABC,18688,108699,0.8586578369140625,67.43937460682355,27.493377685546875,0,256
001_ABC,18688,108955,0.9986724853515624,82.55767589434981,40.82085164388021,0,256
001_ABC,18688,109211,0.999176025390625,65.17845746292733,29.50436909993489,0,256
001_ABC,18688,109467,1.0,68.14896908029914,31.490152994791668,0,256
001_ABC,18688,109723,1.0,59.23032995685935,30.786275227864586,0,256
001_ABC,18688,109979,0.99505615234375,61.63715982227586,33.782623291015625,0,256
001_ABC,18688,110235,0.692047119140625,55.2653761645779,22.246063232421875,0,256
001_ABC,18688,110491,0.7598114013671875,59.14576369151473,25.006276448567707,0,256
001_ABC,18688,110747,0.0814361572265625,29.693918731063604,5.889129638671875,0,256
001_ABC,18944,107419,0.7156524658203125,64.67160206078552,30.00386047363281,0,256
001_ABC,18944,107675,1.0,67.27320822677575,37.04596455891927,0,256
001_ABC,18944,107931,0.9406890869140624,83.76871894835494,57.97821044921875,0,256
001_ABC,18944,108187,0.9970703125,62.225764682283625,29.191375732421875,0,256
001_ABC,18944,108443,0.97845458984375,61.82905638939701,28.465688069661457,0,256
001_ABC,18944,108699,0.7861480712890625,66.24377870908938,23.967173258463543,0,256
001_ABC,18944,108955,0.980255126953125,66.5437528938055,31.249969482421875,0,256
001_ABC,18944,109211,0.7863006591796875,66.38427104405127,33.69014485677084,0,256
001_ABC,18944,109467,0.7432098388671875,62.93220580345951,24.474756876627605,0,256
001_ABC,18944,109723,0.9763946533203124,59.7504921683576,30.6961669921875,0,256
001_ABC,18944,109979,1.0,57.963081361493096,31.85810852050781,0,256
001_ABC,18944,110235,0.7642974853515625,73.11666690534912,26.79956563313802,0,256
001_ABC,18944,110491,0.6187591552734375,61.86051638214849,21.311111450195312,0,256
001_ABC,18944,110747,0.090087890625,32.5007973627653,6.572926839192708,0,256
001_ABC,19200,107419,0.7513427734375,66.0115425658878,27.667032877604168,0,256
001_ABC,19200,107675,1.0,68.049526094459,38.04430643717448,0,256
001_ABC,19200,107931,0.9902801513671876,75.21671627066098,50.518473307291664,0,256
001_ABC,19200,108187,1.0,75.63949727173895,33.981587727864586,0,256
001_ABC,19200,108443,0.9999542236328124,71.82586323376745,33.657145182291664,0,256
001_ABC,19200,108699,0.652679443359375,65.14605694636703,26.48150126139323,0,256
001_ABC,19200,108955,0.4159088134765625,59.20640181540512,20.86323547363281,0,256
001_ABC,19200,109211,0.7070770263671875,74.4004438163247,29.015884399414062,0,256
001_ABC,19200,109467,0.9863128662109376,88.89979406818748,42.8550059000651,0,256
001_ABC,19200,109723,0.971343994140625,72.0879832317587,38.21068318684896,0,256
001_ABC,19200,109979,1.0,59.51083383872174,29.329945882161457,0,256
001_ABC,19200,110235,0.4412841796875,60.616446412866935,20.39599609375,0,256
001_ABC,19200,110491,0.4345550537109375,58.28758357465267,17.805704752604168,0,256
001_ABC,19200,110747,0.3354949951171875,43.43012532219291,12.529032389322916,0,256
001_ABC,19456,107419,0.848663330078125,71.89704966335557,25.492329915364586,0,256
001_ABC,19456,107675,1.0,73.47698973119259,38.27221171061198,0,256
001_ABC,19456,107931,0.993896484375,73.09452453907579,37.12796529134115,0,256
001_ABC,19456,108187,0.9971466064453124,72.0700940489769,30.832992553710938,0,256
001_ABC,19456,108443,1.0,66.0764754617121,29.385035196940105,0,256
001_ABC,19456,108699,0.7269744873046875,60.53424855857156,22.140004475911457,0,256
001_ABC,19456,108955,0.8567352294921875,80.78504858911037,41.163675944010414,0,256
001_ABC,19456,109211,0.988555908203125,99.30086538358591,50.386322021484375,0,256
001_ABC,19456,109467,1.0,82.72280880436301,35.58954874674479,0,256
001_ABC,19456,109723,0.9653167724609376,88.60678712441586,35.86488342285156,0,256
001_ABC,19456,109979,0.9188079833984376,86.7051592534408,30.770955403645832,0,256
001_ABC,19456,110235,0.4452667236328125,59.69494236982428,18.00079345703125,0,256
001_ABC,19456,110491,0.864837646484375,73.65173347946256,28.174265543619796,0,256
001_ABC,19456,110747,0.327301025390625,46.792877197265625,13.979558308919271,0,256
001_ABC,19712,107419,0.9996337890625,76.04314598045312,30.17915344238281,0,256
001_ABC,19712,107675,1.0,69.23727403581142,29.998463948567707,0,256
001_ABC,19712,107931,0.9991455078125,67.64014588296413,30.43267822265625,0,256
001_ABC,19712,108187,0.996978759765625,68.12861628062092,29.24960327148437,0,256
001_ABC,19712,108443,0.999481201171875,70.28357518813573,27.124659220377605,0,256
001_ABC,19712,108699,0.986724853515625,71.23139255866408,27.328445434570312,0,256
001_ABC,19712,108955,0.5936279296875,64.64955377206206,23.36327616373698,0,256
001_ABC,19712,109211,1.0,96.03554390370846,35.98973592122396,0,256
001_ABC,19712,109467,0.998291015625,85.01763895060867,32.29376729329427,0,256
001_ABC,19712,109723,0.9974212646484376,73.98467153310776,28.09881591796875,0,256
001_ABC,19712,109979,0.9829864501953124,82.61619248404168,32.60053507486979,0,256
001_ABC,19712,110235,0.9923248291015624,82.76113589014858,32.95136006673177,0,256
001_ABC,19712,110491,0.953857421875,87.85245108604431,29.705968221028645,0,256
001_ABC,19712,110747,0.7809295654296875,78.79489082098007,31.349533081054688,0,256
001_ABC,19968,107163,0.929168701171875,78.06214066501707,31.526891072591145,0,256
001_ABC,19968,107419,1.0,74.77050779759884,28.57679748535156,0,256
001_ABC,19968,107675,1.0,67.56552609428763,27.43395487467448,0,256
001_ABC,19968,107931,1.0,65.94421990565024,27.102549235026043,0,256
001_ABC,19968,108187,0.9799346923828124,66.10973585303873,26.875203450520832,0,256
001_ABC,19968,108443,0.9991607666015624,65.33562801778316,24.81646728515625,0,256
001_ABC,19968,108699,0.935546875,70.94356349762529,22.550074259440105,0,256
001_ABC,19968,108955,0.215087890625,48.10494760214351,9.671071370442707,0,256
001_ABC,19968,109211,0.999481201171875,88.29226027429104,28.056182861328125,0,256
001_ABC,19968,109467,1.0,84.44278958067298,29.05908711751302,0,256
001_ABC,19968,109723,1.0,83.897292583948,31.939254760742188,0,256
001_ABC,19968,109979,1.0,84.51391056831926,31.847422281901043,0,256
001_ABC,19968,110235,0.9999847412109376,80.24150641169399,31.51790364583333,0,256
001_ABC,19968,110491,0.999114990234375,89.0070025017485,29.62993876139323,0,256
001_ABC,19968,110747,1.0,86.91096712439321,31.554712931315105,0,256
001_ABC,19968,111003,0.2556304931640625,57.347805618308485,12.550465901692707,0,256
001_ABC,20224,106907,0.487701416015625,58.799000962637365,23.131540934244796,0,256
001_ABC,20224,107163,1.0,70.06410215399228,34.95221964518229,0,256
001_ABC,20224,107419,1.0,66.02386203035712,28.049484252929688,0,256
001_ABC,20224,107675,0.99664306640625,68.45765052153729,27.672007242838543,0,256
001_ABC,20224,107931,0.999969482421875,61.84149298234843,27.962615966796875,0,256
001_ABC,20224,108187,0.9333953857421876,62.20818790025078,28.217798868815105,0,256
001_ABC,20224,108443,0.99493408203125,62.928185403347015,24.432408650716145,0,256
001_ABC,20224,108699,0.4449005126953125,51.169338583014905,13.109939575195312,0,256
001_ABC,20224,108955,0.235687255859375,49.78132266527973,12.038604736328123,0,256
001_ABC,20224,109211,0.8756866455078125,79.41605190839618,42.92157491048177,0,256
001_ABC,20224,109467,0.9530029296875,87.10253680404276,42.74016825358073,0,256
001_ABC,20224,109723,0.955718994140625,78.82716063316911,29.16990152994792,0,256
001_ABC,20224,109979,0.9170989990234376,75.80495153157972,26.336654663085938,0,256
001_ABC,20224,110235,0.9851531982421876,69.11996326013468,30.68598937988281,0,256
001_ABC,20224,110491,0.98651123046875,69.36306761857122,36.73747253417969,0,256
001_ABC,20224,110747,0.9603118896484376,72.71966749592684,32.190409342447914,0,256
001_ABC,20224,111003,0.0538177490234375,41.53115710243583,6.9231007893880205,0,256
001_ABC,20480,106907,0.857940673828125,57.43089869245887,33.10106913248698,0,256
001_ABC,20480,107163,0.9942474365234376,60.441302962368354,37.09685262044271,0,256
001_ABC,20480,107419,0.9990234375,62.789677461376414,30.11321512858073,0,256
001_ABC,20480,107675,1.0,61.20599470636808,28.725987752278645,0,256
001_ABC,20480,107931,0.999420166015625,62.77939147665165,34.14564514160156,0,256
001_ABC,20480,108187,0.979278564453125,59.098797023063526,32.92628479003906,0,256
001_ABC,20480,108443,0.8805084228515625,54.74360251426697,23.178807576497395,0,256
001_ABC,20480,108699,0.06207275390625,37.822565373033285,6.8058115641276045,0,256
001_ABC,20480,108955,0.12310791015625,39.12202042317949,9.02197265625,0,256
001_ABC,20480,109211,0.6473388671875,55.541005744598806,41.03809611002604,0,256
001_ABC,20480,109467,0.83367919921875,79.53803863166831,35.85396830240885,0,256
001_ABC,20480,109723,0.7917938232421875,83.48932749941014,35.28242492675781,0,256
001_ABC,20480,109979,0.901458740234375,75.66272269189358,33.49633280436198,0,256
001_ABC,20480,110235,0.9681396484375,61.13804369955324,26.79552714029948,0,256
001_ABC,20480,110491,0.9958343505859376,65.57302021584474,33.52616882324219,0,256
001_ABC,20480,110747,0.70013427734375,54.77761596441269,29.661178588867188,0,256
001_ABC,20736,106907,0.9870452880859376,73.24273389577866,37.76868184407552,0,256
001_ABC,20736,107163,0.9671630859375,68.30219443119131,35.008443196614586,0,256
001_ABC,20736,107419,0.964141845703125,69.67779159545898,30.80426025390625,0,256
001_ABC,20736,107675,0.99993896484375,69.52293395414017,30.565109252929688,0,256
001_ABC,20736,107931,1.0,64.50503504066728,30.365748087565105,0,256
001_ABC,20736,108187,0.847747802734375,61.73998636007309,24.08154296875,0,256
001_ABC,20736,108443,0.4118194580078125,50.07421871647239,14.393000284830729,0,256
001_ABC,20736,108699,0.552276611328125,56.08871078491211,18.772328694661457,0,256
001_ABC,20736,108955,0.5045166015625,56.18992086406797,21.895523071289062,0,256
001_ABC,20736,109211,0.44647216796875,53.58640418946743,15.031107584635416,0,256
001_ABC,20736,109467,0.7316741943359375,67.78616265114397,23.940877278645832,0,256
001_ABC,20736,109723,0.89892578125,83.06978900637478,25.91138203938802,0,256
001_ABC,20736,109979,0.9458160400390624,75.97769614658318,26.040542602539062,0,256
001_ABC,20736,110235,0.7515716552734375,61.681571976980194,21.997217814127605,0,256
001_ABC,20736,110491,0.594512939453125,53.24966134480201,22.00726318359375,0,256
001_ABC,20736,110747,0.0716400146484375,32.18737135827541,6.43932596842448,0,256
001_ABC,20992,106907,0.9784393310546876,71.29128277953714,40.72036743164063,0,256
001_ABC,20992,107163,0.9854736328125,68.69474440230988,32.33848571777344,0,256
001_ABC,20992,107419,0.9969635009765624,75.58430468663573,36.39723205566406,0,256
001_ABC,20992,107675,0.972625732421875,77.19080801843666,31.14076232910156,0,256
001_ABC,20992,107931,0.4462432861328125,56.72925313538872,18.131668090820312,0,256
001_ABC,20992,108187,0.5016937255859375,57.5254742950201,18.167394002278645,0,256
001_ABC,20992,108443,0.918609619140625,69.19495719834231,26.328384399414062,0,256
001_ABC,20992,108699,0.9972686767578124,69.93606561422348,28.615183512369796,0,256
001_ABC,20992,108955,0.9102630615234376,71.73842595517635,29.49449157714844,0,256
001_ABC,20992,109211,0.8924560546875,73.10020361840725,30.08467102050781,0,256
001_ABC,20992,109467,0.9996795654296876,78.85361126973294,30.30482482910156,0,256
001_ABC,20992,109723,0.9998779296875,81.82266408926807,29.310511271158852,0,256
001_ABC,20992,109979,0.9911346435546876,83.24036473571323,32.54121907552084,0,256
001_ABC,20992,110235,0.7199859619140625,73.59067648998462,41.32015482584635,0,256
001_ABC,20992,110491,0.11529541015625,40.66422913130373,9.471598307291666,0,256
001_ABC,20992,110747,0.0,28.30620243307203,4.222239176432292,0,256
001_ABC,21248,106907,0.980010986328125,79.18775682500564,41.99644470214844,0,256
001_ABC,21248,107163,0.9804229736328124,69.92872972018085,33.10011291503906,0,256
001_ABC,21248,107419,0.9283905029296876,72.60316751897335,33.737274169921875,0,256
001_ABC,21248,107675,0.230133056640625,52.29714103695005,12.816299438476562,0,256
001_ABC,21248,107931,0.793304443359375,77.73887841310352,27.479949951171875,0,256
001_ABC,21248,108187,0.89984130859375,82.34724143869244,30.570363362630207,0,256
001_ABC,21248,108443,0.8485565185546875,75.21305847167969,29.70452880859375,0,256
001_ABC,21248,108699,0.8397674560546875,73.34974432899617,23.94823201497396,0,256
001_ABC,21248,108955,0.969146728515625,76.4284784195479,27.768519083658852,0,256
001_ABC,21248,109211,0.8928070068359375,81.03577568172477,31.065455118815105,0,256
001_ABC,21248,109467,0.8742218017578125,82.67722179903649,26.830846150716145,0,256
001_ABC,21248,109723,0.983917236328125,77.8323122849688,30.311569213867188,0,256
001_ABC,21248,109979,0.9752044677734376,75.98320746421814,31.2606201171875,0,256
001_ABC,21248,110235,0.9959564208984376,74.01732350047678,36.44734191894531,0,256
001_ABC,21248,110491,0.7324066162109375,68.44820555276237,24.87444559733073,0,256
001_ABC,21248,110747,0.0615081787109375,29.93381429440342,5.615885416666667,0,256
001_ABC,21504,106907,0.6187896728515625,61.08312854333781,29.105453491210938,0,256
001_ABC,21504,107163,0.999176025390625,77.07514201104641,33.4205576578776,0,256
001_ABC,21504,107419,0.62060546875,62.904688224196434,22.509862263997395,0,256
001_ABC,21504,107675,0.4537200927734375,62.680480774492025,20.791544596354168,0,256
001_ABC,21504,107931,1.0,83.82842611894011,35.942362467447914,0,256
001_ABC,21504,108187,0.995880126953125,88.04888372286223,38.20242818196615,0,256
001_ABC,21504,108443,0.9829559326171876,84.13839185144752,33.1786142985026,0,256
001_ABC,21504,108699,0.997222900390625,90.63942461437546,37.5072021484375,0,256
001_ABC,21504,108955,0.8757781982421875,81.28597566112876,30.91357930501302,0,256
001_ABC,21504,109211,0.8740234375,78.68308680108748,25.22412618001302,0,256
001_ABC,21504,109467,0.933074951171875,84.8841728232801,25.804773966471355,0,256
001_ABC,21504,109723,0.8694915771484375,80.89694463065825,23.491709391276043,0,256
001_ABC,21504,109979,0.945159912109375,82.65955244004726,24.24803670247396,0,256
001_ABC,21504,110235,0.9591217041015624,83.0942583149299,28.79193623860677,0,256
001_ABC,21504,110491,0.9680633544921876,88.18456309265457,31.432820638020832,0,256
001_ABC,21504,110747,0.28570556640625,45.468948336085305,14.007237752278646,0,256
001_ABC,21760,106907,0.394287109375,64.07551574707031,25.146031697591145,0,256
001_ABC,21760,107163,0.9813079833984376,95.8352567544207,54.82585652669271,0,256
001_ABC,21760,107419,0.5005035400390625,67.28236360638402,26.084767659505207,0,256
001_ABC,21760,107675,0.7843475341796875,87.65585681027733,22.6839599609375,0,256
001_ABC,21760,107931,0.9457244873046876,100.864042699337,30.09406026204427,0,256
001_ABC,21760,108187,0.96392822265625,94.93266850616784,29.803568522135414,0,256
001_ABC,21760,108443,0.9969940185546876,94.16428492963314,31.902699788411457,0,256
001_ABC,21760,108699,0.999908447265625,104.20676468219608,30.23739624023437,0,256
001_ABC,21760,108955,0.9983062744140624,97.36632765992545,30.22214762369792,0,256
001_ABC,21760,109211,0.9874725341796876,91.38491663127206,29.02092997233073,0,256
001_ABC,21760,109467,0.8660888671875,92.37917099893092,24.875096638997395,0,256
001_ABC,21760,109723,0.740142822265625,89.50830078031868,20.050567626953125,0,256
001_ABC,21760,109979,0.81561279296875,85.98007507040165,21.67713928222656,0,256
001_ABC,21760,110235,0.914398193359375,80.96591752930544,25.517242431640625,0,256
001_ABC,21760,110491,0.8938140869140625,85.79232506360859,32.41649881998698,0,256
001_ABC,21760,110747,0.34930419921875,48.81257907208055,16.393539428710938,0,256
001_ABC,22016,107163,0.7734375,94.38916526734828,54.53077189127604,0,256
001_ABC,22016,107419,0.0759735107421875,45.33559364802204,8.497456868489584,0,256
001_ABC,22016,107675,0.7474365234375,93.5764476917684,32.0392100016276,0,256
001_ABC,22016,107931,0.9848785400390624,115.59255802049302,39.33613586425781,0,256
001_ABC,22016,108187,0.9921875,104.57775607332589,37.161041259765625,0,256
001_ABC,22016,108443,0.9998931884765624,123.92713576182724,34.729400634765625,0,256
001_ABC,22016,108699,0.9994049072265624,113.7595011421945,30.375457763671875,0,256
001_ABC,22016,108955,0.9999237060546876,110.420920699602,30.845591227213543,0,256
001_ABC,22016,109211,0.9993743896484376,95.7594141131267,28.3397216796875,0,256
001_ABC,22016,109467,0.9920501708984376,90.60087584867142,26.803334554036457,0,256
001_ABC,22016,109723,0.986053466796875,103.1935074829962,25.69897969563802,0,256
001_ABC,22016,109979,0.763671875,95.32497642934322,20.2598876953125,0,256
001_ABC,22016,110235,0.6987152099609375,84.21115983929485,19.05932108561198,0,256
001_ABC,22016,110491,0.4255523681640625,63.85561444982886,15.650553385416666,0,256
001_ABC,22272,107675,0.9667510986328124,79.81767265102826,30.31150309244792,0,256
001_ABC,22272,107931,0.807525634765625,86.66518711671233,30.69406636555989,0,256
001_ABC,22272,108187,0.8645782470703125,92.31358569860458,34.85589599609375,0,256
001_ABC,22272,108443,0.9346771240234376,109.61067709233612,38.09542338053385,0,256
001_ABC,22272,108699,0.9890899658203124,114.91053759655917,36.12719217936198,0,256
001_ABC,22272,108955,1.0,95.0619964597281,30.814615885416668,0,256
001_ABC,22272,109211,1.0,91.38192927255297,30.551498413085938,0,256
001_ABC,22272,109467,1.0,82.08836211799644,28.332763671875,0,256
001_ABC,22272,109723,0.9992828369140624,74.30465697403997,27.252538045247395,0,256
001_ABC,22272,109979,0.9012603759765624,76.92154972907156,23.19268290201823,0,256
001_ABC,22272,110235,0.3298797607421875,57.433544693281874,12.27818806966146,0,256
001_ABC,22528,107675,0.7027740478515625,59.67495527025312,22.000279744466145,0,256
001_ABC,22528,107931,0.9844970703125,65.07661421759985,28.34895833333333,0,256
001_ABC,22528,108187,1.0,68.01564746256918,29.58496602376302,0,256
001_ABC,22528,108443,1.0,58.07033246383071,28.925501505533852,0,256
001_ABC,22528,108699,1.0,62.76945914980024,32.00213114420573,0,256
001_ABC,22528,108955,0.9962310791015624,69.63133942708373,30.492019653320312,0,256
001_ABC,22528,109211,0.96142578125,70.95629225671291,28.25420633951823,0,256
001_ABC,22528,109467,1.0,63.67454948183149,26.4219970703125,0,256
001_ABC,22528,109723,0.9640350341796876,54.833386707818136,25.479939778645832,0,256
001_ABC,22528,109979,0.287811279296875,49.10822099610232,14.821390787760416,0,256
001_ABC,22784,107675,0.62054443359375,53.87763510621153,15.825785319010416,0,256
001_ABC,22784,107931,0.9910125732421876,59.56441628560424,24.556406656901043,0,256
001_ABC,22784,108187,0.999847412109375,61.34800576791167,27.185806274414062,0,256
001_ABC,22784,108443,1.0,61.232577480142936,31.761281331380207,0,256
001_ABC,22784,108699,1.0,60.84381975140423,33.16744486490885,0,256
001_ABC,22784,108955,1.0,62.0366210853681,32.97846984863281,0,256
001_ABC,22784,109211,0.9945220947265624,66.71025196369737,29.983510335286457,0,256
001_ABC,22784,109467,0.863006591796875,65.31843684404157,25.29125467936198,0,256
001_ABC,22784,109723,0.5422515869140625,53.01256035803817,16.249603271484375,0,256
001_ABC,23040,107675,0.7282562255859375,61.430541038513184,20.56287129720052,0,256
001_ABC,23040,107931,0.9999237060546876,60.59789048670791,27.04738362630208,0,256
001_ABC,23040,108187,1.0,61.17614751961082,32.463704427083336,0,256
001_ABC,23040,108443,1.0,65.0819658478722,32.8516591389974,0,256
001_ABC,23040,108699,1.0,67.42780767381191,35.02843729654948,0,256
001_ABC,23040,108955,1.0,70.09213100280613,34.59075927734375,0,256
001_ABC,23040,109211,0.977874755859375,67.89479561056942,29.98204040527344,0,256
001_ABC,23040,109467,0.4727325439453125,60.28576074540615,15.7022705078125,0,256
001_ABC,23296,107675,0.95245361328125,67.66991554852575,27.373392740885414,0,256
001_ABC,23296,107931,0.99847412109375,66.91165220714174,29.763687133789062,0,256
001_ABC,23296,108187,1.0,66.52438983297907,32.697784423828125,0,256
001_ABC,23296,108443,1.0,67.78949919505976,33.58087666829427,0,256
001_ABC,23296,108699,1.0,73.24771951860748,34.54521687825521,0,256
001_ABC,23296,108955,1.0,71.47237486299127,32.54711405436198,0,256
001_ABC,23296,109211,0.907806396484375,85.07066252804361,38.56535339355469,0,256
001_ABC,23552,107419,0.990386962890625,74.74153207242489,28.29124959309896,0,256
001_ABC,23552,107675,1.0,71.5297691738233,33.72443644205729,0,256
001_ABC,23552,107931,1.0,74.82494751899503,35.72393798828125,0,256
001_ABC,23552,108187,1.0,80.08509245677851,35.41064453125,0,256
001_ABC,23552,108443,1.0,81.54787038918585,38.043304443359375,0,256
001_ABC,23552,108699,1.0,78.58223773143254,34.45858256022135,0,256
001_ABC,23552,108955,0.8794708251953125,98.8962168097496,41.51822916666666,0,256
001_ABC,23552,109211,0.85321044921875,109.50243735313416,42.47284952799479,0,256
001_ABC,23808,107163,0.839080810546875,99.17792077269404,38.35189310709635,0,256
001_ABC,23808,107419,1.0,81.67289686738513,32.966522216796875,0,256
001_ABC,23808,107675,1.0,75.43821082427166,34.54793802897135,0,256
001_ABC,23808,107931,1.0,79.58718675002456,36.65552266438802,0,256
001_ABC,23808,108187,1.0,84.47298616170883,42.35430399576823,0,256
001_ABC,23808,108443,0.9798431396484376,85.65753868129104,37.967305501302086,0,256
001_ABC,23808,108699,0.96075439453125,83.69602915621363,31.60768636067708,0,256
001_ABC,23808,108955,0.9447479248046876,103.2526512145996,44.894185384114586,0,256
001_ABC,23808,109211,0.3023223876953125,72.68691989406943,19.68177795410156,0,256
001_ABC,24064,107163,0.775787353515625,112.81032231077552,45.032002766927086,0,256
001_ABC,24064,107419,0.9996490478515624,98.27562421187758,34.061055501302086,0,256
001_ABC,24064,107675,1.0,82.12974987924099,35.759867350260414,0,256
001_ABC,24064,107931,1.0,108.13119596242905,41.550048828125,0,256
001_ABC,24064,108187,0.99957275390625,107.44741018023342,36.28479512532552,0,256
001_ABC,24064,108443,0.4327545166015625,74.27998320176266,26.540089925130207,0,256
001_ABC,24064,108699,0.013092041015625,43.7105877539143,6.24010721842448,0,256
001_ABC,24320,106907,0.531463623046875,68.79231677949429,33.830169677734375,0,256
001_ABC,24320,107163,0.9680023193359376,93.70675356592984,40.47573852539063,0,256
001_ABC,24320,107419,1.0,75.52623572852463,33.6084950764974,0,256
001_ABC,24320,107675,1.0,76.27505358681083,37.43436177571615,0,256
001_ABC,24320,107931,0.9999237060546876,91.54279999784194,40.65672810872396,0,256
001_ABC,24320,108187,1.0,102.18515708833002,48.16305541992188,0,256
001_ABC,24320,108443,0.9636383056640624,82.28279690421186,45.36399841308594,0,256
001_ABC,24320,108699,0.385101318359375,60.0676775239408,21.38866170247396,0,256
001_ABC,24576,107163,0.8963165283203125,65.46396647393703,37.68220011393229,0,256
001_ABC,24576,107419,1.0,63.32627939339727,35.880025227864586,0,256
001_ABC,24576,107675,1.0,70.58960336446762,37.22931416829427,0,256
001_ABC,24576,107931,0.996856689453125,74.41040174639784,37.97907511393229,0,256
001_ABC,24576,108187,1.0,71.765970868757,34.80347696940104,0,256
001_ABC,24576,108443,0.9102783203125,68.93965038075112,32.04682413736979,0,256
001_ABC,24576,108699,0.083892822265625,41.080443060956895,9.207473754882812,0,256
001_ABC,24832,107163,0.479248046875,53.95345527655445,19.692921956380207,0,256
001_ABC,24832,107419,0.999267578125,67.2315433116164,34.29278055826823,0,256
001_ABC,24832,107675,0.9996337890625,69.03189413039945,37.60576883951823,0,256
001_ABC,24832,107931,1.0,75.89099204167724,34.600138346354164,0,256
001_ABC,24832,108187,1.0,69.77306668367237,34.07483418782552,0,256
001_ABC,24832,108443,0.9442596435546876,68.9163367068395,31.303237915039062,0,256
001_ABC,24832,108699,0.061126708984375,41.55567372753285,7.1802317301432295,0,256
001_ABC,25088,107419,1.0,75.60990840359591,33.34036763509115,0,256
001_ABC,25088,107675,1.0,73.75315832998604,39.03177897135416,0,256
001_ABC,25088,107931,1.0,75.03454556688666,38.99701944986979,0,256
001_ABC,25088,108187,1.0,71.0926143785473,35.88216654459635,0,256
001_ABC,25088,108443,1.0,75.96208809223026,37.48800150553385,0,256
001_ABC,25088,108699,0.697784423828125,69.68422406539321,25.77650451660156,0,256
001_ABC,25344,107419,0.945892333984375,80.71473670005798,30.003041585286457,0,256
001_ABC,25344,107675,1.0,92.25484409555791,43.956451416015625,0,256
001_ABC,25344,107931,1.0,87.50068323663436,42.26789347330729,0,256
001_ABC,25344,108187,0.9836883544921876,85.06304868683219,40.15828959147135,0,256
001_ABC,25344,108443,0.992889404296875,93.83439683541656,38.50773620605469,0,256
001_ABC,25344,108699,0.969146728515625,91.15745242591947,36.34480285644531,0,256
001_ABC,25344,108955,0.8507843017578125,83.22114002308808,35.56108601888021,0,256
001_ABC,25344,109211,0.41571044921875,60.76517044007778,17.431081136067707,0,256
001_ABC,25600,107419,0.7936553955078125,76.19727927981876,35.0648447672526,0,256
001_ABC,25600,107675,1.0,78.05936036980711,42.23834737141927,0,256
001_ABC,25600,107931,1.0,95.0904268452432,54.036946614583336,0,256
001_ABC,25600,108187,1.0,92.03877834137528,46.63884480794271,0,256
001_ABC,25600,108443,1.0,92.98441424127668,41.47020975748698,0,256
001_ABC,25600,108699,1.0,89.22286150767468,39.46924845377604,0,256
001_ABC,25600,108955,0.999969482421875,88.58362667169422,42.48775736490885,0,256
001_ABC,25600,109211,0.777679443359375,78.83823212143034,33.892374674479164,0,256
001_ABC,25600,109467,0.044342041015625,48.95164392888546,8.537373860677084,0,256
001_ABC,25856,107419,0.39349365234375,81.88186258077621,21.30284118652344,0,256
001_ABC,25856,107675,0.990753173828125,105.63068155176006,52.66461690266927,0,256
001_ABC,25856,107931,1.0,93.88989256322384,58.42535400390625,0,256
001_ABC,25856,108187,1.0,92.2375361637678,46.42853291829427,0,256
001_ABC,25856,108443,1.0,93.34184783697128,42.05840047200521,0,256
001_ABC,25856,108699,1.0,104.81539705744945,48.344085693359375,0,256
001_ABC,25856,108955,0.999176025390625,95.99066895153372,43.93013000488281,0,256
001_ABC,25856,109211,1.0,102.40729587897658,49.019755045572914,0,256
001_ABC,25856,109467,0.747833251953125,98.2436335645616,41.79149881998698,0,256
001_ABC,26112,107675,0.3063507080078125,83.61588901933283,24.147537231445312,0,256
001_ABC,26112,107931,0.73565673828125,106.27414833009244,46.78321838378906,0,256
001_ABC,26112,108187,0.9852142333984376,96.81687118764968,52.1060536702474,0,256
001_ABC,26112,108443,1.0,108.86829872592352,46.17487589518229,0,256
001_ABC,26112,108699,1.0,107.89613821730018,47.826507568359375,0,256
001_ABC,26112,108955,1.0,96.04538832767868,45.90775044759115,0,256
001_ABC,26112,109211,1.0,109.72041269368492,45.19218444824219,0,256
001_ABC,26112,109467,1.0,115.45236963033676,53.41254170735677,0,256
001_ABC,26112,109723,0.3186492919921875,77.74948316044174,22.62982686360677,0,256
001_ABC,26368,108187,0.247802734375,56.43760638101958,16.89745585123698,0,256
001_ABC,26368,108443,0.657684326171875,71.8376768194139,33.219075520833336,0,256
001_ABC,26368,108699,0.6080169677734375,62.896532661281526,24.11360677083333,0,256
001_ABC,26368,108955,0.9445953369140624,83.8827270232141,35.719940185546875,0,256
001_ABC,26368,109211,0.9990997314453124,74.9484556009993,40.82505289713541,0,256
001_ABC,26368,109467,0.760345458984375,90.18763720616698,34.00145975748698,0,256
001_ABC,26368,109723,0.073699951171875,49.07390819489956,9.558024088541666,0,256
001_ABC,31553,107355,0.719024658203125,98.6039100876078,57.090413411458336,0,256
001_ABC,31553,107611,1.0,69.85983275994658,67.05007425944011,0,256
001_ABC,31553,107867,0.9970245361328124,68.7696207088884,54.3444569905599,0,256
001_ABC,31553,108123,0.812957763671875,66.46278943470679,39.02001444498698,0,256
001_ABC,31553,108379,0.30902099609375,51.49018822517246,18.328135172526043,0,256
001_ABC,31809,107355,0.987091064453125,109.70804976462388,72.51047261555989,0,256
001_ABC,31809,107611,1.0,70.03564034379087,45.713785807291664,0,256
001_ABC,31809,107867,0.996490478515625,72.68691999372095,58.05759684244792,0,256
001_ABC,31809,108123,0.778228759765625,66.80615701898932,46.332295735677086,0,256
001_ABC,31809,108379,0.97314453125,66.8276508115232,44.546173095703125,0,256
001_ABC,31809,108635,0.77374267578125,63.09293628833257,34.45550537109375,0,256
001_ABC,31809,108891,0.1871185302734375,53.8628607688006,13.615178426106771,0,256
001_ABC,32065,106587,0.2895660400390625,57.98559742211364,17.673177083333332,0,256
001_ABC,32065,106843,0.2773895263671875,69.09671783610247,19.13738505045573,0,256
001_ABC,32065,107099,0.811431884765625,102.11068928893656,47.840850830078125,0,256
001_ABC,32065,107355,0.935089111328125,109.71356786391698,63.54653930664063,0,256
001_ABC,32065,107611,1.0,73.04843902750872,49.043853759765625,0,256
001_ABC,32065,107867,1.0,69.77958530094475,53.552652994791664,0,256
001_ABC,32065,108123,0.927825927734375,65.71104365750216,52.70034790039063,0,256
001_ABC,32065,108379,0.9244232177734376,68.49476981163025,51.786051432291664,0,256
001_ABC,32065,108635,1.0,71.43281568493694,40.00567626953125,0,256
001_ABC,32065,108891,0.9960174560546876,71.15830466314219,38.62989298502604,0,256
001_ABC,32065,109147,0.59991455078125,65.44419291242957,25.183258056640625,0,256
001_ABC,32321,106075,0.6839447021484375,69.63594431220554,42.85848490397135,0,256
001_ABC,32321,106331,0.9918060302734376,81.5419641637709,49.74207051595052,0,256
001_ABC,32321,106587,0.996551513671875,82.25448596454225,46.53416442871094,0,256
001_ABC,32321,106843,1.0,87.25576375424862,47.269938151041664,0,256
001_ABC,32321,107099,1.0,91.05433537415227,45.88071695963541,0,256
001_ABC,32321,107355,1.0,90.0176757404115,51.151285807291664,0,256
001_ABC,32321,107611,0.9917449951171876,77.60150194074959,58.83668518066406,0,256
001_ABC,32321,107867,1.0,73.14545060601085,47.44876607259115,0,256
001_ABC,32321,108123,0.9999847412109376,66.7952716043219,43.766194661458336,0,256
001_ABC,32321,108379,0.99981689453125,71.50463808979839,52.722086588541664,0,256
001_ABC,32321,108635,1.0,69.24581584986299,43.60689798990885,0,256
001_ABC,32321,108891,1.0,67.55736583471298,41.83978780110677,0,256
001_ABC,32321,109147,1.0,70.70365819125436,45.48336791992188,0,256
001_ABC,32321,109403,0.5359039306640625,62.350056724390015,28.1790771484375,0,256
001_ABC,32577,106075,0.9922943115234376,66.48486324772239,38.28019714355469,0,256
001_ABC,32577,106331,0.999969482421875,62.973035752773285,33.774190266927086,0,256
001_ABC,32577,106587,1.0,62.360818173736334,40.30359903971354,0,256
001_ABC,32577,106843,0.9999847412109376,67.5391257496085,41.14548746744792,0,256
001_ABC,32577,107099,0.8795166015625,68.0123889958486,45.44743855794271,0,256
001_ABC,32577,107355,0.95635986328125,82.35221683606505,52.2652587890625,0,256
001_ABC,32577,107611,0.9322662353515624,74.9377441322431,54.66651916503906,0,256
001_ABC,32577,107867,0.9976959228515624,69.08329596719705,51.01703389485677,0,256
001_ABC,32577,108123,0.996734619140625,64.98600939637981,40.55488586425781,0,256
001_ABC,32577,108379,0.99835205078125,59.55569718778133,42.65743001302084,0,256
001_ABC,32577,108635,1.0,59.582148775458336,38.68868001302084,0,256
001_ABC,32577,108891,1.0,57.538569024764,39.02276102701823,0,256
001_ABC,32577,109147,1.0,56.69807265861891,42.66177368164063,0,256
001_ABC,32577,109403,0.62176513671875,48.06484932056628,27.03964233398437,0,256
001_ABC,32833,105819,0.5728607177734375,55.58021758100949,24.459849039713543,0,256
001_ABC,32833,106075,0.9995269775390624,68.41395687474869,36.46434020996094,0,256
001_ABC,32833,106331,1.0,64.30091181304306,35.4308827718099,0,256
001_ABC,32833,106587,1.0,67.57220375165343,34.33719380696615,0,256
001_ABC,32833,106843,1.0,69.56977107748389,36.29130554199219,0,256
001_ABC,32833,107099,0.99169921875,72.70009020692669,43.62344868977865,0,256
001_ABC,32833,107355,0.993988037109375,75.4878345017787,41.6236826578776,0,256
001_ABC,32833,107611,0.99163818359375,84.56361323758028,39.62682088216146,0,256
001_ABC,32833,107867,0.9995880126953124,71.99157637893222,37.73004659016927,0,256
001_ABC,32833,108123,1.0,69.61027250229381,41.64360555013021,0,256
001_ABC,32833,108379,0.963714599609375,67.8384637737181,55.48294576009115,0,256
001_ABC,32833,108635,0.996246337890625,64.54800057038665,42.99309285481771,0,256
001_ABC,32833,108891,1.0,59.380566691746935,39.238037109375,0,256
001_ABC,32833,109147,0.9519500732421876,61.2035909013357,35.60661824544271,0,256
001_ABC,32833,109403,0.182464599609375,41.68138001020998,11.8282470703125,0,256
001_ABC,33089,105819,0.878143310546875,79.09835319127887,36.39032491048177,0,256
001_ABC,33089,106075,1.0,73.26678382209502,34.565755208333336,0,256
001_ABC,33089,106331,1.0,70.62805779930204,32.64009602864584,0,256
001_ABC,33089,106587,0.9988861083984376,68.52766066766344,34.38240051269531,0,256
001_ABC,33089,106843,0.99713134765625,75.39102510269731,33.21588643391927,0,256
001_ABC,33089,107099,0.951019287109375,79.87407160527073,42.73347473144531,0,256
001_ABC,33089,107355,0.86590576171875,80.08054012060165,43.05323791503906,0,256
001_ABC,33089,107611,0.965850830078125,85.96208061184734,37.04833984375,0,256
001_ABC,33089,107867,0.9971160888671876,76.21143753430806,33.703837076822914,0,256
001_ABC,33089,108123,0.9979248046875,77.98024770244956,38.60862731933594,0,256
001_ABC,33089,108379,0.469940185546875,69.29883728921413,38.52986145019531,0,256
001_ABC,33089,108635,0.3917236328125,57.56539794779383,26.69451395670573,0,256
001_ABC,33089,108891,0.6839447021484375,69.26067910250276,35.72070821126302,0,256
001_ABC,33089,109147,0.155303955078125,49.2095610180404,11.374043782552084,0,256
001_ABC,33089,109403,0.0,38.82975117769092,5.161041259765625,0,256
001_ABC,33345,105819,0.60565185546875,78.0254081748426,39.79625956217448,0,256
001_ABC,33345,106075,0.9829559326171876,82.84495856962167,43.97905476888021,0,256
001_ABC,33345,106331,0.993988037109375,72.51382850110531,30.99324544270833,0,256
001_ABC,33345,106587,1.0,75.88423842098564,34.41967264811198,0,256
001_ABC,33345,106843,1.0,75.1059196551796,36.84105428059896,0,256
001_ABC,33345,107099,0.9166107177734376,78.75507508218288,35.67180379231771,0,256
001_ABC,33345,107355,0.8813018798828125,86.77093410119414,40.02967834472656,0,256
001_ABC,33345,107611,0.7810821533203125,80.21044820453972,37.257100423177086,0,256
001_ABC,33345,107867,0.758819580078125,81.25849962211214,39.63911946614584,0,256
001_ABC,33345,108123,0.95880126953125,81.38796913251281,39.53379821777344,0,256
001_ABC,33345,108379,0.533416748046875,69.95967644802295,33.58271280924479,0,256
001_ABC,33345,108635,0.33489990234375,54.76212808652781,16.54938252766927,0,256
001_ABC,33345,108891,0.59942626953125,81.89792552753352,36.66834513346354,0,256
001_ABC,33345,109147,0.6092529296875,87.22021363675594,42.71418253580729,0,256
001_ABC,33345,109403,0.4430999755859375,76.44916461315006,35.62794494628906,0,256
001_ABC,33601,105819,0.02911376953125,40.80048132594675,6.987325032552083,0,256
001_ABC,33601,106075,0.37713623046875,60.145272427937016,26.01648457845052,0,256
001_ABC,33601,106331,0.98199462890625,82.4284749252256,40.61906433105469,0,256
001_ABC,33601,106587,0.9920196533203124,84.57464168965816,40.12267557779948,0,256
001_ABC,33601,106843,0.8204193115234375,80.04688778147101,31.87681579589844,0,256
001_ABC,33601,107099,0.9876556396484376,85.0125473998487,43.04271443684896,0,256
001_ABC,33601,107355,0.9450225830078124,88.29096108302474,43.184814453125,0,256
001_ABC,33601,107611,0.975982666015625,94.58578370511532,46.09404500325521,0,256
001_ABC,33601,107867,0.8850555419921875,83.65383275970817,40.393168131510414,0,256
001_ABC,33601,108123,0.906280517578125,71.22008388862014,31.580006917317707,0,256
001_ABC,33601,108379,0.90673828125,67.59878547652625,34.340861002604164,0,256
001_ABC,33601,108635,0.9990386962890624,93.384965098463,45.9426523844401,0,256
001_ABC,33601,108891,0.9588470458984376,100.1090639680624,55.31312052408854,0,256
001_ABC,33601,109147,0.9849395751953124,107.3408036818728,62.62963358561198,0,256
001_ABC,33601,109403,0.9997711181640624,116.00967407226562,66.08727518717448,0,256
001_ABC,33601,109659,0.7910919189453125,111.7908768428024,56.5104014078776,0,256
001_ABC,33857,105819,0.85589599609375,98.87562084919772,55.21323649088541,0,256
001_ABC,33857,106075,0.9673919677734376,97.81424057274126,47.867462158203125,0,256
001_ABC,33857,106331,0.8383636474609375,82.52322357520461,40.95179239908854,0,256
001_ABC,33857,106587,1.0,89.33207267313264,36.25460815429688,0,256
001_ABC,33857,106843,1.0,93.53150463826024,42.65709431966146,0,256
001_ABC,33857,107099,1.0,97.19905146746896,42.8924306233724,0,256
001_ABC,33857,107355,1.0,92.43029048945756,39.62220255533854,0,256
001_ABC,33857,107611,0.8344268798828125,93.14298574230634,44.79781087239584,0,256
001_ABC,33857,107867,0.9985504150390624,97.34919813182204,42.44475809733073,0,256
001_ABC,33857,108123,1.0,77.64702711999416,35.45311482747396,0,256
001_ABC,33857,108379,1.0,69.19177198316902,34.07282511393229,0,256
001_ABC,33857,108635,0.98858642578125,102.5850568106398,41.8631846110026,0,256
001_ABC,33857,108891,0.972503662109375,107.21285107522272,48.47476196289063,0,256
001_ABC,33857,109147,0.7622528076171875,90.06048467732035,43.44722493489584,0,256
001_ABC,33857,109403,0.9975128173828124,108.2996655961033,58.06607564290365,0,256
001_ABC,33857,109659,0.9880218505859376,110.64987128973009,48.12615966796875,0,256
001_ABC,33857,109915,0.7427520751953125,90.14334940141998,36.05370585123698,0,256
001_ABC,33857,110171,0.1047515869140625,42.32937612757087,8.908457438151041,0,256
001_ABC,34113,105819,0.924530029296875,96.58537054969928,40.19902038574219,0,256
001_ABC,34113,106075,0.993560791015625,106.88590881880371,42.30188496907552,0,256
001_ABC,34113,106331,0.9989471435546876,93.92213110229932,33.16173299153646,0,256
001_ABC,34113,106587,0.99822998046875,107.20164588745683,32.332255045572914,0,256
001_ABC,34113,106843,1.0,108.21160815632902,33.48810831705729,0,256
001_ABC,34113,107099,0.9987030029296876,89.05446214205585,34.5753173828125,0,256
001_ABC,34113,107355,0.8450927734375,110.3763624781277,42.67083231608073,0,256
001_ABC,34113,107611,0.8267669677734375,98.6499902436044,44.58326212565104,0,256
001_ABC,34113,107867,0.9941558837890624,99.77314682654104,38.23204040527344,0,256
001_ABC,34113,108123,1.0,80.93574909772724,33.728312174479164,0,256
001_ABC,34113,108379,1.0,87.28352565108798,35.87067667643229,0,256
001_ABC,34113,108635,1.0,86.29892963706516,35.27397155761719,0,256
001_ABC,34113,108891,0.9625244140625,109.49754288769329,44.78790283203125,0,256
001_ABC,34113,109147,0.9878692626953124,126.967645250028,49.60858662923177,0,256
001_ABC,34113,109403,0.9978485107421876,115.0438105778303,48.27393595377604,0,256
001_ABC,34113,109659,0.999725341796875,116.95389860495924,45.75142923990885,0,256
001_ABC,34113,109915,0.829010009765625,112.58337218291126,46.631266276041664,0,256
001_ABC,34113,110171,0.8650665283203125,79.33097815513611,33.75543212890625,0,256
001_ABC,34369,105819,0.343048095703125,63.86268523312174,15.265284220377604,0,256
001_ABC,34369,106075,0.994781494140625,97.03887545969336,35.690521240234375,0,256
001_ABC,34369,106331,0.9931640625,100.0241117393598,29.909922281901043,0,256
001_ABC,34369,106587,0.9989471435546876,102.95661383657716,32.19749959309896,0,256
001_ABC,34369,106843,1.0,110.68526032730006,39.35560607910156,0,256
001_ABC,34369,107099,0.9801177978515624,110.14576046075672,37.73578898111979,0,256
001_ABC,34369,107355,0.8084869384765625,114.71733164577743,44.52298482259115,0,256
001_ABC,34369,107611,0.548187255859375,87.46559574827552,29.2847900390625,0,256
001_ABC,34369,107867,0.9600372314453124,100.09991321130656,40.22676086425781,0,256
001_ABC,34369,108123,1.0,84.20704449503683,48.40221150716146,0,256
001_ABC,34369,108379,1.0,93.64441503188571,36.593536376953125,0,256
001_ABC,34369,108635,1.0,96.5886443099007,34.794647216796875,0,256
001_ABC,34369,108891,1.0,92.94142350181936,46.14741007486979,0,256
001_ABC,34369,109147,0.93841552734375,129.04833732545376,52.0011952718099,0,256
001_ABC,34369,109403,1.0,96.1884543262422,38.10889180501302,0,256
001_ABC,34369,109659,1.0,110.07926885015333,38.99188232421875,0,256
001_ABC,34369,109915,0.9985809326171876,121.31490452494472,46.01093546549479,0,256
001_ABC,34369,110171,0.9670562744140624,84.55303101032041,36.37873840332031,0,256
001_ABC,34369,110427,0.7418212890625,70.66525507136248,24.60252888997396,0,256
001_ABC,34625,106075,0.6125640869140625,51.46181132621132,23.771687825520832,0,256
001_ABC,34625,106331,0.9993133544921876,57.31666541006416,35.375325520833336,0,256
001_ABC,34625,106587,1.0,60.16540054394864,35.71575927734375,0,256
001_ABC,34625,106843,0.9952239990234376,64.2668451666832,40.43336486816406,0,256
001_ABC,34625,107099,0.7577667236328125,69.46874967007898,37.44742329915365,0,256
001_ABC,34625,107355,0.9848175048828124,65.80796005483717,39.349690755208336,0,256
001_ABC,34625,107611,0.997161865234375,57.26985785714351,38.68272908528646,0,256
001_ABC,34625,107867,1.0,52.8388153759297,32.06061808268229,0,256
001_ABC,34625,108123,1.0,53.51430151402019,38.484151204427086,0,256
001_ABC,34625,108379,1.0,69.05613380461,50.94865926106771,0,256
001_ABC,34625,108635,1.0,64.05110084242187,41.39874267578125,0,256
001_ABC,34625,108891,0.87628173828125,71.27828690037131,63.37888590494792,0,256
001_ABC,34625,109147,0.933258056640625,74.7213753235992,45.37887064615885,0,256
001_ABC,34625,109403,1.0,60.5381445735693,35.199920654296875,0,256
001_ABC,34625,109659,1.0,55.51254057884216,32.236480712890625,0,256
001_ABC,34625,109915,1.0,58.75939455255866,41.89344278971354,0,256
001_ABC,34625,110171,1.0,76.24363258644007,54.922688802083336,0,256
001_ABC,34625,110427,1.0,55.2851702934131,39.09083557128906,0,256
001_ABC,34625,110683,0.564666748046875,47.006808468839154,23.025461832682293,0,256
001_ABC,34881,106331,0.2061004638671875,47.24063111003488,11.440134684244793,0,256
001_ABC,34881,106587,0.403411865234375,48.98640144593082,15.652150472005207,0,256
001_ABC,34881,106843,0.6177215576171875,58.416295137256384,23.593505859375,0,256
001_ABC,34881,107099,0.820526123046875,68.27469293680042,34.532491048177086,0,256
001_ABC,34881,107355,1.0,61.53533969819546,36.91931660970052,0,256
001_ABC,34881,107611,0.9941558837890624,54.46760561107658,30.299596150716145,0,256
001_ABC,34881,107867,0.984375,54.61627124249935,30.38351949055989,0,256
001_ABC,34881,108123,0.85015869140625,60.11450231052004,49.5802968343099,0,256
001_ABC,34881,108379,0.81072998046875,61.734283469384536,48.9736582438151,0,256
001_ABC,34881,108635,0.8548736572265625,67.87181535898708,57.17564900716146,0,256
001_ABC,34881,108891,0.8216705322265625,60.68696972634643,38.90907287597656,0,256
001_ABC,34881,109147,1.0,62.06151041015983,35.12772115071615,0,256
001_ABC,34881,109403,0.986480712890625,64.15826355828904,34.59686787923177,0,256
001_ABC,34881,109659,1.0,52.59090772992931,32.34070332845052,0,256
001_ABC,34881,109915,1.0,61.63349899277091,48.1240488688151,0,256
001_ABC,34881,110171,1.0,61.89942207559943,46.01390075683594,0,256
001_ABC,34881,110427,1.0,54.90131883672439,33.91011047363281,0,256
001_ABC,34881,110683,0.783294677734375,55.96260782866739,28.327677408854168,0,256
001_ABC,35137,106331,0.0,45.94932508096099,6.923573811848958,0,256
001_ABC,35137,106587,0.1183624267578125,50.97328093624674,11.723403930664062,0,256
001_ABC,35137,106843,0.3408050537109375,58.77964900434017,24.322479248046875,0,256
001_ABC,35137,107099,0.2130889892578125,61.208817559992895,16.03972880045573,0,256
001_ABC,35137,107355,0.9503936767578124,87.75241695344448,45.97178649902344,0,256
001_ABC,35137,107611,1.0,64.18680601357482,47.78160095214844,0,256
001_ABC,35137,107867,0.830413818359375,58.613331284374,44.93300374348959,0,256
001_ABC,35137,108123,0.41119384765625,55.29371231212281,20.73592122395833,0,256
001_ABC,35137,108379,0.9873504638671876,64.80851119756699,42.79691060384115,0,256
001_ABC,35137,108635,0.848388671875,73.13732826337218,41.59729512532552,0,256
001_ABC,35137,108891,1.0,61.86993016279303,36.543701171875,0,256
001_ABC,35137,109147,1.0,62.741176487645134,36.87938944498698,0,256
001_ABC,35137,109403,1.0,67.36860572523437,32.79896036783854,0,256
001_ABC,35137,109659,1.0,54.71161137870513,31.129770914713543,0,256
001_ABC,35137,109915,1.0,57.292791321640834,33.20280456542969,0,256
001_ABC,35137,110171,1.0,55.62651013955474,32.43584696451823,0,256
001_ABC,35137,110427,1.0,56.81974857207388,32.11967976888021,0,256
001_ABC,35137,110683,0.645233154296875,47.34104408486746,26.144271850585938,0,256
001_ABC,35393,106331,0.175689697265625,53.52059150394052,14.713790893554688,0,256
001_ABC,35393,106587,0.9850921630859376,71.55435275658965,40.08187357584635,0,256
001_ABC,35393,106843,1.0,72.88126986264251,39.43500264485677,0,256
001_ABC,35393,107099,0.924774169921875,83.27307282295078,52.60070292154948,0,256
001_ABC,35393,107355,0.7689971923828125,83.97639846405946,40.30010986328125,0,256
001_ABC,35393,107611,0.9026336669921876,73.76903542503715,50.797871907552086,0,256
001_ABC,35393,107867,0.8765869140625,68.23998487647623,46.60601298014323,0,256
001_ABC,35393,108123,0.82586669921875,69.97755396715365,41.79522705078125,0,256
001_ABC,35393,108379,0.9467620849609376,64.89463613345288,38.18510437011719,0,256
001_ABC,35393,108635,0.92596435546875,72.88373998901807,43.76420593261719,0,256
001_ABC,35393,108891,0.90643310546875,69.11268240190111,34.79051717122396,0,256
001_ABC,35393,109147,0.86810302734375,78.38970819767565,35.05079650878906,0,256
001_ABC,35393,109403,0.9722137451171876,69.55519089451991,35.41357421875,0,256
001_ABC,35393,109659,1.0,55.26078251353465,31.59529622395833,0,256
001_ABC,35393,109915,1.0,54.38636427535676,29.90838623046875,0,256
001_ABC,35393,110171,1.0,57.94962015375495,35.85553487141927,0,256
001_ABC,35393,110427,0.99169921875,68.32022757735103,33.73456319173177,0,256
001_ABC,35393,110683,0.6476593017578125,51.56898279464804,26.63123067220052,0,256
001_ABC,35649,106331,0.7340240478515625,70.7195359133184,38.60646057128906,0,256
001_ABC,35649,106587,0.999969482421875,67.83725034608506,38.11370849609375,0,256
001_ABC,35649,106843,1.0,74.56333851721138,38.33948262532552,0,256
001_ABC,35649,107099,1.0,80.63705359189771,41.63577779134115,0,256
001_ABC,35649,107355,1.0,85.11143446504138,42.96770731608073,0,256
001_ABC,35649,107611,0.98468017578125,80.37739443196915,47.92295837402344,0,256
001_ABC,35649,107867,1.0,69.55763338506222,43.889790852864586,0,256
001_ABC,35649,108123,1.0,68.31227849423885,38.49869283040365,0,256
001_ABC,35649,108379,0.8367919921875,72.30710500106215,38.55534871419271,0,256
001_ABC,35649,108635,0.4548492431640625,63.92086077830754,24.70867919921875,0,256
001_ABC,35649,108891,0.794525146484375,72.85605961061083,35.450093587239586,0,256
001_ABC,35649,109147,0.679290771484375,82.79927804484032,35.790283203125,0,256
001_ABC,35649,109403,0.9871063232421876,78.9279908479657,39.62809753417969,0,256
001_ABC,35649,109659,0.99188232421875,66.90308565809391,43.27643839518229,0,256
001_ABC,35649,109915,0.979583740234375,70.02707754238509,41.0541025797526,0,256
001_ABC,35649,110171,0.7260284423828125,63.358089193701744,26.809961954752605,0,256
001_ABC,35649,110427,0.8398284912109375,68.20240178331733,39.28874715169271,0,256
001_ABC,35649,110683,0.467926025390625,49.70355194434524,21.194040934244796,0,256
001_ABC,35905,106331,0.7277374267578125,76.18675937876105,35.521270751953125,0,256
001_ABC,35905,106587,0.9974822998046876,76.64704284421168,33.746114095052086,0,256
001_ABC,35905,106843,1.0,75.9334716340527,41.50072224934896,0,256
001_ABC,35905,107099,0.974365234375,124.8963192552328,53.69063822428385,0,256
001_ABC,35905,107355,1.0,79.6118717752397,35.81232198079427,0,256
001_ABC,35905,107611,1.0,79.24700190033764,57.21342468261719,0,256
001_ABC,35905,107867,0.90594482421875,77.09126953571104,41.9081064860026,0,256
001_ABC,35905,108123,0.9820404052734376,72.09278216119856,44.631754557291664,0,256
001_ABC,35905,108379,0.9323272705078124,70.60147987306118,32.70073445638021,0,256
001_ABC,35905,108635,0.9557037353515624,66.24793866253458,29.75254821777344,0,256
001_ABC,35905,108891,1.0,69.76018997654319,35.26544698079427,0,256
001_ABC,35905,109147,0.9483795166015624,82.11193060874939,37.55646769205729,0,256
001_ABC,35905,109403,0.6469573974609375,79.16334019601345,29.69886779785156,0,256
001_ABC,35905,109659,0.6673126220703125,64.98046110547148,27.628016153971355,0,256
001_ABC,35905,109915,0.778961181640625,77.46208270988427,36.55488077799479,0,256
001_ABC,35905,110171,0.58807373046875,59.82042590505444,27.149709065755207,0,256
001_ABC,35905,110427,0.823394775390625,73.00317573174834,34.46539306640625,0,256
001_ABC,36161,106075,0.8024749755859375,68.04755546688102,28.477818806966145,0,256
001_ABC,36161,106331,0.9940338134765624,71.8213467290625,35.6302490234375,0,256
001_ABC,36161,106587,0.99664306640625,74.0991551047191,35.61878458658854,0,256
001_ABC,36161,106843,0.999725341796875,78.81065354100429,36.248636881510414,0,256
001_ABC,36161,107099,0.998931884765625,107.29948774329388,53.081146240234375,0,256
001_ABC,36161,107355,1.0,86.26669880351983,36.53083292643229,0,256
001_ABC,36161,107611,0.9726409912109376,103.13654979481362,53.29863993326823,0,256
001_ABC,36161,107867,0.393646240234375,68.34857043251395,18.65968831380208,0,256
001_ABC,36161,108123,1.0,71.6131403350737,44.09147135416666,0,256
001_ABC,36161,108379,1.0,70.62036815634929,34.26750691731771,0,256
001_ABC,36161,108635,1.0,72.57819653279148,33.17212931315104,0,256
001_ABC,36161,108891,1.0,72.79777644365095,34.14668782552084,0,256
001_ABC,36161,109147,1.0,78.64469772484154,35.9198964436849,0,256
001_ABC,36161,109403,1.0,86.8384165612515,41.30401102701823,0,256
001_ABC,36161,109659,0.7267913818359375,65.51288670836948,23.07287089029948,0,256
001_ABC,36161,109915,0.9340972900390624,79.01235177530907,38.99901835123698,0,256
001_ABC,36161,110171,0.6836700439453125,60.79300473630428,24.373250325520832,0,256
001_ABC,36161,110427,0.82666015625,61.79380506067537,31.35080973307292,0,256
001_ABC,36417,105307,0.7307281494140625,88.04479126422666,31.58008321126302,0,256
001_ABC,36417,105563,0.912109375,69.8629757144954,32.23400370279948,0,256
001_ABC,36417,105819,0.9994659423828124,68.18774519464932,28.36200459798177,0,256
001_ABC,36417,106075,1.0,68.24649651697837,31.867752075195312,0,256
001_ABC,36417,106331,1.0,71.66856404743157,33.0777842203776,0,256
001_ABC,36417,106587,0.9999542236328124,66.57684930320829,32.17883809407552,0,256
001_ABC,36417,106843,0.999359130859375,78.51082279440016,31.90415954589844,0,256
001_ABC,36417,107099,0.9962921142578124,77.46474984823726,31.679555257161457,0,256
001_ABC,36417,107355,0.997894287109375,98.32188373431563,44.01708984375,0,256
001_ABC,36417,107611,0.9975128173828124,74.50909422989935,45.24757385253906,0,256
001_ABC,36417,107867,0.1924285888671875,56.55341421230696,11.446263631184896,0,256
001_ABC,36417,108123,0.6314697265625,80.86645833938383,23.98537190755208,0,256
001_ABC,36417,108379,0.9986724853515624,75.30574329849333,33.71245320638021,0,256
001_ABC,36417,108635,0.9990234375,71.86546278535388,35.311930338541664,0,256
001_ABC,36417,108891,0.9996795654296876,70.41927858046256,32.24340311686198,0,256
001_ABC,36417,109147,0.8384857177734375,78.55967888771556,40.37324015299479,0,256
001_ABC,36417,109403,0.93853759765625,81.48634288250469,38.587504069010414,0,256
001_ABC,36417,109659,0.9966888427734376,69.66203050664626,29.20808919270833,0,256
001_ABC,36417,109915,0.97625732421875,61.616819872520864,29.735560099283852,0,256
001_ABC,36417,110171,0.79364013671875,60.93310543522239,26.991180419921875,0,256
001_ABC,36417,110427,0.2232513427734375,38.86878996249288,12.043050130208334,0,256
001_ABC,36673,105307,0.98895263671875,66.62765972479247,34.83336385091146,0,256
001_ABC,36673,105563,0.99627685546875,68.69994087424129,32.31698099772135,0,256
001_ABC,36673,105819,0.9984893798828124,63.84847143641673,33.62025451660156,0,256
001_ABC,36673,106075,0.9986572265625,59.90134878992103,26.25426737467448,0,256
001_ABC,36673,106331,0.9912872314453124,56.42361733666621,28.270762125651043,0,256
001_ABC,36673,106587,0.990081787109375,59.74039772315882,30.859334309895832,0,256
001_ABC,36673,106843,0.9985504150390624,56.70949273346923,32.30516560872396,0,256
001_ABC,36673,107099,0.995697021484375,61.95881973183714,33.40503946940104,0,256
001_ABC,36673,107355,0.9965362548828124,88.20299761160277,48.81175740559896,0,256
001_ABC,36673,107611,0.9868927001953124,72.79988588555716,40.05285135904948,0,256
001_ABC,36673,107867,0.6183319091796875,53.081827744841576,30.084009806315105,0,256
001_ABC,36673,108123,0.52154541015625,56.70538194384426,28.57507832845052,0,256
001_ABC,36673,108379,0.9963226318359376,68.56750842160545,41.59129333496094,0,256
001_ABC,36673,108635,0.9937591552734376,54.53702065697871,29.47740173339844,0,256
001_ABC,36673,108891,0.984527587890625,57.53025488159619,29.104171752929688,0,256
001_ABC,36673,109147,0.9647216796875,64.2781994768884,34.60106913248698,0,256
001_ABC,36673,109403,0.4652252197265625,60.44258618517779,25.580474853515625,0,256
001_ABC,36673,109659,0.99249267578125,70.08244763314724,39.45378621419271,0,256
001_ABC,36673,109915,0.694091796875,56.75041736569256,24.63609313964844,0,256
001_ABC,36929,105051,0.6732940673828125,55.71874434850179,24.96099344889323,0,256
001_ABC,36929,105307,0.9971923828125,68.86609316221438,30.97365315755208,0,256
001_ABC,36929,105563,0.8739013671875,72.5185970661696,33.76355489095052,0,256
001_ABC,36929,105819,0.902862548828125,66.66717666387558,31.45758056640625,0,256
001_ABC,36929,106075,0.986663818359375,69.35368228680454,29.319590250651043,0,256
001_ABC,36929,106331,0.9931793212890624,68.1138451078441,29.666173299153645,0,256
001_ABC,36929,106587,0.995147705078125,62.03851085528731,30.329025268554688,0,256
001_ABC,36929,106843,0.9966583251953124,59.97458638786338,28.994176228841145,0,256
001_ABC,36929,107099,0.981964111328125,66.99345613177866,30.67156982421875,0,256
001_ABC,36929,107355,0.9871826171875,67.45246157771908,34.032796223958336,0,256
001_ABC,36929,107611,0.9511566162109376,73.0108675500378,47.52616373697917,0,256
001_ABC,36929,107867,0.99969482421875,66.67535305023193,44.9626719156901,0,256
001_ABC,36929,108123,0.66436767578125,59.84621746628545,35.912495930989586,0,256
001_ABC,36929,108379,0.9248046875,69.05991283408366,41.65493774414063,0,256
001_ABC,36929,108635,0.988372802734375,58.14366520545445,33.17101542154948,0,256
001_ABC,36929,108891,0.9967041015625,60.05695990822278,31.755126953125,0,256
001_ABC,36929,109147,0.97747802734375,70.62849353905767,37.47680155436198,0,256
001_ABC,36929,109403,0.4765625,58.830012902384624,20.85614013671875,0,256
001_ABC,36929,109659,0.4348907470703125,60.32974940445274,23.053136189778645,0,256
001_ABC,36929,109915,0.0901031494140625,43.13032094738446,9.878646850585938,0,256
001_ABC,37185,105051,0.9197845458984376,65.27012634277344,28.647186279296875,0,256
001_ABC,37185,105307,0.998016357421875,72.51966192922555,32.172261555989586,0,256
001_ABC,37185,105563,0.983917236328125,75.75130995525979,30.966684977213543,0,256
001_ABC,37185,105819,0.992034912109375,75.27837191428989,31.639663696289062,0,256
001_ABC,37185,106075,0.91717529296875,78.36410270980559,33.52698771158854,0,256
001_ABC,37185,106331,0.8616485595703125,76.17526191473007,27.04229736328125,0,256
001_ABC,37185,106587,0.9937744140625,70.09189356095158,29.28305053710937,0,256
001_ABC,37185,106843,0.987213134765625,65.16010642051697,28.19091288248698,0,256
001_ABC,37185,107099,0.9700164794921876,69.26842592819594,31.86572774251302,0,256
001_ABC,37185,107355,0.6897735595703125,71.29284630715847,26.113245646158852,0,256
001_ABC,37185,107611,0.65966796875,71.42376512195915,34.066263834635414,0,256
001_ABC,37185,107867,0.9246673583984376,72.46721272077411,42.318949381510414,0,256
001_ABC,37185,108123,0.8649444580078125,70.52226203586906,47.22818501790365,0,256
001_ABC,37185,108379,0.9691009521484376,73.41323294467293,44.751607259114586,0,256
001_ABC,37185,108635,0.6541900634765625,56.67426004633308,21.98541768391927,0,256
001_ABC,37185,108891,0.204345703125,51.08187558478676,12.398300170898438,0,256
001_ABC,37185,109147,0.5200958251953125,62.679957473417744,24.95360310872396,0,256
001_ABC,37185,109403,0.2583160400390625,52.50285142660141,14.712839762369793,0,256
001_ABC,37441,104795,0.8444061279296875,65.6086770480033,32.90373738606771,0,256
001_ABC,37441,105051,0.99932861328125,68.80033586919308,34.45741271972656,0,256
001_ABC,37441,105307,1.0,72.22282580262981,33.36744689941406,0,256
001_ABC,37441,105563,0.9913787841796876,68.78416246175766,33.1551767985026,0,256
001_ABC,37441,105819,0.9915771484375,70.87639070837758,30.590016682942707,0,256
001_ABC,37441,106075,0.997711181640625,78.10358947515488,32.029022216796875,0,256
001_ABC,37441,106331,0.940948486328125,75.05656724772416,26.96339925130208,0,256
001_ABC,37441,106587,0.8710174560546875,86.4461589595303,30.78143819173177,0,256
001_ABC,37441,106843,0.9587860107421876,85.42125975247473,27.28489176432292,0,256
001_ABC,37441,107099,0.9347686767578124,85.0412083955016,25.91754659016927,0,256
001_ABC,37441,107355,0.7307281494140625,83.01880312315188,21.921717325846355,0,256
001_ABC,37441,107611,0.3005828857421875,63.94291804730892,15.715621948242188,0,256
001_ABC,37441,107867,0.281005859375,57.5186780707445,17.464431762695312,0,256
001_ABC,37441,108123,0.228271484375,54.05801759636961,17.3201904296875,0,256
001_ABC,37441,108379,0.5019378662109375,63.65961688756943,28.431650797526043,0,256
001_ABC,37697,104795,0.998992919921875,70.30428738798946,36.93804931640625,0,256
001_ABC,37697,105051,1.0,74.30192957818508,35.7995351155599,0,256
001_ABC,37697,105307,1.0,78.72815608978271,33.9168955485026,0,256
001_ABC,37697,105563,1.0,77.42843197286129,32.305816650390625,0,256
001_ABC,37697,105819,0.9990692138671876,76.26397287007421,34.5363515218099,0,256
001_ABC,37697,106075,0.999542236328125,77.31764752953313,33.22626241048177,0,256
001_ABC,37697,106331,0.9657745361328124,87.43443635269068,33.15998840332031,0,256
001_ABC,37697,106587,0.6353912353515625,73.90341019257903,29.626190185546875,0,256
001_ABC,37697,106843,0.865692138671875,89.38556736335158,43.39741007486979,0,256
001_ABC,37697,107099,0.8665771484375,93.76560863270424,39.16441853841146,0,256
001_ABC,37697,107355,0.7781219482421875,84.07092136144638,25.34388732910156,0,256
001_ABC,37697,107611,0.3175048828125,60.45275565609336,13.840403238932293,0,256
001_ABC,37697,107867,0.0006103515625,45.56959473132156,7.025472005208333,0,256
001_ABC,37697,108123,0.0,44.35255314758979,7.03448486328125,0,256
001_ABC,37953,104795,0.9987640380859376,78.70049947407097,32.45899454752604,0,256
001_ABC,37953,105051,0.99853515625,83.07280808314681,35.39649963378906,0,256
001_ABC,37953,105307,0.907440185546875,96.85054869856684,46.74078369140625,0,256
001_ABC,37953,105563,0.686126708984375,83.12676998600364,40.39788818359375,0,256
001_ABC,37953,105819,0.733551025390625,79.91798143438064,40.208333333333336,0,256
001_ABC,37953,106075,0.831268310546875,93.198883155128,50.533935546875,0,256
001_ABC,37953,106331,0.85528564453125,85.77986123319715,48.53843180338541,0,256
001_ABC,37953,106587,0.9985504150390624,86.19449115451425,46.19556172688802,0,256
001_ABC,37953,106843,0.9999542236328124,87.28059699758887,38.59918721516927,0,256
001_ABC,37953,107099,0.996368408203125,100.27589321136476,41.42256673177084,0,256
001_ABC,37953,107355,0.5858917236328125,83.56163862883113,25.97996012369792,0,256
001_ABC,37953,107611,0.0926055908203125,53.45418894197792,9.869110107421877,0,256
001_ABC,37953,107867,0.0,47.09184146649204,7.124959309895833,0,256
001_ABC,37953,108123,0.0,47.22291213250719,7.187418619791667,0,256
001_ABC,38209,104795,0.8662872314453125,92.6172129176557,23.38007100423177,0,256
001_ABC,38209,105051,0.9834747314453124,97.6276332801208,32.11567179361979,0,256
001_ABC,38209,105307,0.887664794921875,106.50274568703026,40.124420166015625,0,256
001_ABC,38209,105563,0.934234619140625,103.19256365206093,50.80372619628906,0,256
001_ABC,38209,105819,0.9948883056640624,97.67110764887184,44.94237263997396,0,256
001_ABC,38209,106075,1.0,98.23080359748565,37.73780822753906,0,256
001_ABC,38209,106331,0.9994049072265624,104.03807568713091,37.69200642903646,0,256
001_ABC,38209,106587,1.0,91.4919666775968,35.648539225260414,0,256
001_ABC,38209,106843,1.0,90.15961558534764,36.60204569498698,0,256
001_ABC,38209,107099,1.0,98.26940627559088,42.8603769938151,0,256
001_ABC,38209,107355,0.9470062255859376,92.19805031921716,39.8969472249349,0,256
001_ABC,38209,107611,0.6080780029296875,76.71787027246319,31.75103759765625,0,256
001_ABC,38209,107867,0.178863525390625,58.6307386374101,16.73406473795573,0,256
001_ABC,38209,108123,0.0,49.62646015523933,7.458658854166667,0,256
001_ABC,38465,105307,0.698944091796875,106.1354354226496,25.13653055826823,0,256
001_ABC,38465,105563,0.870208740234375,94.2340432589408,35.386128743489586,0,256
001_ABC,38465,105819,0.998382568359375,94.03076407965273,34.41118367513021,0,256
001_ABC,38465,106075,1.0,92.75010462081993,34.95775858561198,0,256
001_ABC,38465,106331,1.0,99.76408164855091,32.98848470052084,0,256
001_ABC,38465,106587,1.0,90.4177090318408,34.39863077799479,0,256
001_ABC,38465,106843,0.9967803955078124,91.70905604003929,37.0953369140625,0,256
001_ABC,38465,107099,0.9969024658203124,124.11655887123196,51.48301696777344,0,256
001_ABC,38465,107355,0.99468994140625,111.90630068047903,47.98033142089844,0,256
001_ABC,38465,107611,1.0,90.52897063060664,45.006866455078125,0,256
001_ABC,38465,107867,0.9194793701171876,79.23868080601096,47.07139587402344,0,256
001_ABC,38465,108123,0.3656768798828125,64.91325121279806,26.037699381510414,0,256
001_ABC,38721,105563,0.9853515625,57.50382669921965,26.88739013671875,0,256
001_ABC,38721,105819,1.0,56.764296531677246,30.96761067708333,0,256
001_ABC,38721,106075,1.0,56.17926692962647,30.815531412760414,0,256
001_ABC,38721,106331,1.0,56.187909422209486,28.510670979817707,0,256
001_ABC,38721,106587,1.0,61.41440921649337,34.307718912760414,0,256
001_ABC,38721,106843,0.9656982421875,78.98377649835311,45.9357655843099,0,256
001_ABC,38721,107099,0.996826171875,86.41339503135532,54.06549072265625,0,256
001_ABC,38721,107355,0.8896942138671875,77.54593299329281,48.92480977376302,0,256
001_ABC,38721,107611,1.0,59.68560786452144,37.96260579427084,0,256
001_ABC,38721,107867,1.0,56.86332680261694,42.37615966796875,0,256
001_ABC,38721,108123,0.95947265625,63.85479556932114,48.66340637207031,0,256
001_ABC,38721,108379,0.191162109375,46.07522562053055,12.131785074869793,0,256
001_ABC,38977,105563,0.989227294921875,57.70367565657944,26.406046549479168,0,256
001_ABC,38977,105819,0.9999847412109376,65.13749577454291,34.32129923502604,0,256
001_ABC,38977,106075,0.9996795654296876,62.15026461984962,33.107269287109375,0,256
001_ABC,38977,106331,0.9384307861328124,60.19051802065224,35.92742919921875,0,256
001_ABC,38977,106587,0.53057861328125,56.64918717369437,29.478418986002605,0,256
001_ABC,38977,106843,0.8561248779296875,73.34568227245472,46.83639017740885,0,256
001_ABC,38977,107099,0.994140625,73.64393591787666,47.96415710449219,0,256
001_ABC,38977,107355,1.0,81.64112504944205,60.83766174316406,0,256
001_ABC,38977,107611,1.0,58.93649487919174,33.59208679199219,0,256
001_ABC,38977,107867,1.0,59.61936035729013,38.400004069010414,0,256
001_ABC,38977,108123,1.0,59.09811704582535,38.08119201660156,0,256
001_ABC,38977,108379,0.32562255859375,47.53814628697,14.12939961751302,0,256
001_ABC,39233,105563,0.9605865478515624,61.89127675793134,26.927073160807293,0,256
001_ABC,39233,105819,1.0,59.571194044314325,30.017807006835938,0,256
001_ABC,39233,106075,0.885467529296875,66.3476202338934,42.6104736328125,0,256
001_ABC,39233,106331,0.2764739990234375,52.37731979205273,18.48688252766927,0,256
001_ABC,39233,106587,0.804840087890625,64.61710296478122,41.7486826578776,0,256
001_ABC,39233,106843,1.0,74.39772216952406,37.741292317708336,0,256
001_ABC,39233,107099,1.0,72.38447001203895,36.03093973795573,0,256
001_ABC,39233,107355,1.0,79.71137928124517,46.73467508951823,0,256
001_ABC,39233,107611,1.0,82.62832469400018,52.57662455240885,0,256
001_ABC,39233,107867,1.0,69.5630521690473,35.96625264485677,0,256
001_ABC,39233,108123,0.87725830078125,61.22449217736721,29.73788452148437,0,256
001_ABC,39233,108379,0.609405517578125,58.04131050314754,22.609146118164062,0,256
001_ABC,39489,105563,0.896575927734375,59.18851224239916,25.235031127929688,0,256
001_ABC,39489,105819,0.9739990234375,76.92611450492404,52.06345621744792,0,256
001_ABC,39489,106075,0.857086181640625,72.11712551116943,49.08902486165365,0,256
001_ABC,39489,106331,0.973876953125,70.98782163765281,43.84779357910156,0,256
001_ABC,39489,106587,0.9805908203125,68.95678882836364,39.90718078613281,0,256
001_ABC,39489,106843,0.88311767578125,82.29105774220079,44.954345703125,0,256
001_ABC,39489,107099,1.0,79.6682361504063,40.3353017171224,0,256
001_ABC,39489,107355,1.0,76.84387121256441,39.512837727864586,0,256
001_ABC,39489,107611,1.0,67.8019239937421,36.63669840494792,0,256
001_ABC,39489,107867,1.0,69.95965548977256,32.71685791015625,0,256
001_ABC,39489,108123,0.554412841796875,55.48552070558071,20.11897786458333,0,256
001_ABC,39489,108379,0.319091796875,55.01075548585504,19.55499267578125,0,256
001_ABC,39745,105819,0.96405029296875,72.15682578086853,35.531036376953125,0,256
001_ABC,39745,106075,0.990081787109375,72.89258109033108,33.63928731282552,0,256
001_ABC,39745,106331,0.8918304443359375,75.78649245202541,41.06389872233073,0,256
001_ABC,39745,106587,0.8794403076171875,80.90461268066429,49.7495371500651,0,256
001_ABC,39745,106843,0.9980926513671876,81.2179588675499,37.26363118489584,0,256
001_ABC,39745,107099,1.0,90.07032555504702,39.76634216308594,0,256
001_ABC,39745,107355,1.0,87.69257348775864,38.08755493164063,0,256
001_ABC,39745,107611,0.996856689453125,68.54786966741085,32.46202596028646,0,256
001_ABC,39745,107867,1.0,66.78237905725837,36.802510579427086,0,256
001_ABC,39745,108123,1.0,67.42833832628094,35.76574198404948,0,256
001_ABC,39745,108379,0.4618682861328125,57.82487894012593,20.02068583170573,0,256
001_ABC,40001,106075,0.5953521728515625,67.20811735093594,27.42087809244792,0,256
001_ABC,40001,106331,0.994354248046875,78.89551872015,45.05285135904948,0,256
001_ABC,40001,106587,1.0,84.55738443112932,38.0842030843099,0,256
001_ABC,40001,106843,1.0,85.109704031609,35.16498819986979,0,256
001_ABC,40001,107099,1.0,85.12037371098995,34.542643229166664,0,256
001_ABC,40001,107355,1.0,84.21597385313362,32.277384440104164,0,256
001_ABC,40001,107611,1.0,74.11155504640192,35.74401346842448,0,256
001_ABC,40001,107867,1.0,69.61773817217909,31.21568298339844,0,256
001_ABC,40001,108123,1.0,69.0422336421907,32.64945983886719,0,256
001_ABC,40001,108379,0.9496002197265624,70.29795599891804,28.37420654296875,0,256
001_ABC,40257,106075,0.2774200439453125,57.80057572922669,14.958704630533854,0,256
001_ABC,40257,106331,0.7336883544921875,72.16697641438805,24.100941975911457,0,256
001_ABC,40257,106587,0.9877777099609376,83.56826776266098,33.42790730794271,0,256
001_ABC,40257,106843,1.0,81.61180800106376,31.347035725911457,0,256
001_ABC,40257,107099,1.0,83.09707872546278,29.890426635742188,0,256
001_ABC,40257,107355,1.0,79.5696965677198,31.398590087890625,0,256
001_ABC,40257,107611,1.0,70.7371121859178,33.41346740722656,0,256
001_ABC,40257,107867,1.0,73.205631878227,33.53503926595052,0,256
001_ABC,40257,108123,1.0,68.31937865074724,30.02783203125,0,256
001_ABC,40257,108379,0.6907958984375,64.70325136533938,21.817311604817707,0,256
001_ABC,40513,106075,0.9439849853515624,74.83097671135329,36.6235605875651,0,256
001_ABC,40513,106331,0.997314453125,75.81996338046156,41.210673014322914,0,256
001_ABC,40513,106587,0.9983062744140624,80.737324655056,34.71398417154948,0,256
001_ABC,40513,106843,0.9999542236328124,86.67791205272079,32.41534423828125,0,256
001_ABC,40513,107099,0.9975433349609376,88.25090327486396,33.42303975423177,0,256
001_ABC,40513,107355,0.986328125,79.42219488485716,31.794260660807293,0,256
001_ABC,40513,107611,1.0,75.4688906983938,33.70604960123698,0,256
001_ABC,40513,107867,1.0,68.77076095342636,30.608444213867188,0,256
001_ABC,40513,108123,0.999908447265625,66.02241081162356,34.74615987141927,0,256
001_ABC,40513,108379,0.58477783203125,55.24100140645169,21.362625122070312,0,256
001_ABC,40769,106075,0.9710540771484376,63.8079355917871,30.424158732096355,0,256
001_ABC,40769,106331,0.9937591552734376,73.7968901747372,52.01408386230469,0,256
001_ABC,40769,106587,0.949310302734375,75.84875570586883,45.14499918619792,0,256
001_ABC,40769,106843,0.999786376953125,75.69804163253866,43.04317220052084,0,256
001_ABC,40769,107099,1.0,74.52240251004696,37.42023722330729,0,256
001_ABC,40769,107355,0.9972686767578124,73.23962089046836,36.11368306477865,0,256
001_ABC,40769,107611,1.0,69.49794781859964,34.28587849934896,0,256
001_ABC,40769,107867,0.9938507080078124,68.65123970038258,39.54058329264323,0,256
001_ABC,40769,108123,0.9987335205078124,57.15463404264301,36.0697021484375,0,256
001_ABC,40769,108379,0.464111328125,44.388183183036745,15.828353881835938,0,256
001_ABC,41025,106075,0.9296875,63.67981753288768,28.367584228515625,0,256
001_ABC,41025,106331,0.9997406005859376,74.53786206408404,35.43323771158854,0,256
001_ABC,41025,106587,0.9908599853515624,73.55437749624252,48.47882080078125,0,256
001_ABC,41025,106843,0.9986419677734376,84.5804424136877,51.02673848470052,0,256
001_ABC,41025,107099,1.0,82.22604095097631,44.65302530924479,0,256
001_ABC,41025,107355,1.0,76.7511144017335,39.35999043782552,0,256
001_ABC,41025,107611,1.0,85.35023850854486,38.97498575846354,0,256
001_ABC,41025,107867,0.995849609375,74.52053923509084,36.1667734781901,0,256
001_ABC,41025,108123,0.9273223876953124,66.78854320943356,31.21283467610677,0,256
001_ABC,41025,108379,0.0840606689453125,38.14262379868888,7.689107259114583,0,256
001_ABC,41281,106075,0.996124267578125,77.10949464491569,30.45984395345052,0,256
001_ABC,41281,106331,1.0,69.36771158850752,29.215418497721355,0,256
001_ABC,41281,106587,1.0,76.36807082500309,32.49190266927084,0,256
001_ABC,41281,106843,1.0,77.85457808873616,33.33074951171875,0,256
001_ABC,41281,107099,0.9989166259765624,77.28951811417937,33.47844950358073,0,256
001_ABC,41281,107355,1.0,90.19112397520804,36.56140645345052,0,256
001_ABC,41281,107611,0.912261962890625,96.36587560153566,41.00244140625,0,256
001_ABC,41281,107867,0.966888427734375,100.23783873929642,48.34111022949219,0,256
001_ABC,41281,108123,0.9212188720703124,81.18702602386475,46.5819091796875,0,256
001_ABC,41281,108379,0.001800537109375,38.95959448814392,6.1121978759765625,0,256
001_ABC,41281,112475,0.722412109375,77.4381810517516,27.33298746744792,0,256
001_ABC,41537,106075,1.0,68.71553540392779,31.86431884765625,0,256
001_ABC,41537,106331,1.0,69.11489852424711,32.601806640625,0,256
001_ABC,41537,106587,1.0,72.00447186059318,34.0101572672526,0,256
001_ABC,41537,106843,0.9982147216796876,80.00008068978786,32.575948079427086,0,256
001_ABC,41537,107099,0.9969482421875,79.34640368446708,32.35663350423177,0,256
001_ABC,41537,107355,0.9954071044921876,89.61973690218292,31.10272725423177,0,256
001_ABC,41537,107611,0.8802947998046875,88.61167073971592,39.74117533365885,0,256
001_ABC,41537,107867,0.967559814453125,105.05693041882478,57.62654113769531,0,256
001_ABC,41537,108123,0.4855804443359375,65.69698370900005,27.652781168619796,0,256
001_ABC,41537,108379,0.0026702880859375,40.02639535604976,6.319351196289063,0,256
001_ABC,41537,112219,0.9407958984375,86.75187211646698,32.47635396321615,0,256
001_ABC,41537,112475,1.0,80.83455057349056,33.46510314941406,0,256
001_ABC,41537,112731,0.9827728271484376,81.86382591631263,31.202463785807293,0,256
001_ABC,41537,112987,0.3509368896484375,58.73718824214302,15.700180053710938,0,256
001_ABC,41793,106075,0.9982757568359376,70.93760325666517,29.12142944335937,0,256
001_ABC,41793,106331,1.0,74.03825594834052,29.99655659993489,0,256
001_ABC,41793,106587,0.999725341796875,75.44615229754709,35.61068216959635,0,256
001_ABC,41793,106843,0.99908447265625,83.66946853674017,36.21661885579427,0,256
001_ABC,41793,107099,0.999267578125,80.25749829201959,36.17228698730469,0,256
001_ABC,41793,107355,0.994171142578125,80.11462398990989,33.3980712890625,0,256
001_ABC,41793,107611,0.9970855712890624,77.43794785439968,36.04366556803385,0,256
001_ABC,41793,107867,0.7190399169921875,74.20357386674732,29.26195271809896,0,256
001_ABC,41793,108123,0.0179901123046875,42.2832657599356,7.340688069661458,0,256
001_ABC,41793,108379,0.0,41.171079508028924,6.401743570963542,0,256
001_ABC,41793,110683,0.8467559814453125,72.90894569619559,21.70662434895833,0,256
001_ABC,41793,110939,0.8945159912109375,73.57529288437217,25.314341227213543,0,256
001_ABC,41793,111195,0.94580078125,74.23223241325468,24.125035603841145,0,256
001_ABC,41793,111451,0.9003448486328125,79.4470941403415,24.16015625,0,256
001_ABC,41793,111707,0.7210540771484375,72.4151956026908,24.65392557779948,0,256
001_ABC,41793,111963,0.9089813232421876,85.22532416298054,35.21692911783854,0,256
001_ABC,41793,112219,0.9088287353515624,87.25648027076386,34.357086181640625,0,256
001_ABC,41793,112475,1.0,81.60037747677416,35.73002624511719,0,256
001_ABC,41793,112731,0.9995880126953124,86.32730233832262,33.61426798502604,0,256
001_ABC,41793,112987,0.963165283203125,79.29525852110237,35.12699890136719,0,256
001_ABC,41793,113243,0.12689208984375,54.70301057375036,10.101781209309896,0,256
001_ABC,42049,106075,0.9432525634765624,82.68672934826463,28.34980773925781,0,256
001_ABC,42049,106331,1.0,69.08570520929061,28.02576192220052,0,256
001_ABC,42049,106587,0.98541259765625,83.00095909461379,38.01207987467448,0,256
001_ABC,42049,106843,0.9960784912109376,85.87508149351925,37.73590087890625,0,256
001_ABC,42049,107099,1.0,82.5575554734096,36.90550740559896,0,256
001_ABC,42049,107355,0.9609527587890624,85.745321421884,34.60931905110677,0,256
001_ABC,42049,107611,0.3845672607421875,61.10961912572384,15.77027384440104,0,256
001_ABC,42049,107867,0.018402099609375,45.54555519274436,7.427968343098958,0,256
001_ABC,42049,108123,0.0,43.12063476420008,6.717274983723958,0,256
001_ABC,42049,108379,0.0,41.49690412334167,6.542226155598958,0,256
001_ABC,42049,110683,0.6665496826171875,68.87383592035621,18.436960856119796,0,256
001_ABC,42049,110939,0.4290924072265625,65.70613134442829,15.39141845703125,0,256
001_ABC,42049,111195,0.2571258544921875,60.81016716896556,12.514017740885416,0,256
001_ABC,42049,111451,0.34771728515625,67.60166138317436,15.713282267252604,0,256
001_ABC,42049,111707,0.4770660400390625,74.29138423665427,20.88636779785156,0,256
001_ABC,42049,111963,0.9785003662109376,88.09130633529276,36.038492838541664,0,256
001_ABC,42049,112219,0.9171295166015624,77.17755879997276,35.03941345214844,0,256
001_ABC,42049,112475,1.0,76.57476748432964,39.77944946289063,0,256
001_ABC,42049,112731,1.0,81.61122936010361,37.51130676269531,0,256
001_ABC,42049,112987,1.0,82.89067181176506,36.15600077311198,0,256
001_ABC,42049,113243,0.5570526123046875,74.47028678818606,22.00905354817708,0,256
001_ABC,42305,106331,0.9687957763671876,75.76156649645418,32.71430969238281,0,256
001_ABC,42305,106587,0.9997406005859376,80.16283912933432,30.65802510579427,0,256
001_ABC,42305,106843,0.99139404296875,80.85119881830178,28.00951131184896,0,256
001_ABC,42305,107099,0.993927001953125,88.70411408599466,39.417816162109375,0,256
001_ABC,42305,107355,0.74444580078125,95.44338055863044,25.405593872070312,0,256
001_ABC,42305,107611,0.0,48.06196346506477,7.4047495524088545,0,256
001_ABC,42305,107867,0.0,46.7108087008819,7.133697509765625,0,256
001_ABC,42305,108123,0.00054931640625,45.0140532606747,7.1318613688151045,0,256
001_ABC,42305,108379,0.0,44.73190308269113,6.970179239908855,0,256
001_ABC,42305,108635,0.0,46.48152361810208,6.9798227945963545,0,256
001_ABC,42305,108891,0.0389251708984375,51.56596980150789,7.92352803548177,0,256
001_ABC,42305,109147,0.385589599609375,67.84889949276112,27.17846171061198,0,256
001_ABC,42305,109403,0.9076385498046876,86.37535255774856,33.5058339436849,0,256
001_ABC,42305,109659,0.8502197265625,86.2115781866014,33.31401570638021,0,256
001_ABC,42305,109915,0.9895782470703124,88.95966027094983,49.01826477050781,0,256
001_ABC,42305,110171,0.8885955810546875,77.93430436379276,32.66449483235677,0,256
001_ABC,42305,110427,0.06939697265625,50.1081887325272,8.433629353841146,0,256
001_ABC,42305,110683,0.3737030029296875,60.24040848924778,18.04811604817708,0,256
001_ABC,42305,110939,0.7820587158203125,74.5007175495848,29.79497782389323,0,256
001_ABC,42305,111195,0.91021728515625,78.93002879968844,29.222437540690105,0,256
001_ABC,42305,111451,0.98797607421875,90.33022570959292,34.105326334635414,0,256
001_ABC,42305,111707,0.642120361328125,80.88587539619766,20.09026590983073,0,256
001_ABC,42305,111963,0.9397125244140624,91.60896606347524,28.306813557942707,0,256
001_ABC,42305,112219,0.329193115234375,68.29339212179184,15.237335205078123,0,256
001_ABC,42305,112475,0.5392913818359375,80.97825227677822,19.889856974283852,0,256
001_ABC,42305,112731,0.9980316162109376,98.8177455791738,36.7154286702474,0,256
001_ABC,42305,112987,1.0,93.18952212459408,37.4613037109375,0,256
001_ABC,42305,113243,0.8526458740234375,92.05602925922722,31.821451822916668,0,256
001_ABC,42561,106331,0.56439208984375,68.85934977210127,22.65941874186198,0,256
001_ABC,42561,106587,1.0,83.93089172895998,33.388834635416664,0,256
001_ABC,42561,106843,1.0,81.25097705773078,34.71855163574219,0,256
001_ABC,42561,107099,0.9998016357421876,90.35112542822026,35.77794901529948,0,256
001_ABC,42561,107355,0.9344635009765624,104.8800783008337,36.69068400065104,0,256
001_ABC,42561,107611,0.03363037109375,49.31563636078499,8.390914916992188,0,256
001_ABC,42561,107867,0.012451171875,48.33748458325863,7.6523793538411455,0,256
001_ABC,42561,108123,0.012908935546875,47.34044621884823,7.557393391927083,0,256
001_ABC,42561,108379,0.02679443359375,48.45998940523714,7.871261596679687,0,256
001_ABC,42561,108635,0.0017242431640625,48.18332281312905,7.300069173177083,0,256
001_ABC,42561,108891,0.160247802734375,54.167801616480574,11.282318115234377,0,256
001_ABC,42561,109147,0.2812957763671875,56.02140785730444,16.138097127278645,0,256
001_ABC,42561,109403,0.33233642578125,62.860533714294434,15.780095418294271,0,256
001_ABC,42561,109659,0.8768310546875,84.27152651525103,29.785756429036457,0,256
001_ABC,42561,109915,0.9827117919921876,85.91558730392717,39.53211466471354,0,256
001_ABC,42561,110171,0.7534637451171875,71.73416270967573,25.082117716471355,0,256
001_ABC,42561,110427,0.392547607421875,61.0757370851934,21.288986206054688,0,256
001_ABC,42561,110683,0.967376708984375,77.87170225288719,36.36033630371094,0,256
001_ABC,42561,110939,0.97711181640625,77.0512535488233,31.949147542317707,0,256
001_ABC,42561,111195,0.999420166015625,78.28006242006086,33.63002014160156,0,256
001_ABC,42561,111451,0.9938201904296876,89.52822840004228,29.976236979166668,0,256
001_ABC,42561,111707,0.892486572265625,98.51549119479024,26.81030782063802,0,256
001_ABC,42561,111963,0.8724822998046875,80.86310721724294,26.38230387369792,0,256
001_ABC,42561,112219,0.00140380859375,49.65887756063603,7.580332438151042,0,256
001_ABC,42561,112475,0.647857666015625,88.102514607599,22.8900146484375,0,256
001_ABC,42561,112731,0.9843597412109376,108.76246856804936,39.76525370279948,0,256
001_ABC,42561,112987,0.9819488525390624,114.22287279902956,43.876007080078125,0,256
001_ABC,42561,113243,0.9122772216796876,87.32465395866893,33.01106262207031,0,256
001_ABC,42561,113499,0.0979156494140625,58.356429857900366,10.746053059895834,0,256
001_ABC,42817,106587,0.9997100830078124,61.96342261857353,32.29744974772135,0,256
001_ABC,42817,106843,1.0,58.01709798630327,30.328135172526043,0,256
001_ABC,42817,107099,1.0,65.35270176827908,33.90201314290365,0,256
001_ABC,42817,107355,1.0,63.46891574538313,36.13204447428385,0,256
001_ABC,42817,107611,0.788726806640625,50.92631274252199,23.721089680989586,0,256
001_ABC,42817,107867,0.3292999267578125,42.18386771902442,11.69959513346354,0,256
001_ABC,42817,108123,0.6756134033203125,52.14210471115075,21.882400512695312,0,256
001_ABC,42817,108379,0.497833251953125,52.44300043210387,18.342564900716145,0,256
001_ABC,42817,108635,0.5139007568359375,61.15336513519287,23.004343668619796,0,256
001_ABC,42817,108891,0.9627838134765624,66.70094758924097,37.33965555826823,0,256
001_ABC,42817,109147,0.7202911376953125,65.5555369888898,25.39452107747396,0,256
001_ABC,42817,109403,0.71917724609375,63.31886431202293,27.81078592936198,0,256
001_ABC,42817,109659,0.4197998046875,52.6947873448953,16.067759195963543,0,256
001_ABC,42817,109915,0.966644287109375,67.1323851943016,32.06396993001302,0,256
001_ABC,42817,110171,0.8554534912109375,58.76041521783918,26.79955037434896,0,256
001_ABC,42817,110427,0.820220947265625,73.34158189501613,33.77657063802084,0,256
001_ABC,42817,110683,0.9947509765625,76.44605771056376,34.72335306803385,0,256
001_ABC,42817,110939,1.0,64.26237135753036,34.00144958496094,0,256
001_ABC,42817,111195,0.994720458984375,69.90372699103318,33.951324462890625,0,256
001_ABC,42817,111451,0.9849853515625,69.32492155930959,27.63543192545573,0,256
001_ABC,42817,111707,0.986114501953125,67.563192515634,29.55892944335937,0,256
001_ABC,42817,111963,0.9247283935546876,61.83344838931225,30.122299194335938,0,256
001_ABC,42817,112219,0.00189208984375,40.25932115316391,7.113454182942708,0,256
001_ABC,42817,112475,0.5217742919921875,54.56980603351258,22.584813435872395,0,256
001_ABC,42817,112731,0.9847564697265624,75.32641144818626,46.65422058105469,0,256
001_ABC,42817,112987,0.986785888671875,69.6466369619593,38.40733337402344,0,256
001_ABC,42817,113243,1.0,67.77524515404366,36.174947102864586,0,256
001_ABC,42817,113499,0.2389678955078125,50.06013721227646,12.76891072591146,0,256
001_ABC,43073,106587,0.8045501708984375,61.30342902150005,29.05812581380208,0,256
001_ABC,43073,106843,1.0,56.55996463354677,34.66841125488281,0,256
001_ABC,43073,107099,0.9999542236328124,58.36969870678149,34.3006591796875,0,256
001_ABC,43073,107355,1.0,62.07784616854042,32.32597859700521,0,256
001_ABC,43073,107611,1.0,57.366402799030766,29.77331034342448,0,256
001_ABC,43073,107867,0.9987030029296876,52.64785139914602,30.03392537434896,0,256
001_ABC,43073,108123,0.9378509521484376,59.47208763565868,26.10859680175781,0,256
001_ABC,43073,108379,0.591400146484375,61.99073838815093,23.556421915690105,0,256
001_ABC,43073,108635,0.9512176513671876,74.080338034546,37.47870381673177,0,256
001_ABC,43073,108891,1.0,75.35281188017689,42.0017344156901,0,256
001_ABC,43073,109147,0.922393798828125,83.0534280501306,38.56926472981771,0,256
001_ABC,43073,109403,0.973175048828125,71.26878309226595,34.32500203450521,0,256
001_ABC,43073,109659,0.485015869140625,56.86814732011408,21.270304361979168,0,256
001_ABC,43073,109915,1.0,69.34926840267144,37.32287089029948,0,256
001_ABC,43073,110171,1.0,64.71301098144613,33.430094401041664,0,256
001_ABC,43073,110427,0.927520751953125,78.98270233627409,30.431925455729168,0,256
001_ABC,43073,110683,0.9007568359375,70.94712012633681,26.48415120442708,0,256
001_ABC,43073,110939,0.9874725341796876,71.33453097566962,30.968043009440105,0,256
001_ABC,43073,111195,0.998687744140625,78.79833528026938,36.8338877360026,0,256
001_ABC,43073,111451,1.0,91.56651059142314,44.6745859781901,0,256
001_ABC,43073,111707,0.969940185546875,68.78811034467071,30.82378641764323,0,256
001_ABC,43073,111963,0.5838165283203125,60.98958097398281,20.102584838867188,0,256
001_ABC,43073,112219,0.003631591796875,41.80520626530051,7.0443878173828125,0,256
001_ABC,43073,112475,0.05078125,44.75193283497356,7.788625081380208,0,256
001_ABC,43073,112731,0.4315185546875,59.11233466863632,19.60479227701823,0,256
001_ABC,43073,112987,1.0,71.34380262997001,39.54854329427084,0,256
001_ABC,43073,113243,1.0,73.72806457220577,40.08348083496094,0,256
001_ABC,43073,113499,0.3497161865234375,60.41251526772976,16.775772094726562,0,256
001_ABC,43329,106843,0.804351806640625,59.80364969279617,26.533594767252605,0,256
001_ABC,43329,107099,0.9999847412109376,64.90685221343301,33.22905476888021,0,256
001_ABC,43329,107355,0.999847412109375,64.48693975969218,29.037139892578125,0,256
001_ABC,43329,107611,1.0,61.22477914299816,30.817525227864586,0,256
001_ABC,43329,107867,1.0,61.081605057930574,31.42699686686198,0,256
001_ABC,43329,108123,0.999298095703125,63.26562704052776,30.8084716796875,0,256
001_ABC,43329,108379,1.0,71.41536178812385,37.49535115559896,0,256
001_ABC,43329,108635,1.0,84.17619058652781,41.60948181152344,0,256
001_ABC,43329,108891,1.0,90.85716803278774,43.77668253580729,0,256
001_ABC,43329,109147,0.9923095703125,87.42797027528286,36.61546325683594,0,256
001_ABC,43329,109403,0.7678680419921875,71.78176915436052,26.21184794108073,0,256
001_ABC,43329,109659,0.410308837890625,56.72960969037376,17.476816813151043,0,256
001_ABC,43329,109915,1.0,79.18984916782938,41.207539876302086,0,256
001_ABC,43329,110171,1.0,71.74688237905502,44.46049499511719,0,256
001_ABC,43329,110427,0.9354400634765624,78.45156950852834,35.078023274739586,0,256
001_ABC,43329,110683,0.8980255126953125,74.52253131917678,27.198048909505207,0,256
001_ABC,43329,110939,1.0,82.15877422667108,44.31428019205729,0,256
001_ABC,43329,111195,1.0,78.21738688996993,42.37337748209635,0,256
001_ABC,43329,111451,1.0,80.45331738796085,44.69529724121094,0,256
001_ABC,43329,111707,0.91119384765625,83.8935354349669,39.40370178222656,0,256
001_ABC,43329,111963,0.1740570068359375,48.86057389504276,11.964640299479166,0,256
001_ABC,43329,112219,0.0,41.98992919921875,6.868489583333333,0,256
001_ABC,43329,112475,0.0690155029296875,45.61307403235696,8.870951334635416,0,256
001_ABC,43329,112731,0.5433349609375,66.19039603695273,23.56201680501302,0,256
001_ABC,43329,112987,1.0,79.58142074104398,40.1374257405599,0,256
001_ABC,43329,113243,1.0,78.41094885556959,40.6769765218099,0,256
001_ABC,43329,113499,0.432403564453125,63.08630782715045,20.997111002604168,0,256
001_ABC,43585,107099,0.8348846435546875,63.80918596684933,31.33884175618489,0,256
001_ABC,43585,107355,0.9593048095703124,71.98309796210378,28.5477294921875,0,256
001_ABC,43585,107611,0.8393707275390625,62.44347688183189,26.15075174967448,0,256
001_ABC,43585,107867,0.543853759765625,54.06713783368468,17.823842366536457,0,256
001_ABC,43585,108123,0.42529296875,53.30003027222119,16.859364827473957,0,256
001_ABC,43585,108379,0.508026123046875,65.33881166367792,21.92504374186198,0,256
001_ABC,43585,108635,0.8108673095703125,78.46321432944387,31.233627319335938,0,256
001_ABC,43585,108891,0.9974517822265624,82.84676682553254,41.6916249593099,0,256
001_ABC,43585,109147,0.8470458984375,72.23894330277108,28.346832275390625,0,256
001_ABC,43585,109403,0.2061614990234375,55.1679265499115,11.92540995279948,0,256
001_ABC,43585,109659,0.8789520263671875,85.35574749764055,34.640787760416664,0,256
001_ABC,43585,109915,1.0,94.89651161595248,53.57275899251302,0,256
001_ABC,43585,110171,1.0,71.6272088882979,41.27869669596354,0,256
001_ABC,43585,110427,0.9761962890625,65.14899477898143,30.419138590494796,0,256
001_ABC,43585,110683,0.9357452392578124,72.94041512906551,35.57647705078125,0,256
001_ABC,43585,110939,0.9439239501953124,83.6151409111917,37.71683247884115,0,256
001_ABC,43585,111195,0.8051605224609375,73.27668256964535,27.13213602701823,0,256
001_ABC,43585,111451,0.458526611328125,64.6168294379022,19.858022054036457,0,256
001_ABC,43585,111707,0.1559600830078125,49.04341870453209,11.631978352864584,0,256
001_ABC,43585,111963,0.0,42.40967305167578,6.739949544270833,0,256
001_ABC,43585,112219,0.2420501708984375,56.70807598507963,16.595616658528645,0,256
001_ABC,43585,112475,0.982391357421875,90.90327304508536,48.627665201822914,0,256
001_ABC,43585,112731,1.0,93.24954481585884,42.0623779296875,0,256
001_ABC,43585,112987,1.0,76.52478665020317,39.87847391764323,0,256
001_ABC,43585,113243,1.0,79.40265493816696,42.99157206217448,0,256
001_ABC,43585,113499,0.3585052490234375,65.62626818474382,19.32805887858073,0,256
001_ABC,43841,108379,0.6993865966796875,74.95330267772079,31.763412475585938,0,256
001_ABC,43841,108635,0.9130859375,93.17099164426328,37.89301554361979,0,256
001_ABC,43841,108891,0.989654541015625,83.50809663324617,35.14776102701823,0,256
001_ABC,43841,109147,0.8453521728515625,89.2271487803664,36.37174479166666,0,256
001_ABC,43841,109403,0.962127685546875,102.73790457635188,38.11152140299479,0,256
001_ABC,43841,109659,0.9824676513671876,103.6383358091116,40.5653330485026,0,256
001_ABC,43841,109915,0.9660186767578124,103.35689902305604,49.26642862955729,0,256
001_ABC,43841,110171,0.875885009765625,88.01948359771632,36.8356679280599,0,256
001_ABC,43841,110427,0.96533203125,83.84036949067377,32.93526204427084,0,256
001_ABC,43841,110683,0.9162750244140624,82.52036012499593,29.93689473470052,0,256
001_ABC,43841,110939,0.3630828857421875,61.04051065072417,15.677490234375,0,256
001_ABC,43841,111195,0.018463134765625,46.05040637380444,6.458475748697917,0,256
001_ABC,43841,111451,0.0,41.6851110458374,6.0815785725911455,0,256
001_ABC,43841,111707,0.0,42.41057903855108,6.916463216145833,0,256
001_ABC,43841,111963,0.0005340576171875,41.17186286649667,6.963882446289063,0,256
001_ABC,43841,112219,0.6337432861328125,85.00388931087218,33.20015970865885,0,256
001_ABC,43841,112475,1.0,105.05816510971636,57.13007100423177,0,256
001_ABC,43841,112731,0.996826171875,103.40181689616291,43.40476481119792,0,256
001_ABC,43841,112987,0.99969482421875,110.6192795773968,50.70512898763021,0,256
001_ABC,43841,113243,0.727142333984375,86.80885162181221,35.01677449544271,0,256
001_ABC,44097,108635,0.6705474853515625,87.83602975215763,28.189224243164062,0,256
001_ABC,44097,108891,0.99993896484375,101.94094554241748,36.25540669759115,0,256
001_ABC,44097,109147,0.999603271484375,98.5744618140161,36.36473592122396,0,256
001_ABC,44097,109403,0.689910888671875,94.54358789674006,25.173568725585938,0,256
001_ABC,44097,109659,0.265533447265625,61.33687132759951,14.031911214192707,0,256
001_ABC,44097,109915,0.24462890625,56.45418724021874,16.618194580078125,0,256
001_ABC,44097,112219,0.9998626708984376,109.51635336875916,54.324849446614586,0,256
001_ABC,44097,112475,1.0,139.06778090796433,62.85318501790365,0,256
001_ABC,44097,112731,0.9997100830078124,135.1545926919207,56.60400390625,0,256
001_ABC,44097,112987,0.999420166015625,126.53278821497224,50.358978271484375,0,256
001_ABC,44097,113243,0.251495361328125,63.66132552083582,13.990097045898438,0,256
001_ABC,44353,108891,0.49273681640625,74.35888634622097,18.440948486328125,0,256
001_ABC,44353,109147,0.70501708984375,91.24352771951816,27.89348856608073,0,256
001_ABC,44353,109403,0.6501617431640625,133.4838427749928,31.264129638671875,0,256
001_ABC,44353,112219,0.8385009765625,109.86517962790094,35.91747029622396,0,256
001_ABC,44353,112475,0.80364990234375,131.7504716506228,42.264790852864586,0,256
001_ABC,44353,112731,0.5657958984375,115.11081418022512,27.456090291341145,0,256
001_ABC,44353,112987,0.850738525390625,135.92494973167777,40.68810526529948,0,256
001_ABC,44353,113243,0.5672149658203125,104.65360670909286,25.36448160807292,0,256
001_ABC,44609,112219,0.9092254638671876,107.8772437563166,45.65419006347656,0,256
001_ABC,44609,112475,1.0,132.44357657432556,52.90174865722656,0,256
001_ABC,44609,112731,0.8539276123046875,87.53198723657988,52.31219991048177,0,256
001_ABC,44609,112987,0.998199462890625,130.9575580114033,50.8542226155599,0,256
001_ABC,44609,113243,0.794525146484375,105.28083002194762,42.390228271484375,0,256
001_ABC,44865,112219,0.9999237060546876,81.01039275154471,65.41656494140625,0,256
001_ABC,44865,112475,1.0,72.23733511194587,67.87487284342448,0,256
001_ABC,44865,112731,1.0,69.28912236890756,63.93423970540365,0,256
001_ABC,44865,112987,0.99786376953125,70.01314261346124,57.48326110839844,0,256
001_ABC,44865,113243,0.8911285400390625,73.6313585601747,42.95751953125,0,256
001_ABC,45121,112219,0.9992218017578124,85.36760164587758,71.49817911783855,0,256
001_ABC,45121,112475,1.0,80.44764243066311,69.61522420247395,0,256
001_ABC,45121,112731,1.0,81.55356611101888,65.52895609537761,0,256
001_ABC,45121,112987,1.0,78.93509368761443,64.28961690266927,0,256
001_ABC,45121,113243,0.6471099853515625,73.77457933477126,34.673014322916664,0,256
001_ABC,45377,112219,1.0,87.92016386985779,70.59346516927083,0,256
001_ABC,45377,112475,1.0,89.2324350324925,66.65462239583333,0,256
001_ABC,45377,112731,1.0,96.64016531407832,65.16367594401042,0,256
001_ABC,45377,112987,0.993743896484375,91.09284383710474,60.575103759765625,0,256
001_ABC,45377,113243,0.5476226806640625,79.22810332640074,29.43443298339844,0,256
001_ABC,45633,112219,1.0,87.18315907940269,65.01188659667969,0,256
001_ABC,45633,112475,1.0,82.44500182569027,59.70775858561198,0,256
001_ABC,45633,112731,1.0,95.10062752664088,66.31155904134114,0,256
001_ABC,45633,112987,1.0,92.70577199663968,64.38279724121094,0,256
001_ABC,45633,113243,0.9997100830078124,96.25965293101036,51.89977518717448,0,256
001_ABC,45633,113499,0.51904296875,71.10946422442794,27.223114013671875,0,256
001_ABC,45889,112219,0.9711151123046876,89.38740199804306,61.24176025390625,0,256
001_ABC,45889,112475,1.0,88.18395900726318,65.3717041015625,0,256
001_ABC,45889,112731,1.0,100.81279979646206,64.02670288085938,0,256
001_ABC,45889,112987,0.999237060546875,88.4682896824088,70.5965067545573,0,256
001_ABC,45889,113243,0.996673583984375,95.86964900954628,70.0743916829427,0,256
001_ABC,45889,113499,0.8830108642578125,81.35974649316631,64.88114420572917,0,256
001_ABC,46145,112219,0.5478057861328125,78.48132990091108,37.6490224202474,0,256
001_ABC,46145,112475,1.0,89.8843305350747,67.39836120605469,0,256
001_ABC,46145,112731,1.0,102.74827954079956,67.59177144368489,0,256
001_ABC,46145,112987,0.999786376953125,102.61289965710604,70.26026407877605,0,256
001_ABC,46145,113243,1.0,98.407724523684,60.268890380859375,0,256
001_ABC,46145,113499,0.7294769287109375,86.1727147065103,36.23568216959635,0,256
001_ABC,46401,112475,0.32958984375,74.27956739789806,23.442515055338543,0,256
001_ABC,46401,112731,0.8784637451171875,102.43727135565132,50.42828877766927,0,256
001_ABC,46401,112987,1.0,103.98416696488856,52.71446736653646,0,256
001_ABC,46401,113243,1.0,105.1589707878884,49.51541646321615,0,256
001_ABC,46401,113499,0.8513946533203125,101.88703831820747,43.41885884602865,0,256
001_ABC,46657,112475,0.316375732421875,68.26218108995818,21.350941975911457,0,256
001_ABC,46657,112731,0.86419677734375,99.04007228836416,40.16867065429688,0,256
001_ABC,46657,112987,1.0,101.90930130705236,46.59168497721354,0,256
001_ABC,46657,113243,1.0,102.2806514648255,50.63994852701823,0,256
001_ABC,46657,113499,0.7712249755859375,93.31053139921278,36.61408487955729,0,256
001_ABC,46913,112475,0.770599365234375,89.33085608389229,54.91533406575521,0,256
001_ABC,46913,112731,0.99658203125,130.21210366114974,60.21790568033854,0,256
001_ABC,46913,112987,0.987274169921875,119.2785253142938,54.64757792154948,0,256
001_ABC,46913,113243,1.0,87.37097251042724,49.19402058919271,0,256
001_ABC,46913,113499,0.28460693359375,54.783843516372144,16.33721415201823,0,256
001_ABC,47169,112475,0.656982421875,78.42087978101335,42.316802978515625,0,256
001_ABC,47169,112731,0.9707489013671876,89.7599212450441,47.59290059407552,0,256
001_ABC,47169,112987,0.9870452880859376,107.22253346070649,48.887837727864586,0,256
001_ABC,47169,113243,0.63153076171875,77.78369128680788,27.70910135904948,0,256
001_ABC,47425,112475,0.3551025390625,72.62176364660263,22.102396647135414,0,256
001_ABC,47425,112731,0.31884765625,64.04847538098693,17.611902872721355,0,256
001_ABC,47425,112987,0.37261962890625,66.95888696610928,23.21543884277344,0,256
001_ABC,47425,113243,0.0,54.44746868847869,7.582041422526042,0,256
001_ABC,47681,111963,0.9954681396484376,87.94975224859081,50.40911865234375,0,256
001_ABC,47681,112219,1.0,85.53254652000032,45.74837748209635,0,256
001_ABC,47681,112475,0.5067291259765625,70.33146341796964,29.98899332682292,0,256
001_ABC,47681,112731,0.191070556640625,58.359649285674095,13.547190348307293,0,256
001_ABC,47681,112987,0.0283966064453125,51.2045514434576,8.290420532226562,0,256
001_ABC,47681,113243,0.004730224609375,51.49569568200968,7.369659423828125,0,256
001_ABC,47937,111707,0.567352294921875,72.29933523293585,29.604568481445312,0,256
001_ABC,47937,111963,1.0,92.05117165204138,56.90970865885416,0,256
001_ABC,47937,112219,1.0,96.3182378858328,50.78009541829427,0,256
001_ABC,47937,112475,0.805938720703125,84.45901906117797,43.86749267578125,0,256
001_ABC,47937,112731,0.579132080078125,86.61748298630118,35.232421875,0,256
001_ABC,47937,112987,0.6024322509765625,84.28831826313399,26.21490987141927,0,256
001_ABC,47937,113243,0.0138397216796875,53.69871572009288,8.074234008789062,0,256
001_ABC,48193,111451,0.6258392333984375,109.7274159155786,34.1009775797526,0,256
001_ABC,48193,111707,0.98785400390625,95.6789638211485,59.67345174153646,0,256
001_ABC,48193,111963,1.0,97.90090841054916,61.96753438313802,0,256
001_ABC,48193,112219,1.0,92.350021651946,54.9524180094401,0,256
001_ABC,48193,112475,1.0,114.61462808190844,59.76567077636719,0,256
001_ABC,48193,112731,1.0,124.7730050717946,50.142679850260414,0,256
001_ABC,48193,112987,1.0,119.7457267937716,48.158203125,0,256
001_ABC,48193,113243,0.4053955078125,74.86510182078928,21.992823282877605,0,256
001_ABC,48449,111451,1.0,138.72366995899938,62.53119913736979,0,256
001_ABC,48449,111707,1.0,117.0806970836129,63.866536458333336,0,256
001_ABC,48449,111963,1.0,98.309521186864,56.23316955566406,0,256
001_ABC,48449,112219,1.0,102.90471558063292,54.69273885091146,0,256
001_ABC,48449,112475,1.0,112.28297126642428,44.67291768391927,0,256
001_ABC,48449,112731,1.0,111.97744223079644,50.62309265136719,0,256
001_ABC,48449,112987,0.9232940673828124,106.40713199204764,49.7575429280599,0,256
001_ABC,48449,113243,0.16448974609375,65.83230557199568,13.092112223307293,0,256
001_ABC,48705,111195,0.9793701171875,92.676970343804,49.98036702473959,0,256
001_ABC,48705,111451,0.9998779296875,92.0966261138674,47.98004659016927,0,256
001_ABC,48705,111707,0.9738311767578124,87.15843990352005,44.013580322265625,0,256
001_ABC,48705,111963,1.0,75.01502603269182,50.10806783040365,0,256
001_ABC,48705,112219,1.0,89.07310340530239,45.807525634765625,0,256
001_ABC,48705,112475,0.995208740234375,91.41081522405148,44.2576904296875,0,256
001_ABC,48705,112731,0.9383697509765624,95.46034608781338,43.92637634277344,0,256
001_ABC,48705,112987,0.2153472900390625,60.49861515662633,15.930333455403646,0,256
001_ABC,48961,110939,0.970306396484375,76.30653236038052,48.977071126302086,0,256
001_ABC,48961,111195,0.9992828369140624,70.91409234609455,49.28062947591146,0,256
001_ABC,48961,111451,1.0,71.21116345538758,47.11764526367188,0,256
001_ABC,48961,111707,0.999420166015625,73.48738729581237,50.62401326497396,0,256
001_ABC,48961,111963,1.0,59.8026263481006,46.19950358072917,0,256
001_ABC,48961,112219,1.0,58.40301116928458,43.748270670572914,0,256
001_ABC,48961,112475,0.9973907470703124,61.8552193492651,41.55253601074219,0,256
001_ABC,48961,112731,0.88262939453125,70.8354607669171,39.06060791015625,0,256
001_ABC,49217,110939,1.0,82.23370015528053,48.416646321614586,0,256
001_ABC,49217,111195,0.9999847412109376,72.58774371421896,42.13166300455729,0,256
001_ABC,49217,111451,1.0,69.67614020011388,42.97996520996094,0,256
001_ABC,49217,111707,1.0,76.78089976101182,46.024993896484375,0,256
001_ABC,49217,111963,0.9983978271484376,65.97761417157017,48.89885965983073,0,256
001_ABC,49217,112219,1.0,65.65803740522824,43.51412455240885,0,256
001_ABC,49217,112475,0.9983673095703124,66.08319844841026,44.51483154296875,0,256
001_ABC,49217,112731,0.689239501953125,66.67158684669994,29.224019368489586,0,256
001_ABC,49473,110683,0.756744384765625,75.46930913231336,29.49631245930989,0,256
001_ABC,49473,110939,1.0,78.31713834032416,49.35162353515625,0,256
001_ABC,49473,111195,1.0,76.14086320623755,44.59593200683594,0,256
001_ABC,49473,111451,1.0,72.64768926030956,40.77826436360677,0,256
001_ABC,49473,111707,1.0,79.31798988743685,42.69238789876302,0,256
001_ABC,49473,111963,1.0,78.15048128273338,44.44214884440104,0,256
001_ABC,49473,112219,0.958648681640625,67.7111641606316,40.87311808268229,0,256
001_ABC,49473,112475,0.6269683837890625,67.9810180068016,25.067428588867188,0,256
001_ABC,49473,112731,0.1954498291015625,54.713943410431966,12.629165649414062,0,256
001_ABC,49729,110427,0.997039794921875,92.45940743363462,35.69181823730469,0,256
001_ABC,49729,110683,1.0,83.17741322307847,38.75320943196615,0,256
001_ABC,49729,110939,0.9999237060546876,95.33204646944068,46.004801432291664,0,256
001_ABC,49729,111195,0.9990997314453124,88.00862580700777,39.02389017740885,0,256
001_ABC,49729,111451,0.9895172119140624,94.1139058766421,43.11112467447917,0,256
001_ABC,49729,111707,1.0,80.27010677754879,48.29009501139323,0,256
001_ABC,49729,111963,0.972686767578125,70.44594552530907,41.05596415201823,0,256
001_ABC,49729,112219,0.3813323974609375,60.124343769392,19.97166951497396,0,256
001_ABC,49985,110427,0.9837493896484376,84.27201620838605,31.31431579589844,0,256
001_ABC,49985,110683,1.0,96.78582317917608,39.16800944010416,0,256
001_ABC,49985,110939,1.0,92.03161736950278,39.05766805013021,0,256
001_ABC,49985,111195,1.0,94.51594184990972,36.556294759114586,0,256
001_ABC,49985,111451,1.0,108.608119844459,42.3626963297526,0,256
001_ABC,49985,111707,0.9996337890625,89.08759287651628,37.01496378580729,0,256
001_ABC,49985,111963,0.6336212158203125,68.54361475235783,25.578653971354168,0,256
001_ABC,50241,110171,0.89154052734375,80.34799511334859,29.24041748046875,0,256
001_ABC,50241,110427,0.9916229248046876,79.92946474906057,29.967361450195312,0,256
001_ABC,50241,110683,0.99444580078125,86.41575716435909,30.86638895670573,0,256
001_ABC,50241,110939,1.0,90.57605415210128,36.97517395019531,0,256
001_ABC,50241,111195,0.9848175048828124,104.04325023200364,32.8569081624349,0,256
001_ABC,50241,111451,0.86700439453125,104.89332520007156,29.577809651692707,0,256
001_ABC,50241,111707,0.807647705078125,85.29536558594555,28.85116577148437,0,256
001_ABC,50497,109915,0.9284210205078124,92.58634208142756,33.015157063802086,0,256
001_ABC,50497,110171,0.9996795654296876,88.06738453707658,38.18163553873698,0,256
001_ABC,50497,110427,0.997711181640625,98.23782952781768,33.184183756510414,0,256
001_ABC,50497,110683,0.9997711181640624,96.50797191611493,31.441574096679688,0,256
001_ABC,50497,110939,0.9959869384765624,100.11576283886096,31.556798299153645,0,256
001_ABC,50497,111195,0.8562164306640625,99.19320365414023,24.668797810872395,0,256
001_ABC,50497,111451,0.43170166015625,78.83348871674389,16.04529317220052,0,256
001_ABC,50753,109659,0.995941162109375,91.61918468680231,32.45765177408854,0,256
001_ABC,50753,109915,0.99945068359375,83.72147298580967,35.97460428873698,0,256
001_ABC,50753,110171,0.999603271484375,78.03317500813864,35.43109130859375,0,256
001_ABC,50753,110427,1.0,70.51621263264678,32.195576985677086,0,256
001_ABC,50753,110683,0.9998321533203124,80.79966796166264,36.12920125325521,0,256
001_ABC,50753,110939,0.6862640380859375,72.14906255132519,20.73998006184896,0,256
001_ABC,51009,109659,0.9995269775390624,81.59722135937773,33.95977783203125,0,256
001_ABC,51009,109915,0.9994049072265624,70.13653556909412,32.521820068359375,0,256
001_ABC,51009,110171,1.0,58.32453000172973,30.649729410807293,0,256
001_ABC,51009,110427,1.0,62.82674428448081,35.1124267578125,0,256
001_ABC,51009,110683,0.9317626953125,59.66968500241637,29.70729573567708,0,256
001_ABC,51009,110939,0.6855926513671875,60.054504237137735,19.92889912923177,0,256
001_ABC,51265,109659,0.9973907470703124,84.34167539491318,35.59190877278646,0,256
001_ABC,51265,109915,1.0,83.89308028458618,38.97839864095052,0,256
001_ABC,51265,110171,0.9784698486328124,82.54162539448589,36.03428649902344,0,256
001_ABC,51265,110427,1.0,70.62735055293888,32.02540588378906,0,256
001_ABC,51265,110683,0.916290283203125,66.85114614269696,25.626993815104168,0,256
001_ABC,51265,110939,0.5818634033203125,60.22204910218716,17.969314575195312,0,256
001_ABC,51521,109659,0.9197998046875,90.39978800714016,25.192921956380207,0,256
001_ABC,51521,109915,0.995025634765625,99.68011963902973,31.845372517903645,0,256
001_ABC,51521,110171,0.996337890625,92.93864848441444,29.250376383463543,0,256
001_ABC,51521,110427,0.98004150390625,83.71145774028264,28.75556945800781,0,256
001_ABC,51521,110683,0.9055328369140624,72.85096195689403,22.5980224609375,0,256
001_ABC,51777,109403,0.632293701171875,91.9628807157278,21.240397135416668,0,256
001_ABC,51777,109659,0.8524627685546875,91.7105157226324,25.570973714192707,0,256
001_ABC,51777,109915,0.91705322265625,82.75849721743725,25.00399780273437,0,256
001_ABC,51777,110171,0.9668121337890624,79.90801900532097,22.60277811686198,0,256
001_ABC,51777,110427,0.96649169921875,81.93914794828743,24.556447347005207,0,256
001_ABC,52033,108379,0.7077178955078125,88.93641405901872,39.563618977864586,0,256
001_ABC,52033,108635,0.983551025390625,112.28574697277509,54.88581848144531,0,256
001_ABC,52033,108891,0.9989471435546876,90.68517060554586,35.93211364746094,0,256
001_ABC,52033,109147,0.905731201171875,88.15387243032455,26.510162353515625,0,256
001_ABC,52033,109403,0.8243255615234375,83.89679384580813,30.90245056152344,0,256
001_ABC,52033,109659,0.98284912109375,90.004424929386,34.981669108072914,0,256
001_ABC,52033,109915,0.6850433349609375,93.59156684181652,19.82843526204427,0,256
001_ABC,52289,108379,1.0,110.34209953597748,45.3287099202474,0,256
001_ABC,52289,108635,1.0,94.00660856044853,46.673929850260414,0,256
001_ABC,52289,108891,1.0,104.32907949923538,38.72652180989584,0,256
001_ABC,52289,109147,0.9996795654296876,119.24226608499885,32.71681213378906,0,256
001_ABC,52289,109403,1.0,107.84329713671468,38.37935892740885,0,256
001_ABC,52289,109659,0.9322052001953124,98.29569612443449,31.56322733561198,0,256
001_ABC,52289,109915,0.3241119384765625,76.33692496805452,14.66912841796875,0,256
001_ABC,52545,108379,1.0,151.5809816045221,36.2290293375651,0,256
001_ABC,52545,108635,1.0,218.5916315531358,53.52562459309896,0,256
001_ABC,52545,108891,1.0,140.61973476409912,43.16534932454427,0,256
001_ABC,52545,109147,1.0,122.99686136469244,39.21832275390625,0,256
001_ABC,52545,109403,0.8737945556640625,117.78898498322816,35.36078389485677,0,256
001_ABC,52545,109659,0.2112274169921875,69.24825409776531,14.223180135091146,0,256
001_ABC,52801,108379,0.9991607666015624,73.8815530501306,36.80793253580729,0,256
001_ABC,52801,108635,0.9998779296875,108.43736267089844,38.28763834635416,0,256
001_ABC,52801,108891,0.998931884765625,101.9651250243187,48.742268880208336,0,256
001_ABC,52801,109147,0.98876953125,72.76856329641305,36.69458516438802,0,256
001_ABC,52801,109403,0.3706512451171875,62.77666938211769,17.00372823079427,0,256
001_ABC,53057,108379,0.967041015625,54.5243444442749,31.185170491536457,0,256
001_ABC,53057,108635,0.984588623046875,60.17884451127611,31.390920003255207,0,256
001_ABC,53057,108891,0.9754486083984376,64.40405073179863,44.63448588053385,0,256
001_ABC,53057,109147,0.5527191162109375,51.92629689327441,20.088638305664062,0,256
001_ABC,53313,108123,0.8641510009765625,61.52573694824241,30.6279296875,0,256
001_ABC,53313,108379,0.7397918701171875,57.46184054668993,27.767115275065105,0,256
001_ABC,53313,108635,0.882476806640625,64.91223924397491,23.79331970214844,0,256
001_ABC,53313,108891,0.447845458984375,56.02268626447767,15.309341430664062,0,256
001_ABC,62466,81621,0.6984100341796875,69.6119043061044,23.027150472005207,0,256
001_ABC,62466,81877,0.592437744140625,71.37993325828575,21.210678100585938,0,256
001_ABC,62466,82133,0.6309967041015625,70.75799608137459,21.037241617838543,0,256
001_ABC,62466,82389,0.75958251953125,68.69043312012218,22.828928629557293,0,256
001_ABC,62466,82645,0.9422760009765624,68.65863070543855,30.137115478515625,0,256
001_ABC,62466,82901,0.5848388671875,61.21400961186737,20.73736572265625,0,256
001_ABC,62722,81365,0.61248779296875,76.13628167822026,21.78638203938802,0,256
001_ABC,62722,81621,0.9271240234375,84.57063940516673,26.09471638997396,0,256
001_ABC,62722,81877,0.8986663818359375,84.76759333140217,27.864466349283852,0,256
001_ABC,62722,82133,0.71783447265625,89.70459785684943,23.021652221679688,0,256
001_ABC,62722,82389,0.798980712890625,72.83167260047048,25.085825602213543,0,256
001_ABC,62722,82645,0.645477294921875,68.62404483556747,19.456314086914062,0,256
001_ABC,62722,82901,0.699920654296875,68.58148842677474,23.348114013671875,0,256
001_ABC,62978,81109,0.7760162353515625,70.45204280107282,25.580454508463543,0,256
001_ABC,62978,81365,0.9798583984375,72.05363002954982,29.827443440755207,0,256
001_ABC,62978,81621,0.9789276123046876,73.88526634103619,28.10943603515625,0,256
001_ABC,62978,81877,0.9804229736328124,76.54594840761274,25.91553243001302,0,256
001_ABC,62978,82133,0.9000396728515625,73.26795442565344,24.19530741373698,0,256
001_ABC,62978,82389,0.5265655517578125,65.52438111952506,18.09800720214844,0,256
001_ABC,62978,82645,0.0173492431640625,35.98250195290893,5.50018310546875,0,256
001_ABC,62978,82901,0.0535125732421875,40.33599984808825,6.935465494791667,0,256
001_ABC,63234,81109,0.9752044677734376,71.69919829792343,31.54573567708333,0,256
001_ABC,63234,81365,1.0,57.325022388016805,32.64881896972656,0,256
001_ABC,63234,81621,1.0,61.58013544767164,30.20639038085937,0,256
001_ABC,63234,81877,0.997894287109375,60.759142173221335,27.104380289713543,0,256
001_ABC,63234,82133,0.9858245849609376,66.66961398348212,26.34149678548177,0,256
001_ABC,63234,82389,0.824066162109375,63.64298995002173,24.053914388020832,0,256
001_ABC,63234,82645,0.0883331298828125,43.32656022813171,7.917882283528645,0,256
001_ABC,63234,82901,0.0004425048828125,41.09139178111218,5.6610107421875,0,256
001_ABC,63490,81109,0.9984588623046876,66.65655985102057,34.53962707519531,0,256
001_ABC,63490,81365,1.0,60.25590491271578,31.26202901204427,0,256
001_ABC,63490,81621,0.99993896484375,63.966770112514496,27.378346761067707,0,256
001_ABC,63490,81877,0.9981689453125,62.381375048076734,28.96135965983073,0,256
001_ABC,63490,82133,1.0,67.13373500015587,32.766886393229164,0,256
001_ABC,63490,82389,1.0,73.17550202831626,30.651657104492188,0,256
001_ABC,63490,82645,0.9528656005859376,70.85542448982596,25.151575724283852,0,256
001_ABC,63490,82901,0.506866455078125,65.7621774636209,17.523935953776043,0,256
001_ABC,63746,81109,0.7837371826171875,72.2875383568462,24.835983276367188,0,256
001_ABC,63746,81365,1.0,72.6331445404794,28.44951883951823,0,256
001_ABC,63746,81621,1.0,80.04508496727794,36.53522237141927,0,256
001_ABC,63746,81877,0.9986572265625,85.74793264176697,41.93770345052084,0,256
001_ABC,63746,82133,1.0,81.22348271659575,37.4430898030599,0,256
001_ABC,63746,82389,0.9594573974609376,78.114043738693,32.1004384358724,0,256
001_ABC,63746,82645,1.0,72.78881593397819,29.527964274088543,0,256
001_ABC,63746,82901,0.9921875,81.5754822564777,28.21107482910156,0,256
001_ABC,63746,83157,0.5392303466796875,69.65188646223396,19.818873087565105,0,256
001_ABC,64002,81365,0.9273223876953124,75.23658504709601,26.12439473470052,0,256
001_ABC,64002,81621,1.0,82.92485004290938,38.48294576009115,0,256
001_ABC,64002,81877,1.0,109.44306717603467,60.94792683919271,0,256
001_ABC,64002,82133,1.0,77.3556866934523,35.625874837239586,0,256
001_ABC,64002,82389,1.0,76.70681319292635,32.16821797688802,0,256
001_ABC,64002,82645,1.0,78.36727902945131,30.012746175130207,0,256
001_ABC,64002,82901,0.999420166015625,83.99635300389491,28.65895589192708,0,256
001_ABC,64002,83157,0.85760498046875,83.0236509134993,26.533218383789062,0,256
001_ABC,64002,83413,0.1627349853515625,48.443112548440695,10.105066935221354,0,256
001_ABC,64258,81621,0.8736572265625,93.84071625676006,26.32782491048177,0,256
001_ABC,64258,81877,1.0,100.99211335834116,37.3304697672526,0,256
001_ABC,64258,82133,1.0,75.31060374318622,34.94551086425781,0,256
001_ABC,64258,82389,1.0,96.4324238540139,32.93507385253906,0,256
001_ABC,64258,82645,0.9998931884765624,101.88240700867028,31.7010498046875,0,256
001_ABC,64258,82901,0.999664306640625,101.24573568161576,30.62257893880208,0,256
001_ABC,64258,83157,1.0,88.93954270705581,31.25658162434896,0,256
001_ABC,64258,83413,0.97235107421875,104.35790744051336,29.853424072265625,0,256
001_ABC,64514,81877,0.926971435546875,115.91792946960776,39.38016255696615,0,256
001_ABC,64514,82133,1.0,94.54648623405956,34.49622599283854,0,256
001_ABC,64514,82389,0.99322509765625,105.73700082465076,30.074264526367188,0,256
001_ABC,64514,82645,0.9596099853515624,127.31185378297232,26.748118082682293,0,256
001_ABC,64514,82901,0.9800262451171876,125.27592958672903,27.709081013997395,0,256
001_ABC,64514,83157,0.996978759765625,115.25793111231178,29.099573771158852,0,256
001_ABC,64514,83413,0.9997100830078124,107.74191167554818,34.39325459798177,0,256
001_ABC,64514,83669,0.9813995361328124,101.03629297018053,27.44794209798177,0,256
001_ABC,64770,81877,0.8411865234375,124.14320369600318,30.09204610188802,0,256
001_ABC,64770,82133,0.9920196533203124,113.81582995480858,33.48998514811198,0,256
001_ABC,64770,82389,0.995574951171875,123.68715845048428,26.665445963541668,0,256
001_ABC,64770,82645,0.97265625,139.6309675835073,26.56896464029948,0,256
001_ABC,64770,82901,0.9163360595703124,147.10719470586628,23.31561279296875,0,256
001_ABC,64770,83157,0.985076904296875,138.48656442179345,29.76972961425781,0,256
001_ABC,64770,83413,0.9997711181640624,131.11445603123866,32.53693644205729,0,256
001_ABC,64770,83669,0.9996337890625,115.56693914160132,31.566685994466145,0,256
001_ABC,64770,83925,0.9776611328125,128.0486802458763,28.830047607421875,0,256
001_ABC,64770,84181,0.6160430908203125,110.33371631405316,19.445851643880207,0,256
001_ABC,65026,82133,0.70751953125,77.41825217357837,22.380523681640625,0,256
001_ABC,65026,82389,0.977203369140625,79.36011062562466,27.81882222493489,0,256
001_ABC,65026,82645,0.9628448486328124,87.0802429986652,26.77795918782552,0,256
001_ABC,65026,82901,0.880462646484375,85.9147253036499,25.179168701171875,0,256
001_ABC,65026,83157,0.9633636474609376,93.83110699034296,26.236292521158852,0,256
001_ABC,65026,83413,0.9951629638671876,78.57712988159619,32.50692240397135,0,256
001_ABC,65026,83669,0.9974365234375,83.2254366343841,30.85963948567708,0,256
001_ABC,65026,83925,0.975341796875,85.51001647650264,27.66827392578125,0,256
001_ABC,65026,84181,0.778900146484375,77.06872072443366,23.110804239908852,0,256
001_ABC,65026,84437,0.4910736083984375,73.03882434009574,16.910196940104168,0,256
001_ABC,65282,82389,0.4198150634765625,49.241844322532415,14.147186279296877,0,256
001_ABC,65282,82645,0.9037017822265624,61.80216542980634,25.721852620442707,0,256
001_ABC,65282,82901,0.94464111328125,63.55948887765408,26.208323160807293,0,256
001_ABC,65282,83157,0.9798126220703124,77.39355729310773,26.75110371907552,0,256
001_ABC,65282,83413,0.998077392578125,64.06868722452782,30.365488688151043,0,256
001_ABC,65282,83669,0.99951171875,63.45225403364748,32.1214599609375,0,256
001_ABC,65282,83925,0.9676513671875,63.46040245494805,26.73601786295573,0,256
001_ABC,65282,84181,0.92449951171875,62.08099398668856,24.397120157877605,0,256
001_ABC,65282,84437,0.6987762451171875,60.68705241172575,21.45269775390625,0,256
001_ABC,65538,82901,0.9522552490234376,73.77002309425734,28.12352498372396,0,256
001_ABC,65538,83157,0.971893310546875,85.23477474576794,28.062164306640625,0,256
001_ABC,65538,83413,0.99737548828125,75.09199594613165,29.629002888997395,0,256
001_ABC,65538,83669,0.9989013671875,70.39999268949032,33.97123718261719,0,256
001_ABC,65538,83925,0.964019775390625,63.49828020273708,25.638559977213543,0,256
001_ABC,65538,84181,0.9150390625,64.13338013528846,24.56206766764323,0,256
001_ABC,65538,84437,0.625885009765625,66.43370079970919,20.11630249023437,0,256
001_ABC,65794,82901,0.6448516845703125,71.74017082154751,23.68785095214844,0,256
001_ABC,65794,83157,0.9939117431640624,90.49337455257772,47.47872924804688,0,256
001_ABC,65794,83413,0.9871368408203124,93.19218328502028,49.80292256673177,0,256
001_ABC,65794,83669,1.0,75.86053557298146,34.38898722330729,0,256
001_ABC,65794,83925,0.957550048828125,70.69057200755924,28.150131225585938,0,256
001_ABC,65794,84181,0.8770599365234375,66.8003740971908,24.45067850748698,0,256
001_ABC,65794,84437,0.7540283203125,70.22940722084604,22.413736979166668,0,256
001_ABC,66050,83157,0.907440185546875,103.00434778630732,42.003438313802086,0,256
001_ABC,66050,83413,0.988616943359375,93.05420678853989,44.63628641764323,0,256
001_ABC,66050,83669,0.9837493896484376,87.70046997070312,44.21936543782552,0,256
001_ABC,66050,83925,0.997100830078125,78.03100341558456,30.55354817708333,0,256
001_ABC,66050,84181,0.90899658203125,69.4893274565693,27.92171223958333,0,256
001_ABC,66050,84437,0.7720794677734375,67.44523539557122,25.242101033528645,0,256
001_ABC,66306,83157,0.3936614990234375,63.64709212048911,14.354843139648438,0,256
001_ABC,66306,83413,0.9544677734375,100.99709671339951,38.19349161783854,0,256
001_ABC,66306,83669,0.9806060791015624,97.57042632997036,53.09688822428385,0,256
001_ABC,66306,83925,0.9973907470703124,83.28017652686685,39.01225789388021,0,256
001_ABC,66306,84181,0.9571685791015624,75.49722739658318,30.61305745442708,0,256
001_ABC,66306,84437,0.79595947265625,71.77821299782954,25.947163899739586,0,256
001_ABC,66306,84693,0.4116363525390625,63.37489489628933,17.077901204427082,0,256
001_ABC,66562,83413,0.614410400390625,71.7035571464803,18.355112711588543,0,256
001_ABC,66562,83669,0.948333740234375,90.1779830919113,27.41436258951823,0,256
001_ABC,66562,83925,0.9986572265625,79.19054614659399,32.895731608072914,0,256
001_ABC,66562,84181,0.9884033203125,79.9508442839142,32.44587707519531,0,256
001_ABC,66562,84437,0.897796630859375,77.70831563230604,26.313318888346355,0,256
001_ABC,66562,84693,0.6022796630859375,74.89250532141887,20.115854899088543,0,256
001_ABC,66818,83669,0.7453155517578125,77.11744652595371,23.304026285807293,0,256
001_ABC,66818,83925,0.905029296875,87.44312277412973,24.28515116373698,0,256
001_ABC,66818,84181,0.96002197265625,82.08505129441619,27.685317993164062,0,256
001_ABC,66818,84437,0.8961334228515625,79.89881674735807,27.062856038411457,0,256
001_ABC,66818,84693,0.5569000244140625,74.14727538824081,18.62743631998698,0,256
001_ABC,67074,83925,0.9584503173828124,71.28698229952715,25.636245727539062,0,256
001_ABC,67074,84181,0.99578857421875,76.40943109616637,30.130421956380207,0,256
001_ABC,67074,84437,0.9677886962890624,74.30056266393512,28.57289123535156,0,256
001_ABC,67074,84693,0.784637451171875,70.15130674256943,23.31800842285156,0,256
001_ABC,67330,84181,0.72747802734375,67.03461729711853,25.40599568684896,0,256
001_ABC,67330,84437,0.9947357177734376,59.26322717941366,31.02951558430989,0,256
001_ABC,67330,84693,1.0,71.52483916282654,33.50878397623698,0,256
001_ABC,67330,84949,0.9445953369140624,62.961872681975365,25.556228637695312,0,256
001_ABC,67586,84181,0.90521240234375,76.38005880918354,27.11096700032552,0,256
001_ABC,67586,84437,0.9975433349609376,73.61444847937673,31.33551025390625,0,256
001_ABC,67586,84693,0.9998626708984376,70.78189237951301,31.730941772460938,0,256
001_ABC,67586,84949,1.0,71.45322664245032,33.4694569905599,0,256
001_ABC,67586,85205,0.67279052734375,62.214599586091936,22.9534912109375,0,256
001_ABC,67842,84181,0.8358306884765625,87.27282613422722,29.098734537760414,0,256
001_ABC,67842,84437,1.0,85.428023009561,36.51196797688802,0,256
001_ABC,67842,84693,1.0,85.24245038977824,30.684865315755207,0,256
001_ABC,67842,84949,1.0,82.40809291577898,38.04409790039063,0,256
001_ABC,67842,85205,1.0,87.62699697329663,35.465006510416664,0,256
001_ABC,67842,85461,0.96966552734375,87.53060087538324,33.34062703450521,0,256
001_ABC,67842,85717,0.479400634765625,63.74515509605408,18.152735392252605,0,256
001_ABC,68098,84437,1.0,74.62585769197904,35.847991943359375,0,256
001_ABC,68098,84693,1.0,90.48573787673377,32.237772623697914,0,256
001_ABC,68098,84949,1.0,88.94516908749938,34.20968119303385,0,256
001_ABC,68098,85205,1.0,85.34524466074072,32.67614237467448,0,256
001_ABC,68098,85461,1.0,102.97177825774996,36.413970947265625,0,256
001_ABC,68098,85717,1.0,96.0086339598056,34.58134969075521,0,256
001_ABC,68098,85973,0.6839599609375,72.56430566962808,26.57342020670573,0,256
001_ABC,68354,84437,0.758087158203125,80.89712454285473,24.47027587890625,0,256
001_ABC,68354,84693,0.9986724853515624,92.96375174727292,33.97838846842448,0,256
001_ABC,68354,84949,1.0,90.2803820797708,38.253194173177086,0,256
001_ABC,68354,85205,1.0,87.47250021784566,36.04578145345052,0,256
001_ABC,68354,85461,1.0,96.21947352495044,36.60674031575521,0,256
001_ABC,68354,85717,1.0,96.0534115275368,35.338033040364586,0,256
001_ABC,68354,85973,0.699920654296875,83.74572415556759,29.283477783203125,0,256
001_ABC,68610,84693,0.999237060546875,104.61173548153602,38.24917602539063,0,256
001_ABC,68610,84949,1.0,105.80180124100298,34.78631083170573,0,256
001_ABC,68610,85205,0.999908447265625,111.54388044774532,34.78252665201823,0,256
001_ABC,68610,85461,0.9993743896484376,134.3740066876635,32.96192423502604,0,256
001_ABC,68610,85717,1.0,125.70066586486064,32.363037109375,0,256
001_ABC,68610,85973,0.971832275390625,112.37402236252092,30.481028238932293,0,256
001_ABC,68610,86229,0.205474853515625,53.96087413653731,10.643224080403646,0,256
001_ABC,68866,84693,0.975921630859375,117.89965545292944,30.70587158203125,0,256
001_ABC,68866,84949,0.9993743896484376,113.37162659224124,36.13399251302084,0,256
001_ABC,68866,85205,0.9998626708984376,120.01464138831945,34.96361796061198,0,256
001_ABC,68866,85461,0.980865478515625,140.73415206372738,30.605438232421875,0,256
001_ABC,68866,85717,0.999298095703125,135.37981807230972,31.62709045410156,0,256
001_ABC,68866,85973,0.99163818359375,140.38320004101843,28.126363118489586,0,256
001_ABC,68866,86229,0.3206939697265625,64.31951159145683,13.149454752604166,0,256
001_ABC,69122,84693,0.71929931640625,70.26576351351105,22.859446207682293,0,256
001_ABC,69122,84949,0.97137451171875,77.28289425279945,34.11163838704427,0,256
001_ABC,69122,85205,0.9915008544921876,70.46154495701194,36.13206990559896,0,256
001_ABC,69122,85461,0.95733642578125,73.85947369015776,27.02678934733073,0,256
001_ABC,69122,85717,0.99530029296875,70.1463196836412,33.61937967936198,0,256
001_ABC,69122,85973,0.9889678955078124,76.77724453038536,30.85363260904948,0,256
001_ABC,69122,86229,0.48699951171875,55.52151167299599,16.79711405436198,0,256
001_ABC,69378,84693,0.6077117919921875,55.8620735919103,29.829004923502605,0,256
001_ABC,69378,84949,0.953704833984375,63.94576936867088,39.93209330240885,0,256
001_ABC,69378,85205,0.885986328125,59.14133524126373,37.10657246907552,0,256
001_ABC,69378,85461,0.8740081787109375,54.08867858350277,29.706222534179688,0,256
001_ABC,69378,85717,0.926971435546875,54.61781200673431,40.95633443196615,0,256
001_ABC,69378,85973,0.9891510009765624,55.41595760709606,33.02989196777344,0,256
001_ABC,69378,86229,0.8793182373046875,55.5872943168506,25.977381388346355,0,256
001_ABC,69634,84693,0.637939453125,58.21880492474884,26.388478597005207,0,256
001_ABC,69634,84949,0.951141357421875,71.93829296436161,44.90171305338541,0,256
001_ABC,69634,85205,0.9273529052734376,65.89237144496292,40.25755310058594,0,256
001_ABC,69634,85461,0.9903564453125,57.50894104852341,35.161397298177086,0,256
001_ABC,69634,85717,0.9958953857421876,58.32975638075732,45.81732177734375,0,256
001_ABC,69634,85973,0.999053955078125,57.12622636719607,34.23346455891927,0,256
001_ABC,69634,86229,0.9963836669921876,59.29491733014584,34.19327290852865,0,256
001_ABC,69634,86485,0.3050689697265625,48.39898046012968,13.24047342936198,0,256
001_ABC,69890,84693,0.4971771240234375,50.24530908814632,19.935201009114586,0,256
001_ABC,69890,84949,0.9604339599609376,67.13098110910505,35.660380045572914,0,256
001_ABC,69890,85205,0.99652099609375,65.89420084632002,45.02405293782552,0,256
001_ABC,69890,85461,0.9929962158203124,58.91735771950334,38.92625427246094,0,256
001_ABC,69890,85717,0.99273681640625,58.40294715180062,39.93765258789063,0,256
001_ABC,69890,85973,0.987274169921875,57.80818129121326,36.512481689453125,0,256
001_ABC,69890,86229,0.9967041015625,62.8198766708374,38.78120930989584,0,256
001_ABC,69890,86485,0.632049560546875,55.23574370867573,21.425135294596355,0,256
001_ABC,70146,84949,0.9650726318359376,63.175518214469776,32.227213541666664,0,256
001_ABC,70146,85205,1.0,61.95083279325627,36.88860575358073,0,256
001_ABC,70146,85461,0.9930877685546876,61.50515898107551,36.58924865722656,0,256
001_ABC,70146,85717,0.9565277099609376,61.439417912624776,26.571929931640625,0,256
001_ABC,70146,85973,0.997039794921875,60.91127406060696,38.1443125406901,0,256
001_ABC,70146,86229,0.9929351806640624,60.00197550444864,31.51522827148437,0,256
001_ABC,70146,86485,0.94891357421875,60.52204378112219,27.558837890625,0,256
001_ABC,70402,84949,0.9674530029296876,63.12550724647008,32.15294901529948,0,256
001_ABC,70402,85205,1.0,62.63491505733691,39.86194356282552,0,256
001_ABC,70402,85461,0.9958038330078124,61.70567074045539,37.59583536783854,0,256
001_ABC,70402,85717,0.9788360595703124,62.28865826781839,32.510955810546875,0,256
001_ABC,70402,85973,0.9958953857421876,63.221968322061,38.84509785970052,0,256
001_ABC,70402,86229,0.9881591796875,63.46178239583969,35.52490743001302,0,256
001_ABC,70402,86485,0.888763427734375,65.76870727166533,24.09028625488281,0,256
001_ABC,70658,84949,0.7768402099609375,62.78858236386441,25.218338012695312,0,256
001_ABC,70658,85205,0.99102783203125,68.2247884273529,33.26060994466146,0,256
001_ABC,70658,85461,0.99969482421875,65.08799037244171,36.17406717936198,0,256
001_ABC,70658,85717,0.981964111328125,64.80782798281871,32.37325032552084,0,256
001_ABC,70658,85973,0.99176025390625,61.35324838361703,37.15347290039063,0,256
001_ABC,70658,86229,0.947540283203125,63.40969024598599,33.073099772135414,0,256
001_ABC,70658,86485,0.6385498046875,61.28966841753572,21.46814473470052,0,256
001_ABC,70914,84949,0.4744873046875,47.707970826886594,18.406697591145832,0,256
001_ABC,70914,85205,0.9972686767578124,66.46814235672355,36.66895039876302,0,256
001_ABC,70914,85461,0.998748779296875,66.92796221002936,39.21002197265625,0,256
001_ABC,70914,85717,0.9981842041015624,65.13534042960964,37.91117350260416,0,256
001_ABC,70914,85973,0.9874114990234376,65.20110403001308,31.084136962890625,0,256
001_ABC,70914,86229,0.9835205078125,65.79383486299776,33.00721740722656,0,256
001_ABC,70914,86485,0.6186370849609375,64.90021446137689,20.744669596354168,0,256
001_ABC,71170,84949,0.42138671875,46.828122592531145,13.952534993489584,0,256
001_ABC,71170,85205,0.90032958984375,89.17712159804069,30.421671549479168,0,256
001_ABC,71170,85461,0.93463134765625,90.76398031204008,31.694610595703125,0,256
001_ABC,71170,85717,0.86279296875,76.704247178277,31.93025716145833,0,256
001_ABC,71170,85973,0.9940948486328124,68.07137799914926,31.58505249023437,0,256
001_ABC,71170,86229,0.9915771484375,65.42985366447829,27.081085205078125,0,256
001_ABC,71170,86485,0.8563995361328125,63.89508207677864,23.85759989420573,0,256
001_ABC,71170,86741,0.611328125,61.52506908192299,18.813980102539062,0,256
001_ABC,71426,84949,0.852691650390625,66.46277918457054,28.055521647135414,0,256
001_ABC,71426,85205,0.97674560546875,121.55114581808448,48.46244303385416,0,256
001_ABC,71426,85461,1.0,89.49059617426246,38.51743570963541,0,256
001_ABC,71426,85717,0.998992919921875,81.27365659712814,34.8341064453125,0,256
001_ABC,71426,85973,1.0,76.28988511767238,37.190673828125,0,256
001_ABC,71426,86229,1.0,65.56943013425916,35.20422871907552,0,256
001_ABC,71426,86485,0.9905853271484376,72.22839806391858,30.412760416666668,0,256
001_ABC,71426,86741,0.9780120849609376,69.5363065591082,26.58642578125,0,256
001_ABC,71426,86997,0.70343017578125,67.0214647911489,21.91235860188802,0,256
001_ABC,71682,84949,0.890777587890625,88.07287776260637,28.67267354329427,0,256
001_ABC,71682,85205,1.0,117.37840627133846,46.9219716389974,0,256
001_ABC,71682,85461,1.0,100.17636476433836,41.8464609781901,0,256
001_ABC,71682,85717,1.0,80.46198438014835,38.661844889322914,0,256
001_ABC,71682,85973,1.0,75.6180352633819,32.6113535563151,0,256
001_ABC,71682,86229,0.9998931884765624,76.68397929496132,31.936431884765625,0,256
001_ABC,71682,86485,1.0,75.6835937416181,33.82074991861979,0,256
001_ABC,71682,86741,0.9989776611328124,78.48900881037116,29.809341430664062,0,256
001_ABC,71682,86997,0.996337890625,70.24016705690883,31.003463745117188,0,256
001_ABC,71682,87253,0.8673248291015625,85.77474841638468,23.082275390625,0,256
001_ABC,71938,84949,0.7415618896484375,90.65380466147326,31.85555013020833,0,256
001_ABC,71938,85205,0.9967041015625,98.99270620569588,46.0278574625651,0,256
001_ABC,71938,85461,1.0,111.95949207246304,47.56884256998698,0,256
001_ABC,71938,85717,1.0,87.84157644212246,38.47610982259115,0,256
001_ABC,71938,85973,1.0,78.20321978046559,34.425679524739586,0,256
001_ABC,71938,86229,1.0,79.70675605535507,34.28252156575521,0,256
001_ABC,71938,86485,0.9973907470703124,87.8022762387991,30.774485270182293,0,256
001_ABC,71938,86741,0.99053955078125,87.90936656948179,31.59312438964844,0,256
001_ABC,71938,86997,0.9984893798828124,81.23555159568787,36.9728037516276,0,256
001_ABC,71938,87253,0.958038330078125,87.78113510366529,29.133834838867188,0,256
001_ABC,72194,85205,0.888092041015625,89.94140390097164,35.07221476236979,0,256
001_ABC,72194,85461,1.0,97.47954334225506,38.82532755533854,0,256
001_ABC,72194,85717,1.0,91.15560709591956,37.16982014973959,0,256
001_ABC,72194,85973,1.0,80.87187589681707,34.787821451822914,0,256
001_ABC,72194,86229,1.0,82.21574258594774,32.467386881510414,0,256
001_ABC,72194,86485,1.0,92.14839860703796,32.44359842936198,0,256
001_ABC,72194,86741,1.0,87.57156781270169,32.0783945719401,0,256
001_ABC,72194,86997,0.9683074951171876,84.75021421327256,30.600311279296875,0,256
001_ABC,72194,87253,0.5560760498046875,82.61286210617982,18.093271891276043,0,256
001_ABC,72450,85461,0.800201416015625,84.55441009160131,26.911229451497395,0,256
001_ABC,72450,85717,0.9892425537109376,103.36179600656033,34.72613525390625,0,256
001_ABC,72450,85973,1.0,90.59870626195334,33.82218933105469,0,256
001_ABC,72450,86229,1.0,84.15037410496734,30.016489664713543,0,256
001_ABC,72450,86485,0.997772216796875,88.51243181875907,29.905141194661457,0,256
001_ABC,72450,86741,0.9896240234375,99.71348384185694,29.96155293782552,0,256
001_ABC,72450,86997,0.9201812744140624,90.84774678852408,25.667892456054688,0,256
001_ABC,72706,85717,0.55877685546875,82.65962980664335,19.3651123046875,0,256
001_ABC,72706,85973,0.8283843994140625,98.7466544052586,29.092931111653645,0,256
001_ABC,72706,86229,0.9970245361328124,96.49759674235248,28.888687133789062,0,256
001_ABC,72706,86485,0.9983673095703124,96.8313699529972,29.75965881347656,0,256
001_ABC,72706,86741,0.7931060791015625,104.54976645763963,22.17489624023437,0,256
001_ABC,72706,86997,0.55194091796875,89.01091435179114,17.22478739420573,0,256
001_ABC,72962,85973,0.452545166015625,82.46230119466782,18.68566385904948,0,256
001_ABC,72962,86229,0.8403472900390625,120.01902649458498,28.68519592285156,0,256
001_ABC,72962,86485,0.995361328125,103.98449293500744,32.77649434407552,0,256
001_ABC,72962,86741,0.859344482421875,109.74517774488776,26.29522196451823,0,256
001_ABC,72962,86997,0.298583984375,88.34800773765892,12.527018229166666,0,256
001_ABC,73218,86229,0.996826171875,56.63790282513946,33.57689921061198,0,256
001_ABC,73218,86485,0.9977264404296876,60.47560928552412,29.78322347005208,0,256
001_ABC,73218,86741,0.94915771484375,61.90913298702799,32.03203837076823,0,256
001_ABC,73218,86997,0.230987548828125,51.60134876426309,11.602020263671877,0,256
001_ABC,73474,86229,0.96405029296875,53.91712813614868,30.188669840494796,0,256
001_ABC,73474,86485,0.9985198974609376,54.34539659228176,37.65520222981771,0,256
001_ABC,73474,86741,0.9635162353515624,54.49314037314616,31.858317057291668,0,256
001_ABC,73474,86997,0.2623291015625,51.9902683859691,12.018386840820312,0,256
001_ABC,73730,86229,0.896514892578125,54.66438245400786,28.494216918945312,0,256
001_ABC,73730,86485,0.9996185302734376,55.95613798475824,35.698221842447914,0,256
001_ABC,73730,86741,0.9861297607421876,58.01770387566648,30.312876383463543,0,256
001_ABC,73730,86997,0.4235992431640625,55.713656889041886,16.37451680501302,0,256
001_ABC,73986,86229,0.7525482177734375,58.11011613137089,22.68382771809896,0,256
001_ABC,73986,86485,0.976318359375,59.34915994829498,30.69721984863281,0,256
001_ABC,73986,86741,0.98492431640625,59.47576510813087,30.607187906901043,0,256
001_ABC,73986,86997,0.3071136474609375,58.66081044985913,14.601516723632812,0,256
001_ABC,74242,86485,0.9181976318359376,60.68353127595037,25.69883728027344,0,256
001_ABC,74242,86741,0.927154541015625,61.14671488013119,28.53643798828125,0,256
001_ABC,74242,86997,0.278656005859375,58.99303157790564,13.963602701822916,0,256
001_ABC,74498,86485,0.69537353515625,64.37817911035381,22.322168986002605,0,256
001_ABC,74498,86741,0.84759521484375,63.91901242360473,24.16991678873698,0,256
001_ABC,74498,86997,0.272735595703125,60.9276136374101,15.71753438313802,0,256
001_ABC,74754,86741,0.6852569580078125,64.38999772421084,21.13464864095052,0,256
001_ABC,17408,75987,0.8039703369140625,77.32641101418994,27.40631612141927,0,256
001_ABC,17408,76243,0.864166259765625,75.30871844943613,31.422195434570312,0,256
001_ABC,17408,76499,0.80157470703125,90.519213616848,26.49729410807292,0,256
001_ABC,17408,76755,0.72784423828125,84.19614577293396,20.333841959635414,0,256
001_ABC,17408,77011,0.827484130859375,81.86793399578892,23.466466267903645,0,256
001_ABC,17408,77267,0.738525390625,87.85994360386394,20.857579549153645,0,256
001_ABC,17664,75987,0.6114654541015625,83.91298798448406,20.60497538248698,0,256
001_ABC,17664,76243,0.84844970703125,90.3546486934647,26.350021362304688,0,256
001_ABC,17664,76499,0.8201446533203125,99.01320516690612,24.24374389648437,0,256
001_ABC,17664,76755,0.6905975341796875,92.89269764139316,22.271570841471355,0,256
001_ABC,17664,77011,0.8887176513671875,111.2296302234754,27.343032836914062,0,256
001_ABC,17664,77267,0.885223388671875,98.56301158666612,27.013570149739586,0,256
001_ABC,17664,77523,0.801116943359375,95.42892607091926,23.960062662760414,0,256
001_ABC,17664,77779,0.6209869384765625,84.90290808840655,19.02806599934896,0,256
001_ABC,17920,75987,0.700958251953125,88.98117798473686,24.870925903320312,0,256
001_ABC,17920,76243,0.9962310791015624,84.12699384894222,38.1089833577474,0,256
001_ABC,17920,76499,1.0,89.70078892167658,41.48782857259115,0,256
001_ABC,17920,76755,0.9755401611328124,91.67604555352592,42.89765930175781,0,256
001_ABC,17920,77011,0.9706878662109376,89.94151032622904,32.87062072753906,0,256
001_ABC,17920,77267,0.9866485595703124,95.28164846426807,39.247884114583336,0,256
001_ABC,17920,77523,0.953582763671875,102.87687472975811,29.015574137369796,0,256
001_ABC,17920,77779,0.695892333984375,91.37521384633146,21.29473368326823,0,256
001_ABC,18176,75987,0.9734954833984376,61.838047789176926,44.08576456705729,0,256
001_ABC,18176,76243,0.979644775390625,70.96235190308653,40.25631205240885,0,256
001_ABC,18176,76499,0.90496826171875,71.96956361993216,34.00901794433594,0,256
001_ABC,18176,76755,0.9893951416015624,82.65400743111968,36.15885925292969,0,256
001_ABC,18176,77011,0.959930419921875,91.5535202883184,40.08692932128906,0,256
001_ABC,18176,77267,0.930419921875,96.49436928308567,34.21507771809896,0,256
001_ABC,18176,77523,0.931396484375,88.46190540399402,32.095611572265625,0,256
001_ABC,18176,77779,0.4935302734375,83.70205447729677,17.501780192057293,0,256
001_ABC,18432,75987,0.6719970703125,50.91223227605224,21.726694742838543,0,256
001_ABC,18432,76243,0.9950408935546876,50.30618295981549,36.87464396158854,0,256
001_ABC,18432,76499,1.0,49.79137921985239,40.629241943359375,0,256
001_ABC,18432,76755,0.9918212890625,59.73560675606132,29.375447591145832,0,256
001_ABC,18432,77011,0.9615478515625,63.80226950254291,27.038904825846355,0,256
001_ABC,18432,77267,0.7890472412109375,65.39886767207645,23.22021484375,0,256
001_ABC,18432,77523,0.71685791015625,61.11852489411831,24.252293904622395,0,256
001_ABC,18432,77779,0.537994384765625,67.6540323921945,20.77849833170573,0,256
001_ABC,18688,76243,0.310211181640625,48.114420763915405,13.11426798502604,0,256
001_ABC,18688,76499,0.658905029296875,64.10858394368552,18.88391621907552,0,256
001_ABC,18688,76755,0.9143218994140624,69.67301204428077,30.23225911458333,0,256
001_ABC,18688,77011,0.6891021728515625,71.2903025241103,23.301366170247395,0,256
001_ABC,18688,77267,0.37451171875,61.17501777410507,13.246439615885416,0,256
001_ABC,18688,77523,0.2455902099609375,61.42859847005457,11.770716349283854,0,256
001_ABC,18688,77779,0.26995849609375,57.81068977341056,12.228271484375,0,256
001_ABC,18944,77779,0.6583099365234375,72.94808875373565,20.718210856119796,0,256
001_ABC,19200,77779,0.6981658935546875,77.36446306016296,21.500986735026043,0,256
001_ABC,19200,78035,0.570098876953125,76.24886688217521,21.06566874186198,0,256
001_ABC,19200,78291,0.833160400390625,60.64665934233926,32.271097819010414,0,256
001_ABC,19456,77779,0.705047607421875,88.00114419218153,22.500040690104168,0,256
001_ABC,19456,78035,0.7545928955078125,65.66891238745302,31.652903238932293,0,256
001_ABC,19456,78291,0.912322998046875,65.05145560204983,38.7889404296875,0,256
001_ABC,19456,78547,0.3612060546875,58.32350471219979,16.316808064778645,0,256
001_ABC,19712,77779,0.6529693603515625,83.44166562124155,22.93134053548177,0,256
001_ABC,19712,78035,0.9971771240234376,71.40328778978437,52.4129892985026,0,256
001_ABC,19712,78291,0.9889373779296876,71.30032864864916,38.78699239095052,0,256
001_ABC,19712,78547,0.730621337890625,81.32157111167908,24.430826822916668,0,256
001_ABC,19712,78803,0.3760223388671875,44.71090602874756,15.67381795247396,0,256
001_ABC,19968,77779,0.9162750244140624,78.36997157242149,37.756378173828125,0,256
001_ABC,19968,78035,0.98760986328125,90.98958295211196,39.24309285481771,0,256
001_ABC,19968,78291,0.9927825927734376,68.937292519724,42.8988291422526,0,256
001_ABC,19968,78547,0.9999847412109376,82.83765161689371,45.913187662760414,0,256
001_ABC,19968,78803,0.769622802734375,82.06161364540458,32.423685709635414,0,256
001_ABC,19968,79059,0.341217041015625,62.20368323638104,16.486709594726562,0,256
001_ABC,20224,77267,0.5850372314453125,79.99187019094825,20.20228576660156,0,256
001_ABC,20224,77523,0.8221435546875,78.56186362705193,25.047571818033852,0,256
001_ABC,20224,77779,0.9831390380859376,78.86280125007033,32.30537923177084,0,256
001_ABC,20224,78035,0.9940338134765624,71.72642270079814,38.26233927408854,0,256
001_ABC,20224,78291,0.990264892578125,76.40181184466928,33.13416035970052,0,256
001_ABC,20224,78547,0.9998931884765624,73.39273477136157,46.28550211588541,0,256
001_ABC,20224,78803,0.98089599609375,70.608841589652,41.6603749593099,0,256
001_ABC,20224,79059,0.711517333984375,66.25535568944179,30.684254964192707,0,256
001_ABC,20480,77267,0.9272308349609376,63.03613096382469,39.53608194986979,0,256
001_ABC,20480,77523,0.982177734375,62.9630208236631,33.29570515950521,0,256
001_ABC,20480,77779,1.0,52.41235302295536,43.41621907552084,0,256
001_ABC,20480,78035,0.997100830078125,67.86237834393978,28.599375406901043,0,256
001_ABC,20480,78291,1.0,56.29745475854725,40.438090006510414,0,256
001_ABC,20480,78547,1.0,49.7678499405738,48.590108235677086,0,256
001_ABC,20480,78803,0.9987335205078124,54.71568286046386,39.32677205403646,0,256
001_ABC,20480,79059,0.8308258056640625,67.72781454375945,26.59450276692708,0,256
001_ABC,20736,77267,1.0,70.77546679601073,35.43873596191406,0,256
001_ABC,20736,77523,1.0,62.92427863087505,41.357177734375,0,256
001_ABC,20736,77779,1.0,63.44742230488919,39.50634256998698,0,256
001_ABC,20736,78035,1.0,62.35857882723212,33.62158711751302,0,256
001_ABC,20736,78291,1.0,56.10327617987059,56.00261942545573,0,256
001_ABC,20736,78547,1.0,58.78383713588119,49.19658406575521,0,256
001_ABC,20736,78803,0.9987945556640624,64.1450996240601,42.18735758463541,0,256
001_ABC,20736,79059,0.937835693359375,84.59015769115649,24.360056559244796,0,256
001_ABC,20736,79315,0.324462890625,56.199508905177936,13.894098917643229,0,256
001_ABC,20992,77267,0.917877197265625,74.62777672708035,32.166422526041664,0,256
001_ABC,20992,77523,1.0,65.92234072624706,50.84769185384115,0,256
001_ABC,20992,77779,1.0,66.27597759640776,31.09914143880208,0,256
001_ABC,20992,78035,1.0,68.24332839227282,41.60169982910156,0,256
001_ABC,20992,78291,1.0,61.12666203430854,55.8377685546875,0,256
001_ABC,20992,78547,0.99993896484375,67.78671993664466,44.014241536458336,0,256
001_ABC,20992,78803,0.9987640380859376,70.81373557052575,35.06648254394531,0,256
001_ABC,20992,79059,0.99432373046875,74.81351352646016,38.52527872721354,0,256
001_ABC,20992,79315,0.97021484375,79.75060398853384,37.9468739827474,0,256
001_ABC,20992,79571,0.6688995361328125,65.3039853265509,29.60287475585937,0,256
001_ABC,21248,77267,0.7251739501953125,59.06756518781185,39.37910970052084,0,256
001_ABC,21248,77523,1.0,69.06498173228465,49.485453287760414,0,256
001_ABC,21248,77779,0.9999542236328124,74.86794983758591,30.190994262695312,0,256
001_ABC,21248,78035,1.0,70.1005758009851,39.99327596028646,0,256
001_ABC,21248,78291,1.0,75.03968537505716,46.47433471679688,0,256
001_ABC,21248,78547,0.998992919921875,74.47543333470821,49.32221476236979,0,256
001_ABC,21248,78803,0.995391845703125,74.93010853230953,37.11553446451823,0,256
001_ABC,21248,79059,1.0,79.3626000881195,37.89529927571615,0,256
001_ABC,21248,79315,0.99725341796875,82.89214223623276,43.81482442220052,0,256
001_ABC,21248,79571,0.86688232421875,62.8745198675897,46.37936401367188,0,256
001_ABC,21504,77523,0.740875244140625,76.48837018664926,23.808553059895832,0,256
001_ABC,21504,77779,0.9460296630859376,74.20801124512218,45.555908203125,0,256
001_ABC,21504,78035,1.0,75.2807439842727,36.50602722167969,0,256
001_ABC,21504,78291,0.99505615234375,78.7837496092543,39.59603373209635,0,256
001_ABC,21504,78547,0.99835205078125,77.1835521531757,38.37362162272135,0,256
001_ABC,21504,78803,0.9950408935546876,85.19702976569533,34.45137023925781,0,256
001_ABC,21504,79059,0.9980926513671876,83.50721726170741,38.86491394042969,0,256
001_ABC,21504,79315,0.99896240234375,67.81224077544175,56.05091349283854,0,256
001_ABC,21504,79571,0.350555419921875,58.14584047999233,16.820521036783855,0,256
001_ABC,21760,77779,0.8348236083984375,70.60820157802664,37.89022318522135,0,256
001_ABC,21760,78035,1.0,85.1711088558659,38.23062642415365,0,256
001_ABC,21760,78291,1.0,88.58870336948894,41.93072001139323,0,256
001_ABC,21760,78547,0.99993896484375,97.31989390566014,31.678181966145832,0,256
001_ABC,21760,78803,0.999755859375,93.81458974978888,30.889801025390625,0,256
001_ABC,21760,79059,0.9962921142578124,87.55563691910356,49.51640319824219,0,256
001_ABC,21760,79315,1.0,82.30175281106494,47.6029307047526,0,256
001_ABC,21760,79571,0.9414215087890624,91.71116203069688,37.20506286621094,0,256
001_ABC,21760,79827,0.99981689453125,75.09953957702965,48.98261006673177,0,256
001_ABC,21760,80083,1.0,68.95953567302786,43.199249267578125,0,256
001_ABC,22016,78035,0.8456573486328125,86.89277564710937,29.285919189453125,0,256
001_ABC,22016,78291,1.0,78.85755123547278,54.84173075358073,0,256
001_ABC,22016,78547,0.9998626708984376,92.55806884076446,38.11412048339844,0,256
001_ABC,22016,78803,0.9999237060546876,90.01885512378067,37.89663696289063,0,256
001_ABC,22016,79059,1.0,85.56995791918598,49.69817606608073,0,256
001_ABC,22016,79315,1.0,98.36514396755956,40.187347412109375,0,256
001_ABC,22016,79571,0.99951171875,75.2428322872147,45.43446350097656,0,256
001_ABC,22016,79827,1.0,71.52002328634262,62.75679016113281,0,256
001_ABC,22016,80083,1.0,77.97747569903731,56.797688802083336,0,256
001_ABC,22016,80339,0.7679595947265625,83.55760525516234,27.115503946940105,0,256
001_ABC,22272,78291,0.993408203125,74.4010771473404,45.75462341308594,0,256
001_ABC,22272,78547,1.0,71.46038791444153,34.7230224609375,0,256
001_ABC,22272,78803,1.0,75.74306805222295,44.5439198811849,0,256
001_ABC,22272,79059,1.0,79.48037720378488,43.90556844075521,0,256
001_ABC,22272,79315,1.0,77.14615585561842,47.04610188802084,0,256
001_ABC,22272,79571,1.0,67.25851295888424,57.69722493489584,0,256
001_ABC,22272,79827,1.0,64.71426290273666,55.94210306803385,0,256
001_ABC,22272,80083,0.99078369140625,81.49915400054306,31.633509318033852,0,256
001_ABC,22272,80339,0.9707794189453124,89.2601458793506,32.375335693359375,0,256
001_ABC,22272,80595,0.242095947265625,48.03186140558682,12.45922342936198,0,256
001_ABC,22528,78291,0.7453460693359375,55.04975179489702,31.11937459309896,0,256
001_ABC,22528,78547,1.0,63.1116506299004,34.30001322428385,0,256
001_ABC,22528,78803,0.9989471435546876,63.530650278320536,45.62847391764323,0,256
001_ABC,22528,79059,1.0,65.85431723087095,37.62394714355469,0,256
001_ABC,22528,79315,1.0,57.26008881535381,50.62806193033854,0,256
001_ABC,22528,79571,1.0,55.248405107995495,53.60845438639323,0,256
001_ABC,22528,79827,1.0,61.65726339048706,33.33855692545573,0,256
001_ABC,22528,80083,0.9998016357421876,60.24758438183926,28.09181722005208,0,256
001_ABC,22528,80339,0.99749755859375,56.919950091978535,38.5135498046875,0,256
001_ABC,22528,80595,0.551849365234375,53.163996735354885,23.801254272460938,0,256
001_ABC,22784,78547,0.9360504150390624,64.75300827249885,31.376007080078125,0,256
001_ABC,22784,78803,1.0,61.12196784373373,53.4728037516276,0,256
001_ABC,22784,79059,1.0,68.35304897651076,39.08999633789063,0,256
001_ABC,22784,79315,1.0,54.270078893750906,52.729583740234375,0,256
001_ABC,22784,79571,1.0,57.587137061869726,61.24833679199219,0,256
001_ABC,22784,79827,1.0,62.32186959590763,33.2696278889974,0,256
001_ABC,22784,80083,0.9998779296875,64.51617382373661,29.77239990234375,0,256
001_ABC,22784,80339,1.0,58.76474907039665,48.09515889485677,0,256
001_ABC,22784,80595,0.7476043701171875,59.88867983943783,27.906992594401043,0,256
001_ABC,23040,78547,0.3968963623046875,61.32406423985958,19.538111368815105,0,256
001_ABC,23040,78803,0.9916534423828124,77.17870233929716,41.860371907552086,0,256
001_ABC,23040,79059,1.0,61.22416277579032,55.51837158203125,0,256
001_ABC,23040,79315,1.0,53.392132341628894,62.99824523925781,0,256
001_ABC,23040,79571,1.0,68.8321533203125,47.484944661458336,0,256
001_ABC,23040,79827,1.0,74.08867932274006,34.90754191080729,0,256
001_ABC,23040,80083,0.9994964599609376,68.23223696649075,40.70547993977865,0,256
001_ABC,23040,80339,1.0,69.93116708821617,48.19329325358073,0,256
001_ABC,23040,80595,0.9980621337890624,69.90908232238144,37.9625498453776,0,256
001_ABC,23040,80851,0.2328643798828125,52.115053763380274,11.353785196940104,0,256
001_ABC,23296,78803,0.800872802734375,73.1667110286653,34.84959411621094,0,256
001_ABC,23296,79059,1.0,62.4982488155365,57.23528544108073,0,256
001_ABC,23296,79315,1.0,60.13231125101447,59.87533060709635,0,256
001_ABC,23296,79571,1.0,68.2298074029386,37.73433430989584,0,256
001_ABC,23296,79827,1.0,70.33347672200762,36.90264892578125,0,256
001_ABC,23296,80083,1.0,69.19824992120266,44.20267740885416,0,256
001_ABC,23296,80339,1.0,69.79382883012295,52.87398783365885,0,256
001_ABC,23296,80595,1.0,77.97121149953455,38.7070058186849,0,256
001_ABC,23296,80851,0.8464813232421875,75.59546466148458,37.88102213541666,0,256
001_ABC,23296,81107,0.243011474609375,54.309672369621694,12.347630818684896,0,256
001_ABC,23552,79059,0.989715576171875,72.6877582015004,36.32854207356771,0,256
001_ABC,23552,79315,0.9860076904296876,71.52934680879116,46.78136189778646,0,256
001_ABC,23552,79571,0.9988555908203124,78.67601713514887,37.54838053385416,0,256
001_ABC,23552,79827,1.0,85.52520382311195,35.22720845540365,0,256
001_ABC,23552,80083,1.0,70.93046562722884,48.4949951171875,0,256
001_ABC,23552,80339,1.0,83.96957949898206,42.05675760904948,0,256
001_ABC,23552,80595,1.0,83.3944332562387,43.478169759114586,0,256
001_ABC,23552,80851,0.9999542236328124,88.1748262771871,46.57287089029948,0,256
001_ABC,23552,81107,0.9936676025390624,99.47817212692462,48.03340657552084,0,256
001_ABC,23552,81363,0.451141357421875,57.81568901962601,24.57186889648437,0,256
001_ABC,23808,79315,0.3606109619140625,59.12169882259332,13.754414876302084,0,256
001_ABC,23808,79571,0.9860076904296876,78.91788516170345,41.65363566080729,0,256
001_ABC,23808,79827,1.0,90.3393525481224,41.51832071940104,0,256
001_ABC,23808,80083,1.0,87.18246029107831,43.92857869466146,0,256
001_ABC,23808,80339,0.998138427734375,93.93138507544064,41.97367350260416,0,256
001_ABC,23808,80595,1.0,96.17432695045136,51.15769449869792,0,256
001_ABC,23808,80851,1.0,113.2940162976738,44.08349100748698,0,256
001_ABC,23808,81107,1.0,96.12612568493932,44.75513203938802,0,256
001_ABC,23808,81363,0.728302001953125,82.7001685500145,28.80413309733073,0,256
001_ABC,24064,79571,0.9465789794921876,95.34066727384923,38.21949259440104,0,256
001_ABC,24064,79827,1.0,103.77435257658362,46.51241556803385,0,256
001_ABC,24064,80083,1.0,98.73347976221704,46.483968098958336,0,256
001_ABC,24064,80339,1.0,110.63664715527555,38.97929890950521,0,256
001_ABC,24064,80595,1.0,110.96151319867931,51.58598327636719,0,256
001_ABC,24064,80851,1.0,131.27016398101114,41.60596211751302,0,256
001_ABC,24064,81107,1.0,94.25228097452782,37.40096537272135,0,256
001_ABC,24064,81363,0.87457275390625,88.76627933606505,37.37757873535156,0,256
001_ABC,24320,79571,0.6455230712890625,76.71774726733565,22.363637288411457,0,256
001_ABC,24320,79827,0.7909088134765625,77.5197109670844,34.97087605794271,0,256
001_ABC,24320,80083,0.944366455078125,78.7423095703125,38.40227762858073,0,256
001_ABC,24320,80339,0.9953460693359376,87.51631508930586,39.926289876302086,0,256
001_ABC,24320,80595,0.9929962158203124,91.82073650858364,41.19872029622396,0,256
001_ABC,24320,80851,0.997314453125,103.50524556543678,39.57280476888021,0,256
001_ABC,24320,81107,1.0,83.89181276015006,35.63660685221354,0,256
001_ABC,24320,81363,0.9701080322265624,76.55719922389835,36.55808512369792,0,256
001_ABC,24320,81619,0.05914306640625,42.12366152158938,8.972452799479166,0,256
001_ABC,24576,79827,0.98358154296875,65.30299047729932,39.87761433919271,0,256
001_ABC,24576,80083,0.9561309814453124,67.83470088406466,41.98396301269531,0,256
001_ABC,24576,80339,1.0,69.6339914125856,38.47140502929688,0,256
001_ABC,24576,80595,0.99786376953125,65.3212649913039,33.71399434407552,0,256
001_ABC,24576,80851,0.998748779296875,67.74871214386076,37.52243041992188,0,256
001_ABC,24576,81107,1.0,69.38425771496259,38.747965494791664,0,256
001_ABC,24576,81363,1.0,58.914816407253966,48.47246297200521,0,256
001_ABC,24576,81619,0.3240509033203125,46.09523223992437,15.957626342773438,0,256
001_ABC,24832,79827,0.9202117919921876,85.00037187500857,35.15022277832031,0,256
001_ABC,24832,80083,0.9694061279296876,72.30578231811523,45.23868306477865,0,256
001_ABC,24832,80339,0.9922943115234376,72.09676289162599,34.71631368001302,0,256
001_ABC,24832,80595,0.9999237060546876,66.951331730932,41.083109537760414,0,256
001_ABC,24832,80851,1.0,67.25770668289624,38.48309834798177,0,256
001_ABC,24832,81107,0.9827728271484376,72.4009485503193,37.96442159016927,0,256
001_ABC,24832,81363,0.9966278076171876,70.04305003490299,47.48431905110677,0,256
001_ABC,24832,81619,0.684356689453125,58.24042886472307,27.49121602376302,0,256
001_ABC,25088,79827,0.866943359375,76.89663490559906,38.87641906738281,0,256
001_ABC,25088,80083,0.9927978515625,80.5834735406097,31.81226094563802,0,256
001_ABC,25088,80339,0.9804534912109376,81.79793161689304,34.91962178548177,0,256
001_ABC,25088,80595,1.0,71.52684661373496,42.85242207845052,0,256
001_ABC,25088,80851,1.0,67.82167997863144,41.98823038736979,0,256
001_ABC,25088,81107,0.9530181884765624,71.59881155728363,43.58355712890625,0,256
001_ABC,25088,81363,1.0,68.40173602756113,51.47765604654948,0,256
001_ABC,25088,81619,0.9220123291015624,70.32006734609604,33.9941660563151,0,256
001_ABC,25088,81875,0.0272064208984375,43.76635406911373,7.313913981119792,0,256
001_ABC,25344,79827,0.3969573974609375,58.22216241224669,22.563527425130207,0,256
001_ABC,25344,80083,0.986602783203125,85.0711699181702,33.209930419921875,0,256
001_ABC,25344,80339,0.996368408203125,80.0725451761391,36.90962219238281,0,256
001_ABC,25344,80595,0.99560546875,73.81660601124167,38.42314656575521,0,256
001_ABC,25344,80851,1.0,75.23762503801845,42.23384094238281,0,256
001_ABC,25344,81107,1.0,81.36139662167989,43.0408681233724,0,256
001_ABC,25344,81363,1.0,78.3783065432217,47.87076314290365,0,256
001_ABC,25344,81619,0.9998321533203124,76.85050846985541,42.8033701578776,0,256
001_ABC,25344,81875,0.41473388671875,60.10197405680083,18.916127522786457,0,256
001_ABC,25600,80083,0.5421142578125,66.0175977719482,19.612136840820312,0,256
001_ABC,25600,80339,1.0,81.92513327207416,40.456319173177086,0,256
001_ABC,25600,80595,1.0,79.19138659513555,41.13140869140625,0,256
001_ABC,25600,80851,0.99951171875,80.48605414386839,45.04300944010416,0,256
001_ABC,25600,81107,1.0,72.29187623574398,51.41467793782552,0,256
001_ABC,25600,81363,1.0,78.79334861575626,55.9538319905599,0,256
001_ABC,25600,81619,1.0,74.30725286900997,45.41340637207031,0,256
001_ABC,25600,81875,0.7410888671875,67.29362455918454,28.342417399088543,0,256
001_ABC,25600,82131,0.259246826171875,52.804590984247625,14.944793701171877,0,256
001_ABC,25856,80339,0.9610137939453124,79.70527948415838,35.11011250813802,0,256
001_ABC,25856,80595,1.0,71.71539671625942,51.78756713867188,0,256
001_ABC,25856,80851,1.0,80.19204604253173,48.56561279296875,0,256
001_ABC,25856,81107,0.9998779296875,83.26995293959044,46.80760701497396,0,256
001_ABC,25856,81363,1.0,76.99645170546137,51.92723083496094,0,256
001_ABC,25856,81619,1.0,79.82887143990956,41.612091064453125,0,256
001_ABC,25856,81875,0.9987030029296876,84.00379725452513,40.577229817708336,0,256
001_ABC,25856,82131,0.91094970703125,75.65365183260292,40.50543721516927,0,256
001_ABC,25856,82387,0.827484130859375,68.86774691846222,52.49199930826823,0,256
001_ABC,25856,82643,0.2010650634765625,59.45172573532909,17.805379231770832,0,256
001_ABC,26112,80339,0.3692474365234375,60.96411085035652,17.571497599283855,0,256
001_ABC,26112,80595,0.9756927490234376,91.11116064130329,41.54383341471354,0,256
001_ABC,26112,80851,1.0,97.30724714696407,46.52326965332031,0,256
001_ABC,26112,81107,1.0,90.58165487553924,49.36970520019531,0,256
001_ABC,26112,81363,0.9995880126953124,92.5851073784288,47.61693827311198,0,256
001_ABC,26112,81619,1.0,97.67491454049014,43.631917317708336,0,256
001_ABC,26112,81875,1.0,97.72331615909934,47.25941467285156,0,256
001_ABC,26112,82131,0.3989105224609375,76.53241122863255,20.45578511555989,0,256
001_ABC,26112,82387,0.6819915771484375,77.44587272196077,34.77007548014323,0,256
001_ABC,26112,82643,0.832427978515625,95.8070483689662,49.79534403483073,0,256
001_ABC,26368,80595,0.607635498046875,62.504310256801546,25.069361368815105,0,256
001_ABC,26368,80851,1.0,71.87305104336701,44.95489501953125,0,256
001_ABC,26368,81107,1.0,72.0787888430059,47.1060791015625,0,256
001_ABC,26368,81363,1.0,71.25465544685721,42.17875162760416,0,256
001_ABC,26368,81619,1.0,73.18961661681533,44.05264790852865,0,256
001_ABC,26368,81875,0.9354705810546876,86.06296972534619,51.2330576578776,0,256
001_ABC,26368,82131,0.988311767578125,112.95887123048306,52.66046142578125,0,256
001_ABC,26368,82387,1.0,88.78656005859375,49.87326049804688,0,256
001_ABC,26368,82643,0.998931884765625,73.81007741391659,46.39184061686198,0,256
001_ABC,26368,82899,0.1301727294921875,46.88914365670644,10.406051635742188,0,256
001_ABC,26624,80851,0.9896697998046876,65.14884675201029,38.00280253092448,0,256
001_ABC,26624,81107,1.0,57.7197542374488,43.28759256998698,0,256
001_ABC,26624,81363,1.0,59.05944819655269,45.12619018554688,0,256
001_ABC,26624,81619,1.0,57.53998417011462,50.00574747721354,0,256
001_ABC,26624,81875,0.8038177490234375,82.06839790567756,32.78456115722656,0,256
001_ABC,26624,82131,0.98455810546875,65.56448236759752,56.00980122884115,0,256
001_ABC,26624,82387,1.0,65.77694704360329,47.81464640299479,0,256
001_ABC,26624,82643,0.9761810302734376,77.97960172593594,57.83740234375,0,256
001_ABC,26624,82899,0.152435302734375,41.93594355788082,10.27918497721354,0,256
001_ABC,26880,80851,0.8133697509765625,79.8980214735493,36.51581319173177,0,256
001_ABC,26880,81107,1.0,73.01711363252252,45.68549092610677,0,256
001_ABC,26880,81363,0.9742584228515624,75.5804318820592,43.50727335611979,0,256
001_ABC,26880,81619,0.929046630859375,74.30676352605224,43.5164540608724,0,256
001_ABC,26880,81875,1.0,72.62949854857288,57.21721394856771,0,256
001_ABC,26880,82131,0.90185546875,91.70222085341813,50.83580017089844,0,256
001_ABC,26880,82387,0.951141357421875,91.10206584422848,54.25175476074219,0,256
001_ABC,26880,82643,0.784393310546875,81.26933632954024,43.81985982259115,0,256
001_ABC,26880,82899,0.32183837890625,46.46839028224349,17.9664306640625,0,256
001_ABC,27136,80851,0.571685791015625,66.47959404811263,26.587793986002605,0,256
001_ABC,27136,81107,0.996246337890625,78.3694857954979,56.49165852864584,0,256
001_ABC,27136,81363,0.9912109375,111.8978629251942,58.333038330078125,0,256
001_ABC,27136,81619,0.9891815185546876,94.97062111552805,55.762125651041664,0,256
001_ABC,27136,81875,1.0,75.93370982632041,50.756683349609375,0,256
001_ABC,27136,82131,0.9938201904296876,116.91492937505244,61.43487040201823,0,256
001_ABC,27136,82387,1.0,80.2393172213342,52.28907267252604,0,256
001_ABC,27136,82643,0.9998626708984376,70.9164541119244,57.50363159179688,0,256
001_ABC,27136,82899,0.295745849609375,52.795559618389234,18.31784566243489,0,256
001_ABC,27392,80851,0.96697998046875,105.72556331381202,60.91650390625,0,256
001_ABC,27392,81107,0.989654541015625,98.36331674247047,59.05842081705729,0,256
001_ABC,27392,81363,0.7640380859375,88.51462908438407,44.44001261393229,0,256
001_ABC,27392,81619,0.9900054931640624,82.47302850242704,60.31909688313802,0,256
001_ABC,27392,81875,0.9974517822265624,74.40066000726074,56.49605814615885,0,256
001_ABC,27392,82131,1.0,73.89910523383878,56.603515625,0,256
001_ABC,27392,82387,1.0,73.73903416818939,58.53344217936198,0,256
001_ABC,27392,82643,1.0,66.13626417866908,64.3887430826823,0,256
001_ABC,27392,82899,0.1846466064453125,51.40798817574978,17.009847005208332,0,256
001_ABC,27648,80851,0.8166656494140625,112.05708354339004,47.60612996419271,0,256
001_ABC,27648,81107,0.8984527587890625,116.35160819790326,57.07593790690104,0,256
001_ABC,27648,81363,0.87908935546875,114.9524266719818,56.65392557779948,0,256
001_ABC,27648,81619,1.0,90.63337146840058,53.919535319010414,0,256
001_ABC,27648,81875,0.999603271484375,86.3157779739704,57.726593017578125,0,256
001_ABC,27648,82131,0.9629364013671876,104.51378856599332,57.4141845703125,0,256
001_ABC,27648,82387,0.8877410888671875,100.12085941061378,50.12897237141927,0,256
001_ABC,27648,82643,0.9406890869140624,101.48000403656624,64.89383443196614,0,256
001_ABC,27648,82899,0.0300140380859375,47.61600440368056,8.056157430013021,0,256
001_ABC,27904,80851,0.9460601806640624,105.92670186026952,52.53173319498698,0,256
001_ABC,27904,81107,0.9235382080078124,110.8269377069082,54.10787963867188,0,256
001_ABC,27904,81363,0.902862548828125,102.92320997058414,60.12066650390625,0,256
001_ABC,27904,81619,0.951385498046875,106.50927783898078,61.73189290364584,0,256
001_ABC,27904,81875,0.997528076171875,122.6106520087924,58.15092468261719,0,256
001_ABC,27904,82131,0.85833740234375,121.23339174850844,53.23662312825521,0,256
001_ABC,27904,82387,1.0,101.05161392851733,59.59039306640625,0,256
001_ABC,27904,82643,0.6995391845703125,91.38004087447187,48.47648620605469,0,256
001_ABC,28160,80851,0.9413604736328124,118.69259585347028,50.89387512207031,0,256
001_ABC,28160,81107,0.9741668701171876,140.36072236835025,61.2855224609375,0,256
001_ABC,28160,81363,0.9976043701171876,147.74375326093286,78.47628784179688,0,256
001_ABC,28160,81619,0.9612579345703124,134.69615172757767,58.78203837076823,0,256
001_ABC,28160,81875,0.9581298828125,126.5823248734232,53.28404744466146,0,256
001_ABC,28160,82131,0.9996337890625,140.0582423172891,59.364969889322914,0,256
001_ABC,28160,82387,0.998931884765625,143.44569767615758,58.05430603027344,0,256
001_ABC,28160,82643,0.5019378662109375,88.76359016355127,35.11761474609375,0,256
001_ABC,28416,80851,0.4355316162109375,50.92670112475753,24.636805216471355,0,256
001_ABC,28416,81107,0.9920196533203124,94.981724785408,47.95958455403646,0,256
001_ABC,28416,81363,0.9989471435546876,82.01092171296477,51.55742390950521,0,256
001_ABC,28416,81619,1.0,82.05608182772994,46.52327982584635,0,256
001_ABC,28416,81875,1.0,82.32174860849045,47.20387268066406,0,256
001_ABC,28416,82131,0.9813690185546876,76.55208269297145,55.5409189860026,0,256
001_ABC,28416,82387,0.9700775146484376,74.76000875141472,53.9443613688151,0,256
001_ABC,28416,82643,0.168731689453125,48.68433197494596,16.752334594726562,0,256
001_ABC,28672,81107,0.9892578125,63.97848578449339,57.79662068684896,0,256
001_ABC,28672,81363,1.0,61.46792693040334,60.17533365885416,0,256
001_ABC,28672,81619,1.0,62.810949376784265,56.40385945638021,0,256
001_ABC,28672,81875,0.9859466552734376,68.72436520084739,46.11654154459635,0,256
001_ABC,28672,82131,0.9410247802734376,65.68390688835643,52.636311848958336,0,256
001_ABC,28672,82387,0.973541259765625,63.50880294945091,57.64972941080729,0,256
001_ABC,28672,82643,0.02166748046875,35.27661437704228,5.45214335123698,0,256
001_ABC,28928,81107,0.7733612060546875,79.96331311180256,51.92712910970052,0,256
001_ABC,28928,81363,0.963165283203125,83.60078645404428,68.11196899414062,0,256
001_ABC,28928,81619,0.9972076416015624,70.5507425032556,60.56047566731771,0,256
001_ABC,28928,81875,0.9398345947265624,74.00781077798456,65.2271016438802,0,256
001_ABC,28928,82131,0.828125,73.77252798504196,54.21796162923177,0,256
001_ABC,28928,82387,0.683074951171875,61.34700757614337,41.23362731933594,0,256
001_ABC,29184,81107,1.0,73.94036702788435,60.21360778808594,0,256
001_ABC,29184,81363,0.9942626953125,69.49942172295414,62.0057373046875,0,256
001_ABC,29184,81619,1.0,69.94047617702745,57.84877014160156,0,256
001_ABC,29184,81875,0.96734619140625,74.25277098920196,53.2124989827474,0,256
001_ABC,29184,82131,0.93487548828125,90.9237246827688,61.906392415364586,0,256
001_ABC,29184,82387,0.39630126953125,57.37417886010371,28.761515299479168,0,256
001_ABC,29440,81107,1.0,93.34225783101284,48.94811503092448,0,256
001_ABC,29440,81363,1.0,89.29417443252169,48.74449666341146,0,256
001_ABC,29440,81619,1.0,70.49163646972738,52.59634908040365,0,256
001_ABC,29440,81875,1.0,78.04186212248169,51.90418497721354,0,256
001_ABC,29440,82131,0.9945220947265624,77.31536660250276,60.34008280436198,0,256
001_ABC,29440,82387,0.627288818359375,64.83805729798041,46.38302103678385,0,256
001_ABC,29696,81107,0.9940338134765624,95.45633929572068,53.584869384765625,0,256
001_ABC,29696,81363,1.0,91.692132409662,48.12406412760416,0,256
001_ABC,29696,81619,1.0,83.15367635991424,55.2887929280599,0,256
001_ABC,29696,81875,0.9982147216796876,87.22481538518332,50.79255676269531,0,256
001_ABC,29696,82131,0.95648193359375,87.60416972264647,57.10674540201823,0,256
001_ABC,29696,82387,0.63311767578125,72.72959239198826,40.344024658203125,0,256
001_ABC,29952,81107,0.512237548828125,79.665169644868,27.53021748860677,0,256
001_ABC,29952,81363,0.94293212890625,112.83858004864304,42.62788899739584,0,256
001_ABC,29952,81619,1.0,97.88713981560431,44.595316569010414,0,256
001_ABC,29952,81875,0.918182373046875,97.00748797110282,56.063507080078125,0,256
001_ABC,29952,82131,0.9794158935546876,87.65976439416409,58.44445292154948,0,256
001_ABC,29952,82387,0.65313720703125,72.35916546895169,39.1356201171875,0,256
001_ABC,30208,80851,0.8720550537109375,87.89874516776763,46.09764607747396,0,256
001_ABC,30208,81107,0.9049530029296876,122.18685045070016,57.07592264811198,0,256
001_ABC,30208,81363,0.986083984375,135.40266078687273,49.787933349609375,0,256
001_ABC,30208,81619,0.998809814453125,105.808830721071,46.47357177734375,0,256
001_ABC,30208,81875,0.992889404296875,112.4770100133028,63.18390909830729,0,256
001_ABC,30208,82131,0.9183502197265624,97.5487205972895,59.33900451660156,0,256
001_ABC,30208,82387,0.7364654541015625,81.45882452628575,49.34321594238281,0,256
001_ABC,30464,80595,0.825775146484375,66.33867451339029,50.19868469238281,0,256
001_ABC,30464,80851,0.99371337890625,71.86422292795032,51.8733164469401,0,256
001_ABC,30464,81107,0.9636688232421876,78.96381143457256,51.10966491699219,0,256
001_ABC,30464,81363,0.894317626953125,94.13361689075828,49.37721252441406,0,256
001_ABC,30464,81619,0.994232177734375,74.7679376071319,46.894561767578125,0,256
001_ABC,30464,81875,0.8665924072265625,75.93494597240351,47.305989583333336,0,256
001_ABC,30464,82131,1.0,73.98060483834706,48.06937154134115,0,256
001_ABC,30464,82387,0.9999542236328124,64.43914119317196,63.68773905436198,0,256
001_ABC,30464,82643,0.200531005859375,38.29177845176309,15.777374267578123,0,256
001_ABC,30720,80595,0.84393310546875,76.44062720960937,40.86683654785156,0,256
001_ABC,30720,80851,0.9927520751953124,77.41312366328202,50.441060384114586,0,256
001_ABC,30720,81107,1.0,70.38731535896659,55.46073913574219,0,256
001_ABC,30720,81363,0.9911041259765624,73.42862006183714,46.14820353190104,0,256
001_ABC,30720,81619,0.9300079345703124,77.68375722668134,46.31982421875,0,256
001_ABC,30720,81875,0.7275543212890625,63.92454801499844,39.1245371500651,0,256
001_ABC,30720,82131,0.6708526611328125,60.26411853730679,32.259012858072914,0,256
001_ABC,30720,82387,0.874603271484375,77.78230999410152,53.858428955078125,0,256
001_ABC,30720,82643,0.3621978759765625,46.30079599446617,18.988149007161457,0,256
001_ABC,30976,80595,0.5887908935546875,72.73280196427368,29.73423767089844,0,256
001_ABC,30976,80851,0.9531402587890624,79.42016708478332,49.950113932291664,0,256
001_ABC,30976,81107,1.0,61.185421778820455,55.31770324707031,0,256
001_ABC,30976,81363,1.0,67.42224850109778,44.80856323242188,0,256
001_ABC,30976,81619,0.950042724609375,72.95948576088995,46.25628662109375,0,256
001_ABC,30976,81875,0.818267822265625,78.78987961634994,39.14640808105469,0,256
001_ABC,30976,82131,0.9393157958984376,78.72363861557096,42.39638264973959,0,256
001_ABC,30976,82387,0.992889404296875,82.41062891832553,60.67122904459635,0,256
001_ABC,30976,82643,0.5621490478515625,70.10989321675152,30.445444742838543,0,256
001_ABC,31232,80851,0.977386474609375,94.2452585452702,55.153645833333336,0,256
001_ABC,31232,81107,1.0,73.42707392480224,47.1939951578776,0,256
001_ABC,31232,81363,0.8780059814453125,88.4050848102197,43.8743642171224,0,256
001_ABC,31232,81619,0.7457427978515625,68.99604504718445,32.97765604654948,0,256
001_ABC,31232,81875,0.924163818359375,74.5299177011475,40.98912048339844,0,256
001_ABC,31232,82131,1.0,86.91146312654018,51.21732584635416,0,256
001_ABC,31232,82387,0.9593505859375,66.40088494471274,38.87311808268229,0,256
001_ABC,31232,82643,0.293731689453125,48.84809858514927,15.657760620117188,0,256
001_ABC,31488,80851,0.974700927734375,120.58111062273385,67.34353129069011,0,256
001_ABC,31488,81107,0.949005126953125,97.48495268821716,56.205108642578125,0,256
001_ABC,31488,81363,0.9989776611328124,78.13871585950255,45.618754069010414,0,256
001_ABC,31488,81619,1.0,73.90761157032102,41.86680603027344,0,256
001_ABC,31488,81875,0.9912872314453124,84.12944991490804,54.98303731282552,0,256
001_ABC,31488,82131,0.817779541015625,77.86635571625084,45.57768249511719,0,256
001_ABC,31488,82387,0.9904022216796876,77.74329679831862,42.98090616861979,0,256
001_ABC,31488,82643,0.1830902099609375,40.62556017911993,9.091354370117188,0,256
001_ABC,31744,80851,0.941650390625,103.95013231039049,44.408955891927086,0,256
001_ABC,31744,81107,0.99822998046875,90.5543481016066,60.580474853515625,0,256
001_ABC,31744,81363,1.0,69.01061769179069,43.78291320800781,0,256
001_ABC,31744,81619,1.0,70.24973201751709,40.50628662109375,0,256
001_ABC,31744,81875,0.9898834228515624,73.5576347373426,47.28414916992188,0,256
001_ABC,31744,82131,1.0,84.1467494328972,50.78778076171875,0,256
001_ABC,31744,82387,1.0,80.82444241270423,55.0445302327474,0,256
001_ABC,31744,82643,0.8111419677734375,85.09132455289364,41.81914265950521,0,256
001_ABC,31744,82899,0.2232513427734375,44.67308470234275,14.0693359375,0,256
001_ABC,32000,80851,0.9324493408203124,83.54030926316045,34.61954243977865,0,256
001_ABC,32000,81107,1.0,72.09940541698597,50.202473958333336,0,256
001_ABC,32000,81363,1.0,61.10592618212104,47.70361836751302,0,256
001_ABC,32000,81619,1.0,65.49532767757773,44.45270284016927,0,256
001_ABC,32000,81875,1.0,75.03749442100525,47.36739095052084,0,256
001_ABC,32000,82131,1.0,75.49230414256454,46.90762837727865,0,256
001_ABC,32000,82387,1.0,81.45222186832689,47.95475260416666,0,256
001_ABC,32000,82643,1.0,78.60783170815557,38.753021240234375,0,256
001_ABC,32000,82899,0.6617584228515625,66.2169767038431,31.79803466796875,0,256
001_ABC,32256,80851,0.6905517578125,94.085005214205,33.97584533691406,0,256
001_ABC,32256,81107,0.9947967529296876,86.29571248195134,57.70673624674479,0,256
001_ABC,32256,81363,1.0,86.84403628087603,50.3022715250651,0,256
001_ABC,32256,81619,1.0,87.14802076574415,40.81386311848959,0,256
001_ABC,32256,81875,1.0,87.5909765502438,49.12984212239584,0,256
001_ABC,32256,82131,0.8036956787109375,69.55963287409395,30.252182006835938,0,256
001_ABC,32256,82387,0.7993621826171875,84.12521409895271,28.757492065429688,0,256
001_ABC,32256,82643,1.0,91.27979254722597,38.02143351236979,0,256
001_ABC,32256,82899,0.881195068359375,95.64044922497123,49.7520497639974,0,256
001_ABC,32512,80595,0.71527099609375,75.61012056097388,40.77931213378906,0,256
001_ABC,32512,80851,0.708953857421875,72.31025968492031,51.62816365559896,0,256
001_ABC,32512,81107,0.663421630859375,87.77259319811128,47.721099853515625,0,256
001_ABC,32512,81363,0.71673583984375,80.02278120978735,42.59176127115885,0,256
001_ABC,32512,81619,0.599456787109375,67.5387799590826,31.826461791992188,0,256
001_ABC,32512,81875,0.9778594970703124,75.32666485174559,50.18255615234375,0,256
001_ABC,32512,82131,0.921783447265625,59.673680232604966,33.943461100260414,0,256
001_ABC,32512,82387,0.246002197265625,41.12025732151233,11.75750732421875,0,256
001_ABC,32512,82643,0.5505218505859375,54.54830752313137,20.929916381835938,0,256
001_ABC,32512,82899,0.45562744140625,53.466818388551474,19.11456298828125,0,256
001_ABC,32768,80595,0.87469482421875,83.10650960891508,46.89911905924479,0,256
001_ABC,32768,80851,1.0,95.31495402753352,52.38731892903646,0,256
001_ABC,32768,81107,0.8331756591796875,101.92182034160942,60.4811045328776,0,256
001_ABC,32768,81363,0.96575927734375,94.08202719688416,53.85893249511719,0,256
001_ABC,32768,81619,0.5926055908203125,75.47111498937011,31.481831868489586,0,256
001_ABC,32768,81875,0.9604949951171876,84.81721496582031,49.5773671468099,0,256
001_ABC,32768,82131,0.9964752197265624,65.65428671147674,40.46333821614584,0,256
001_ABC,32768,82387,0.8844146728515625,67.52828478976153,31.09820048014323,0,256
001_ABC,32768,82643,0.2619171142578125,46.62115758657456,13.04955037434896,0,256
001_ABC,33024,80595,0.7634735107421875,74.42494201636873,34.82049051920573,0,256
001_ABC,33024,80851,0.9931182861328124,84.44323265459388,50.82038879394531,0,256
001_ABC,33024,81107,1.0,95.34030055627228,46.0534922281901,0,256
001_ABC,33024,81363,0.998260498046875,116.5572945305612,47.80635070800781,0,256
001_ABC,33024,81619,0.92181396484375,115.3147464087233,44.28106689453125,0,256
001_ABC,33024,81875,0.89947509765625,95.28503670520148,38.8030039469401,0,256
001_ABC,33024,82131,1.0,87.0328744945582,45.68056233723959,0,256
001_ABC,33024,82387,0.998687744140625,95.96999259945004,47.64192199707031,0,256
001_ABC,33024,82643,0.4539794921875,63.99150940566324,18.407567342122395,0,256
001_ABC,33280,80595,0.745208740234375,67.78671711287461,39.09332275390625,0,256
001_ABC,33280,80851,0.99859619140625,84.2298060869798,49.5001220703125,0,256
001_ABC,33280,81107,0.9271392822265624,98.00019807904027,44.80345153808594,0,256
001_ABC,33280,81363,0.8654327392578125,90.762251525186,38.632588704427086,0,256
001_ABC,33280,81619,0.808135986328125,89.37604326172732,37.44261678059896,0,256
001_ABC,33280,81875,0.8373565673828125,105.36790882050992,55.35712178548177,0,256
001_ABC,33280,82131,0.75347900390625,88.80625817156397,48.71651713053385,0,256
001_ABC,33280,82387,0.7421417236328125,92.84722990891896,50.2265370686849,0,256
001_ABC,33280,82643,0.4883575439453125,74.63186776801012,32.368021647135414,0,256
001_ABC,33536,80595,0.85491943359375,108.622169326758,46.47100321451823,0,256
001_ABC,33536,80851,1.0,98.50678628659809,56.07126871744792,0,256
001_ABC,33536,81107,0.9687042236328124,108.58945562853478,59.60808308919271,0,256
001_ABC,33536,81363,0.791229248046875,94.69587405677883,39.19593811035156,0,256
001_ABC,33536,81619,0.8624114990234375,95.80893638520502,48.64020792643229,0,256
001_ABC,33536,81875,0.9766693115234376,84.31099804397672,54.49819946289063,0,256
001_ABC,33536,82131,0.58636474609375,84.32135423924774,37.2320810953776,0,256
001_ABC,33536,82387,0.6713714599609375,83.74875363335013,36.41134643554688,0,256
001_ABC,33536,82643,0.721649169921875,104.49377024080604,39.64517211914063,0,256
001_ABC,33792,80339,0.6818389892578125,97.30163287743926,43.34977722167969,0,256
001_ABC,33792,80595,0.542327880859375,96.7029818610754,28.417811075846355,0,256
001_ABC,33792,80851,0.9122314453125,115.76005317433736,61.77362060546875,0,256
001_ABC,33792,81107,0.871368408203125,113.63832094310784,64.74550374348958,0,256
001_ABC,33792,81363,0.9991912841796876,91.4799957254436,60.05096944173177,0,256
001_ABC,33792,81619,1.0,84.19666942371987,59.48809305826823,0,256
001_ABC,33792,81875,1.0,89.63239725586027,62.82584635416666,0,256
001_ABC,33792,82131,0.959503173828125,90.38207149505617,57.5889638264974,0,256
001_ABC,33792,82387,0.9996490478515624,100.91419577598572,53.07559712727865,0,256
001_ABC,33792,82643,0.616058349609375,79.05659365071915,24.914332071940105,0,256
001_ABC,34048,80339,0.93359375,124.62122773751616,45.232645670572914,0,256
001_ABC,34048,80595,0.9636077880859376,136.04122119303793,61.58684794108073,0,256
001_ABC,34048,80851,0.8399505615234375,121.36713722511196,56.31590270996094,0,256
001_ABC,34048,81107,0.9999542236328124,114.60032641491853,52.21083068847656,0,256
001_ABC,34048,81363,1.0,107.12113355100156,57.3155771891276,0,256
001_ABC,34048,81619,0.90576171875,114.96746513596736,64.86973063151042,0,256
001_ABC,34048,81875,0.8318328857421875,101.16220825817436,49.53684997558594,0,256
001_ABC,34048,82131,1.0,89.11441311892122,52.16392008463541,0,256
001_ABC,34048,82387,1.0,108.77529045101257,49.15013122558594,0,256
001_ABC,34048,82643,0.7865142822265625,131.78771877288818,49.794535319010414,0,256
001_ABC,34304,80339,0.6978759765625,116.20153138577008,35.841532389322914,0,256
001_ABC,34304,80595,0.55804443359375,100.58386383857578,34.48114522298177,0,256
001_ABC,34304,80851,0.8066864013671875,139.22606180608273,50.593353271484375,0,256
001_ABC,34304,81107,0.990020751953125,115.952708899742,45.47111511230469,0,256
001_ABC,34304,81363,0.9295196533203124,120.43307094927876,46.17033894856771,0,256
001_ABC,34304,81619,0.6287384033203125,96.3984563201666,31.91595967610677,0,256
001_ABC,34304,81875,1.0,132.17010889854282,55.73629252115885,0,256
001_ABC,34304,82131,1.0,113.51278497930616,51.78160603841146,0,256
001_ABC,34304,82387,1.0,174.65931052318774,72.49938456217448,0,256
001_ABC,34304,82643,0.54193115234375,99.58839518926106,36.48140462239584,0,256
001_ABC,34560,80339,0.7728118896484375,80.14497910439968,35.0074717203776,0,256
001_ABC,34560,80595,0.9911041259765624,81.1721121808514,56.504048665364586,0,256
001_ABC,34560,80851,0.9794921875,82.05389162059873,53.33067321777344,0,256
001_ABC,34560,81107,1.0,70.51089649437927,51.67359415690104,0,256
001_ABC,34560,81363,1.0,75.5750841787085,51.041046142578125,0,256
001_ABC,34560,81619,0.7503204345703125,71.16986057069153,42.99579366048177,0,256
001_ABC,34560,81875,0.936248779296875,90.9089751446154,46.60097249348959,0,256
001_ABC,34560,82131,0.7779083251953125,85.53401866531931,40.79772440592448,0,256
001_ABC,34560,82387,0.99688720703125,105.3624520516023,65.37064615885417,0,256
001_ABC,34560,82643,0.324432373046875,64.59199034399353,23.596033732096355,0,256
001_ABC,34816,80339,0.2916107177734375,49.72413283563219,14.809834798177084,0,256
001_ABC,34816,80595,1.0,70.76109121157788,50.70894877115885,0,256
001_ABC,34816,80851,1.0,64.68868378526531,49.93644714355469,0,256
001_ABC,34816,81107,1.0,68.01117716729641,46.93817138671875,0,256
001_ABC,34816,81363,1.0,62.29381996556185,44.5145263671875,0,256
001_ABC,34816,81619,1.0,69.11199951171875,48.94190470377604,0,256
001_ABC,34816,81875,1.0,86.29872443876229,54.35858154296875,0,256
001_ABC,34816,82131,0.9748992919921876,87.68788111559115,59.60300699869792,0,256
001_ABC,34816,82387,0.9506378173828124,90.89122002548538,66.85633341471355,0,256
001_ABC,34816,82643,0.152374267578125,53.57531532552093,17.77965799967448,0,256
001_ABC,35072,80339,0.78363037109375,64.36223015724681,32.2386474609375,0,256
001_ABC,35072,80595,1.0,75.03177888854407,47.68989054361979,0,256
001_ABC,35072,80851,1.0,69.05148406676017,52.0282236735026,0,256
001_ABC,35072,81107,1.0,67.4655249780044,45.64409383138021,0,256
001_ABC,35072,81363,0.9994964599609376,78.50549684441648,55.17574055989584,0,256
001_ABC,35072,81619,0.987274169921875,86.85793401207775,65.92405700683594,0,256
001_ABC,35072,81875,0.9313507080078124,87.78666791226715,48.9989980061849,0,256
001_ABC,35072,82131,0.901153564453125,88.01974424347281,49.70829772949219,0,256
001_ABC,35072,82387,0.1423492431640625,49.48044788441621,12.280364990234377,0,256
001_ABC,35328,80339,0.99267578125,78.65792066208087,44.52510579427084,0,256
001_ABC,35328,80595,1.0,76.51308577880263,43.64053853352865,0,256
001_ABC,35328,80851,0.997802734375,81.39859576500021,46.8250732421875,0,256
001_ABC,35328,81107,1.0,80.49864885117859,62.379302978515625,0,256
001_ABC,35328,81363,0.5469970703125,62.93528580269776,28.757527669270832,0,256
001_ABC,35328,81619,0.9973297119140624,84.15283966227435,62.54805501302084,0,256
001_ABC,35328,81875,1.0,86.81611804082058,56.05543009440104,0,256
001_ABC,35328,82131,0.5249481201171875,68.85587542667054,29.159581502278645,0,256
001_ABC,35584,80083,0.52374267578125,62.95097129698843,25.69630940755208,0,256
001_ABC,35584,80339,1.0,72.24364372249693,49.99178568522135,0,256
001_ABC,35584,80595,1.0,73.80235025449656,51.22625732421875,0,256
001_ABC,35584,80851,1.0,82.96951852738857,48.5579833984375,0,256
001_ABC,35584,81107,0.762847900390625,81.18610879941843,43.32067362467448,0,256
001_ABC,35584,81363,0.5048675537109375,70.12842726707458,25.85070292154948,0,256
001_ABC,35584,81619,1.0,77.48550365772098,51.5312245686849,0,256
001_ABC,35584,81875,1.0,72.9288368949201,53.26703389485677,0,256
001_ABC,35584,82131,0.543304443359375,58.642625076463446,31.304031372070312,0,256
001_ABC,35840,79827,0.773406982421875,71.47166902478784,31.71006774902344,0,256
001_ABC,35840,80083,1.0,74.86149052879773,50.92057291666666,0,256
001_ABC,35840,80339,1.0,72.64224059111439,58.530181884765625,0,256
001_ABC,35840,80595,1.0,76.56674014194869,57.24937947591146,0,256
001_ABC,35840,80851,1.0,85.17924080789089,49.45660400390625,0,256
001_ABC,35840,81107,0.8906402587890625,85.64774499740452,38.56948852539063,0,256
001_ABC,35840,81363,0.9931640625,78.95717427856289,42.37493387858073,0,256
001_ABC,35840,81619,1.0,75.26219425513409,44.28271993001302,0,256
001_ABC,35840,81875,0.868133544921875,71.69346610247158,40.83915710449219,0,256
001_ABC,35840,82131,0.1118927001953125,43.58016696199775,8.613149007161459,0,256
001_ABC,36096,79571,0.8145599365234375,76.30157892312855,34.99138895670573,0,256
001_ABC,36096,79827,1.0,81.60936745628715,48.33966573079427,0,256
001_ABC,36096,80083,1.0,78.29307418968529,52.98970540364584,0,256
001_ABC,36096,80339,1.0,88.26179072167724,55.370849609375,0,256
001_ABC,36096,80595,1.0,86.23131153639406,54.84843953450521,0,256
001_ABC,36096,80851,1.0,94.55230840831064,44.08744812011719,0,256
001_ABC,36096,81107,1.0,81.12337129935622,44.60501607259115,0,256
001_ABC,36096,81363,1.0,74.07482959679328,45.43527221679688,0,256
001_ABC,36096,81619,1.0,79.89476555935107,47.64118448893229,0,256
001_ABC,36096,81875,0.7135009765625,68.0637584887445,34.87897745768229,0,256
001_ABC,36352,79571,0.9963531494140624,81.28842336661182,40.77087910970052,0,256
001_ABC,36352,79827,1.0,78.03356297221035,49.44025166829427,0,256
001_ABC,36352,80083,1.0,80.12640514131635,49.37058512369792,0,256
001_ABC,36352,80339,1.0,95.47490562289022,51.11520385742188,0,256
001_ABC,36352,80595,1.0,88.40282918862067,46.43840026855469,0,256
001_ABC,36352,80851,1.0,91.50147968437524,45.32369995117188,0,256
001_ABC,36352,81107,1.0,84.39522679056972,44.40850321451823,0,256
001_ABC,36352,81363,1.0,85.66226192936301,43.73728434244792,0,256
001_ABC,36352,81619,1.0,92.72956806328148,51.17676289876302,0,256
001_ABC,36352,81875,0.7436370849609375,76.05014129332267,34.89221700032552,0,256
001_ABC,36608,79571,0.96807861328125,60.362883031368256,40.33944193522135,0,256
001_ABC,36608,79827,1.0,56.685364592587575,44.57071431477865,0,256
001_ABC,36608,80083,1.0,55.80231647542678,49.13331095377604,0,256
001_ABC,36608,80339,0.999603271484375,58.82892217836343,48.867268880208336,0,256
001_ABC,36608,80595,1.0,57.19139099097811,46.12975056966146,0,256
001_ABC,36608,80851,0.9976348876953124,59.48112779459916,42.58491516113281,0,256
001_ABC,36608,81107,1.0,66.23730455338955,40.27702331542969,0,256
001_ABC,36608,81363,0.9988555908203124,68.32417100667953,42.8222401936849,0,256
001_ABC,36608,81619,0.999847412109375,66.59165155515075,46.78062438964844,0,256
001_ABC,36608,81875,0.920745849609375,58.670899260556325,43.30523681640625,0,256
001_ABC,36864,79571,0.99908447265625,66.08049128949642,40.937276204427086,0,256
001_ABC,36864,79827,1.0,66.25843187212013,44.77055358886719,0,256
001_ABC,36864,80083,1.0,58.82446665223688,54.10494995117188,0,256
001_ABC,36864,80339,1.0,64.12088314420544,49.11518859863281,0,256
001_ABC,36864,80595,0.9998779296875,65.41009636013769,45.904693603515625,0,256
001_ABC,36864,80851,1.0,64.70885082986206,43.37109375,0,256
001_ABC,36864,81107,1.0,71.71798840072006,43.97166951497396,0,256
001_ABC,36864,81363,1.0,70.35491943359375,52.53623962402344,0,256
001_ABC,36864,81619,1.0,61.13460372388363,49.51259358723959,0,256
001_ABC,36864,81875,0.917388916015625,67.67414028849453,39.7760009765625,0,256
001_ABC,37120,79571,0.4545745849609375,62.46552563435398,18.378402709960938,0,256
001_ABC,37120,79827,0.9940032958984376,74.48655951675028,45.33454386393229,0,256
001_ABC,37120,80083,1.0,69.26576161175035,52.84564208984375,0,256
001_ABC,37120,80339,1.0,68.20918343961239,53.97540791829427,0,256
001_ABC,37120,80595,1.0,73.56368002202362,52.088114420572914,0,256
001_ABC,37120,80851,0.9963836669921876,73.27815649448894,43.27772521972656,0,256
001_ABC,37120,81107,0.997955322265625,81.17749370611273,44.53839619954427,0,256
001_ABC,37120,81363,1.0,78.76806426048279,51.80094909667969,0,256
001_ABC,37120,81619,1.0,71.37667433149181,48.62665303548177,0,256
001_ABC,37120,81875,0.4954681396484375,59.11504761665128,24.32858784993489,0,256
001_ABC,37376,79571,0.5180206298828125,62.828750582179055,24.2950439453125,0,256
001_ABC,37376,79827,1.0,69.74376897676848,52.52833048502604,0,256
001_ABC,37376,80083,1.0,72.08513986226171,54.65464274088541,0,256
001_ABC,37376,80339,1.0,69.11420395132154,54.8431396484375,0,256
001_ABC,37376,80595,1.0,73.42720945901237,51.72767130533854,0,256
001_ABC,37376,80851,0.9988861083984376,79.40882003470324,46.63961791992188,0,256
001_ABC,37376,81107,1.0,80.73414253233932,46.86322530110677,0,256
001_ABC,37376,81363,1.0,81.27611886616796,48.3865712483724,0,256
001_ABC,37376,81619,1.0,82.50221954286098,53.27209981282552,0,256
001_ABC,37376,81875,0.7329559326171875,69.12517879903316,38.6278330485026,0,256
001_ABC,37632,79571,0.733123779296875,76.17394638061523,35.92094421386719,0,256
001_ABC,37632,79827,1.0,74.77103857300244,60.04875183105469,0,256
001_ABC,37632,80083,1.0,83.7151408707723,54.43199666341146,0,256
001_ABC,37632,80339,1.0,78.30961537151597,58.45103454589844,0,256
001_ABC,37632,80595,1.0,79.96763282991014,57.616302490234375,0,256
001_ABC,37632,80851,0.9998779296875,80.55603561899625,49.93596394856771,0,256
001_ABC,37632,81107,1.0,82.36040533985943,46.24945576985677,0,256
001_ABC,37632,81363,0.999481201171875,96.66604117956012,55.90037536621094,0,256
001_ABC,37632,81619,1.0,95.4416064620018,54.964436848958336,0,256
001_ABC,37632,81875,0.8011627197265625,82.30872969864868,46.30247497558594,0,256
001_ABC,37888,79571,0.9495086669921876,90.12860112544148,52.17656962076823,0,256
001_ABC,37888,79827,1.0,83.04974670126103,64.437255859375,0,256
001_ABC,37888,80083,1.0,82.08450579247437,65.4891357421875,0,256
001_ABC,37888,80339,1.0,85.50102302338928,62.51922607421875,0,256
001_ABC,37888,80595,1.0,89.22415826446377,56.84644063313802,0,256
001_ABC,37888,80851,0.99957275390625,82.77600709511898,54.21348571777344,0,256
001_ABC,37888,81107,1.0,91.34252536459826,51.60795084635416,0,256
001_ABC,37888,81363,1.0,93.84214044269174,53.10687255859375,0,256
001_ABC,37888,81619,0.9931488037109376,98.19802387594244,56.39891560872396,0,256
001_ABC,37888,81875,0.676422119140625,68.31647396087646,35.7934315999349,0,256
001_ABC,38144,79571,0.995819091796875,102.0321146985516,58.51561991373698,0,256
001_ABC,38144,79827,1.0,88.79963675676845,65.10774739583333,0,256
001_ABC,38144,80083,1.0,91.0622070878744,54.91648864746094,0,256
001_ABC,38144,80339,1.0,99.88058496988378,53.50694274902344,0,256
001_ABC,38144,80595,1.0,94.70026976219378,49.24671936035156,0,256
001_ABC,38144,80851,0.9990692138671876,100.01336592971349,53.62326049804688,0,256
001_ABC,38144,81107,1.0,95.02982971724124,55.16651916503906,0,256
001_ABC,38144,81363,1.0,92.70119025930762,51.92921447753906,0,256
001_ABC,38144,81619,1.0,107.6549281065818,53.610941569010414,0,256
001_ABC,38144,81875,0.402557373046875,66.7270021289587,23.252222696940105,0,256
001_ABC,38400,79571,1.0,115.7500116226729,72.80362447102864,0,256
001_ABC,38400,79827,1.0,107.40883832797408,67.87841288248698,0,256
001_ABC,38400,80083,0.970916748046875,99.95545693393797,55.5013427734375,0,256
001_ABC,38400,80339,1.0,104.95268911123276,56.36595662434896,0,256
001_ABC,38400,80595,1.0,97.80647864099592,55.53160603841146,0,256
001_ABC,38400,80851,0.99981689453125,94.7216574512422,52.52476501464844,0,256
001_ABC,38400,81107,1.0,106.12230359017848,56.97502136230469,0,256
001_ABC,38400,81363,1.0,91.78576648887248,54.45423380533854,0,256
001_ABC,38400,81619,0.7158355712890625,84.83341065957211,36.78385416666666,0,256
001_ABC,38400,81875,0.1540374755859375,62.64255172363482,14.541600545247396,0,256
001_ABC,38656,79315,0.746124267578125,76.68816155730747,41.99140930175781,0,256
001_ABC,38656,79571,1.0,71.99690809473395,61.34935506184896,0,256
001_ABC,38656,79827,1.0,65.81140103563666,58.52051798502604,0,256
001_ABC,38656,80083,1.0,70.48220636602491,51.26310729980469,0,256
001_ABC,38656,80339,0.999542236328125,74.37790971412323,51.03862508138021,0,256
001_ABC,38656,80595,1.0,69.9359981706366,53.85515848795573,0,256
001_ABC,38656,80851,1.0,66.16924109961838,53.421793619791664,0,256
001_ABC,38656,81107,1.0,72.87963634356856,55.79981486002604,0,256
001_ABC,38656,81363,0.999755859375,72.36740170419216,52.61576334635416,0,256
001_ABC,38656,81619,0.943267822265625,75.56200910266489,49.58621724446615,0,256
001_ABC,38656,81875,0.1472625732421875,42.37345450907014,11.55322265625,0,256
001_ABC,38912,79315,0.8201751708984375,90.18669106718151,52.01954650878906,0,256
001_ABC,38912,79571,0.8149871826171875,63.682963121449575,51.12580871582031,0,256
001_ABC,38912,79827,0.8104095458984375,64.34427502169274,42.8106689453125,0,256
001_ABC,38912,80083,0.9761199951171876,67.69664381351322,50.19611104329427,0,256
001_ABC,38912,80339,0.9831695556640624,68.77168887015432,50.94664510091146,0,256
001_ABC,38912,80595,1.0,75.32384957722388,51.58120727539063,0,256
001_ABC,38912,80851,1.0,75.33273647888564,54.28627014160156,0,256
001_ABC,38912,81107,0.9124298095703124,72.67465383536182,45.51529439290365,0,256
001_ABC,38912,81363,0.6699981689453125,59.34632658120245,35.67618306477865,0,256
001_ABC,38912,81619,0.9735107421875,81.3698101900518,49.195587158203125,0,256
001_ABC,38912,81875,0.143707275390625,47.03133894666098,10.190475463867188,0,256
001_ABC,39168,79315,0.9928131103515624,107.36034461273812,62.79207865397135,0,256
001_ABC,39168,79571,1.0,82.3350682221353,64.01896158854167,0,256
001_ABC,39168,79827,1.0,77.08556815609336,57.91869608561198,0,256
001_ABC,39168,80083,0.9745025634765624,76.23275963380001,55.66265360514323,0,256
001_ABC,39168,80339,1.0,71.52495381957851,56.35156758626302,0,256
001_ABC,39168,80595,1.0,79.88760166591965,55.03743998209635,0,256
001_ABC,39168,80851,1.0,80.16060407063924,48.22319030761719,0,256
001_ABC,39168,81107,0.6850433349609375,66.182737021707,33.11722310384115,0,256
001_ABC,39168,81363,0.649871826171875,65.49220371595584,28.974685668945312,0,256
001_ABC,39168,81619,0.6245269775390625,65.60268878098577,29.159250895182293,0,256
001_ABC,39424,79315,1.0,80.10427415277809,48.51138305664063,0,256
001_ABC,39424,79571,1.0,94.45113699045032,65.77799987792969,0,256
001_ABC,39424,79827,1.0,78.99649056210183,62.88037618001302,0,256
001_ABC,39424,80083,0.9619903564453124,75.92711105849594,56.900004069010414,0,256
001_ABC,39424,80339,0.9980926513671876,81.53578538424335,59.18646748860677,0,256
001_ABC,39424,80595,1.0,87.38349842187017,54.30700174967448,0,256
001_ABC,39424,80851,1.0,95.45748744811864,54.35614522298177,0,256
001_ABC,39424,81107,0.3743133544921875,60.89099470432848,23.087677001953125,0,256
001_ABC,39424,81363,0.12750244140625,48.18896228983067,11.504954020182293,0,256
001_ABC,39424,81619,0.5096588134765625,63.99848651117645,24.02666727701823,0,256
001_ABC,39680,79571,0.841094970703125,84.76835991046391,49.2746327718099,0,256
001_ABC,39680,79827,1.0,96.72572478279471,57.30530802408854,0,256
001_ABC,39680,80083,1.0,92.23475207365118,49.69556681315104,0,256
001_ABC,39680,80339,1.0,81.13588433503173,48.8669687906901,0,256
001_ABC,39680,80595,1.0,103.16720579564571,49.14384969075521,0,256
001_ABC,39680,80851,1.0,104.18876647367142,53.66741943359375,0,256
001_ABC,39680,81107,0.9713592529296876,108.33859947230668,56.56528727213541,0,256
001_ABC,39680,81363,0.9262237548828124,99.44126634649,41.90423075358073,0,256
001_ABC,39680,81619,0.0726165771484375,46.90494264452718,8.946711222330729,0,256
001_ABC,39936,79571,0.8524932861328125,84.1034647708293,48.84039815266927,0,256
001_ABC,39936,79827,0.997894287109375,94.1005381308496,59.3736317952474,0,256
001_ABC,39936,80083,0.812774658203125,96.15645384788512,43.76529439290365,0,256
001_ABC,39936,80339,0.769683837890625,83.54480178561062,39.75537109375,0,256
001_ABC,39936,80595,1.0,89.68190164770931,48.12800089518229,0,256
001_ABC,39936,80851,1.0,114.38563029817306,54.365325927734375,0,256
001_ABC,39936,81107,0.962921142578125,104.27463338314556,45.13634745279948,0,256
001_ABC,39936,81363,0.2417449951171875,59.12087594624609,13.969151814778646,0,256
001_ABC,39936,81619,0.0,45.180838405154645,7.269017537434895,0,256
001_ABC,40192,79571,1.0,116.3722794780042,55.6735585530599,0,256
001_ABC,40192,79827,1.0,110.42147886171006,60.72509256998698,0,256
001_ABC,40192,80083,1.0,103.26001065969469,65.81270853678386,0,256
001_ABC,40192,80339,0.96014404296875,94.64923924859612,56.81003824869792,0,256
001_ABC,40192,80595,0.9631805419921876,106.46438040561044,51.90663655598959,0,256
001_ABC,40192,80851,0.8087310791015625,103.79225942119956,42.04704284667969,0,256
001_ABC,40192,81107,0.630035400390625,83.96766238263808,36.43468221028646,0,256
001_ABC,40192,81363,0.7657012939453125,99.73802873399109,44.89105224609375,0,256
001_ABC,40192,81619,0.0461273193359375,51.371332861250266,9.13672383626302,0,256
001_ABC,40448,79571,0.7155609130859375,90.88762731757016,42.24713643391927,0,256
001_ABC,40448,79827,1.0,107.66250188066624,71.22312418619792,0,256
001_ABC,40448,80083,1.0,116.98455934016964,70.60921732584636,0,256
001_ABC,40448,80339,1.0,127.88963813986628,71.35107930501302,0,256
001_ABC,40448,80595,1.0,140.60039687156677,72.09760030110677,0,256
001_ABC,40448,80851,1.0,135.61895563360304,68.01806640625,0,256
001_ABC,40448,81107,1.0,112.14100694283844,55.93274943033854,0,256
001_ABC,40448,81363,0.9957275390625,108.52266841358504,57.09085591634115,0,256
001_ABC,40448,81619,0.2529449462890625,62.71676503121853,17.872024536132812,0,256
001_ABC,40704,79827,0.9801788330078124,90.00247775367461,73.28875223795573,0,256
001_ABC,40704,80083,0.9990997314453124,90.91975882276893,79.97474670410156,0,256
001_ABC,40704,80339,1.0,84.28005599975586,69.10093180338542,0,256
001_ABC,40704,80595,1.0,97.8603994762525,80.22347513834636,0,256
001_ABC,40704,80851,0.998565673828125,92.58020186424255,78.17495218912761,0,256
001_ABC,40704,81107,0.9996337890625,98.21107795462012,75.1556396484375,0,256
001_ABC,40704,81363,0.9688720703125,85.57768162875436,71.46591695149739,0,256
001_ABC,40704,81619,0.2891845703125,50.49085001624189,20.010706583658852,0,256
001_ABC,40960,79827,0.2489166259765625,54.39005583152175,17.9444580078125,0,256
001_ABC,40960,80083,0.539581298828125,61.90670867613517,30.364669799804688,0,256
001_ABC,40960,80339,1.0,82.63415726926178,63.17720031738281,0,256
001_ABC,40960,80595,0.9999237060546876,91.88426225981677,74.95913696289062,0,256
001_ABC,40960,80851,0.99993896484375,86.30979095306247,66.32892354329427,0,256
001_ABC,40960,81107,1.0,104.56536652054638,80.0032450358073,0,256
001_ABC,40960,81363,0.94793701171875,91.52413009107111,71.52317301432292,0,256
001_ABC,40960,81619,0.0584564208984375,43.520198091864586,7.944040934244792,0,256
001_ABC,41216,80339,0.9960479736328124,81.40097230300307,57.62207539876302,0,256
001_ABC,41216,80595,1.0,85.26194221433252,68.48081970214844,0,256
001_ABC,41216,80851,1.0,105.54847143380904,77.92903645833333,0,256
001_ABC,41216,81107,0.9993743896484376,106.9990073365625,71.70123291015625,0,256
001_ABC,41216,81363,0.9951629638671876,104.3802440201398,68.07772827148438,0,256
001_ABC,41216,81619,0.0756683349609375,45.91268233000301,9.067189534505207,0,256
001_ABC,41472,80339,0.9815521240234376,93.75496953725816,60.73016866048177,0,256
001_ABC,41472,80595,0.9988555908203124,102.07060953602196,66.08872985839844,0,256
001_ABC,41472,80851,0.9992218017578124,114.0100164413452,73.05153910319011,0,256
001_ABC,41472,81107,1.0,117.21380596980453,73.24943542480469,0,256
001_ABC,41472,81363,0.91644287109375,100.0440564667806,61.56538391113281,0,256
001_ABC,41728,80339,0.9938507080078124,93.54538328852504,56.44943237304688,0,256
001_ABC,41728,80595,0.9994964599609376,102.87693828344344,60.3568369547526,0,256
001_ABC,41728,80851,1.0,113.30027096322738,73.83133443196614,0,256
001_ABC,41728,81107,0.996002197265625,124.1750603762921,73.11589050292969,0,256
001_ABC,41728,81363,0.873138427734375,99.3633408397436,64.7633768717448,0,256
001_ABC,41984,80339,0.99395751953125,108.28669714927672,44.521891276041664,0,256
001_ABC,41984,80595,0.9952392578125,107.38423075689934,58.7478281656901,0,256
001_ABC,41984,80851,0.9949493408203124,104.13384465035053,63.17705281575521,0,256
001_ABC,41984,81107,0.994781494140625,112.78781163482928,65.70277913411458,0,256
001_ABC,41984,81363,0.658416748046875,83.6392571926117,41.32607014973959,0,256
001_ABC,42240,80339,0.9632415771484376,121.0108128876891,58.96676635742188,0,256
001_ABC,42240,80595,0.9987030029296876,131.8613940142095,56.0597890218099,0,256
001_ABC,42240,80851,0.9912567138671876,120.28760370519012,54.2033945719401,0,256
001_ABC,42240,81107,0.906402587890625,110.85799722908996,50.65897115071615,0,256
001_ABC,42240,81363,0.554534912109375,76.82727371156216,34.20361836751302,0,256
001_ABC,42496,80339,0.9991302490234376,132.60763749387115,51.26159159342448,0,256
001_ABC,42496,80595,0.986236572265625,133.4764729430899,58.80810546875,0,256
001_ABC,42496,80851,0.8935089111328125,109.14741807780229,58.12745666503906,0,256
001_ABC,42496,81107,0.855743408203125,126.31687130383216,38.29865519205729,0,256
001_ABC,42496,81363,0.180999755859375,54.852876936784014,12.671427408854166,0,256
001_ABC,42752,79315,0.911224365234375,81.48252063593827,47.18187459309896,0,256
001_ABC,42752,79571,0.9438629150390624,79.15469648479484,39.76954650878906,0,256
001_ABC,42752,79827,0.741546630859375,75.57732340320945,51.3685557047526,0,256
001_ABC,42752,80083,0.506439208984375,71.41269394918345,29.72979736328125,0,256
001_ABC,42752,80339,0.9996337890625,90.47108313068748,47.55435180664063,0,256
001_ABC,42752,80595,0.9994964599609376,98.85392856947146,52.77128092447917,0,256
001_ABC,42752,80851,1.0,91.6049476712942,45.76983642578125,0,256
001_ABC,42752,81107,0.48095703125,69.63347852881998,27.972025553385414,0,256
001_ABC,43008,79059,0.9566192626953124,86.76634991820902,50.34105428059896,0,256
001_ABC,43008,79315,0.9957733154296876,92.904045692645,53.90141805013021,0,256
001_ABC,43008,79571,1.0,79.05422525643371,55.46900939941406,0,256
001_ABC,43008,79827,0.997528076171875,82.38560596760362,58.71989949544271,0,256
001_ABC,43008,80083,0.96514892578125,71.81733219977468,51.318013509114586,0,256
001_ABC,43008,80339,0.9989013671875,98.12332933186552,54.41566467285156,0,256
001_ABC,43008,80595,0.9976959228515624,93.87937262072228,52.413604736328125,0,256
001_ABC,43008,80851,0.8572845458984375,93.54198132455348,42.88522338867188,0,256
001_ABC,43264,79059,1.0,95.74042758252472,64.0938212076823,0,256
001_ABC,43264,79315,0.97900390625,88.53462939616293,62.94031270345052,0,256
001_ABC,43264,79571,1.0,98.51757554686628,58.94937133789063,0,256
001_ABC,43264,79827,0.9604339599609376,94.96553366538136,53.383524576822914,0,256
001_ABC,43264,80083,0.8686370849609375,84.79430809244514,49.87044779459635,0,256
001_ABC,43264,80339,0.9800872802734376,89.06358950491995,53.19771830240885,0,256
001_ABC,43264,80595,0.956756591796875,100.85996910906395,48.487223307291664,0,256
001_ABC,43264,80851,0.42401123046875,67.32425981177948,20.14626057942708,0,256
001_ABC,43520,79059,1.0,114.28452467918396,70.96063232421875,0,256
001_ABC,43520,79315,1.0,97.55468488391487,58.71693420410156,0,256
001_ABC,43520,79571,0.935699462890625,88.42895480617881,56.141255696614586,0,256
001_ABC,43520,79827,1.0,95.94164407602511,56.17301940917969,0,256
001_ABC,43520,80083,0.9979095458984376,103.54253875371067,52.98328653971354,0,256
001_ABC,43520,80339,0.9932861328125,92.2866361287888,43.99494934082031,0,256
001_ABC,43520,80595,1.0,113.3700056290254,57.60193888346354,0,256
001_ABC,43520,80851,0.3453826904296875,71.76766424998641,23.496495564778645,0,256
001_ABC,43776,79059,0.765533447265625,88.70956180151552,39.07605997721354,0,256
001_ABC,43776,79315,0.97479248046875,103.52146254642868,63.03153991699219,0,256
001_ABC,43776,79571,0.996917724609375,100.97999041876756,67.08445739746094,0,256
001_ABC,43776,79827,1.0,98.72563594207168,64.02629089355469,0,256
001_ABC,43776,80083,1.0,102.57217332697472,58.45292663574219,0,256
001_ABC,43776,80339,1.0,112.45520703843796,52.27412923177084,0,256
001_ABC,43776,80595,1.0,117.69412862486206,53.773834228515625,0,256
001_ABC,43776,80851,0.442626953125,71.63241967163049,34.47419738769531,0,256
001_ABC,44032,79315,0.8653564453125,112.92895931005478,53.53985087076823,0,256
001_ABC,44032,79571,1.0,109.36442345171236,60.92448933919271,0,256
001_ABC,44032,79827,1.0,106.6349370330572,60.41327921549479,0,256
001_ABC,44032,80083,0.9918975830078124,112.5899158117827,50.66969299316406,0,256
001_ABC,44032,80339,1.0,131.62247824668884,46.62174479166666,0,256
001_ABC,44032,80595,0.667724609375,98.9732980132103,26.113779703776043,0,256
001_ABC,44288,79315,0.78228759765625,121.6441185453441,46.711822509765625,0,256
001_ABC,44288,79571,0.778350830078125,100.67972191772424,48.8023681640625,0,256
001_ABC,44288,79827,0.96136474609375,118.62659907992928,54.18657938639323,0,256
001_ABC,44288,80083,1.0,115.41231607063672,54.47138977050781,0,256
001_ABC,44288,80339,0.98907470703125,112.07967936154456,50.451985677083336,0,256
001_ABC,44288,80595,0.65185546875,91.16187993413769,35.17524719238281,0,256
001_ABC,44544,79827,0.621246337890625,83.86369279003702,24.94149780273437,0,256
001_ABC,44544,80083,0.9880218505859376,104.521990965819,43.432454427083336,0,256
001_ABC,44544,80339,0.9131011962890624,105.20456869062036,40.89111328125,0,256
001_ABC,44544,80595,0.509796142578125,86.18196958955377,27.836008707682293,0,256
001_ABC,44800,79827,0.718414306640625,66.91482400055975,40.71502685546875,0,256
001_ABC,44800,80083,0.9939727783203124,74.57337750284933,38.21795654296875,0,256
001_ABC,44800,80339,0.935272216796875,77.61178474780172,45.068461100260414,0,256
001_ABC,44800,80595,0.0770721435546875,43.59707168652676,8.539932250976562,0,256
001_ABC,45056,79827,0.979034423828125,74.34556395164691,70.34217834472656,0,256
001_ABC,45056,80083,0.982177734375,75.25112836714834,40.55288696289063,0,256
001_ABC,45056,80339,0.7599639892578125,69.49973094812594,33.86109415690104,0,256
001_ABC,45312,79827,0.5947113037109375,69.55788284167647,27.38061014811198,0,256
001_ABC,45312,80083,0.71270751953125,72.50523111387156,28.403244018554688,0,256
001_ABC,64066,52109,0.76910400390625,88.10011874139309,27.30739339192708,0,256
001_ABC,64066,52365,0.719268798828125,77.17990158498287,23.830469767252605,0,256
001_ABC,64066,52621,0.5115814208984375,67.82251994661056,18.10271708170573,0,256
001_ABC,64066,52877,0.9694366455078124,81.82457711710595,30.82539367675781,0,256
001_ABC,64066,53133,0.99713134765625,73.62512193620205,40.907145182291664,0,256
001_ABC,64066,53389,0.7866363525390625,69.85373840085231,30.180516560872395,0,256
001_ABC,64322,52109,0.8824615478515625,90.25848144292831,28.20855712890625,0,256
001_ABC,64322,52365,0.99884033203125,102.84251170768404,37.74515279134115,0,256
001_ABC,64322,52621,0.998138427734375,109.17670445679688,35.35454305013021,0,256
001_ABC,64322,52877,1.0,92.39991731732152,32.46276346842448,0,256
001_ABC,64322,53133,1.0,84.37998610152863,36.80473327636719,0,256
001_ABC,64322,53389,1.0,78.4770153677091,41.4018300374349,0,256
001_ABC,64322,53645,0.6845245361328125,66.62198547064327,25.5211181640625,0,256
001_ABC,64578,51597,0.7413787841796875,76.63950993469916,37.561920166015625,0,256
001_ABC,64578,51853,0.820770263671875,88.72164800367318,29.02021789550781,0,256
001_ABC,64578,52109,0.9999542236328124,107.35844604647718,41.81969706217448,0,256
001_ABC,64578,52365,1.0,112.13218905380928,41.63610331217448,0,256
001_ABC,64578,52621,1.0,106.80913415527904,46.82306925455729,0,256
001_ABC,64578,52877,1.0,106.89329549274407,36.75115966796875,0,256
001_ABC,64578,53133,1.0,87.36596940248273,37.92415873209635,0,256
001_ABC,64578,53389,0.9801483154296876,82.23627429804765,31.939422607421875,0,256
001_ABC,64578,53645,0.9775390625,79.12689037597738,35.81132507324219,0,256
001_ABC,64834,51597,0.93585205078125,91.85571679635903,39.727142333984375,0,256
001_ABC,64834,51853,0.9965362548828124,90.23762510321104,50.45203653971354,0,256
001_ABC,64834,52109,1.0,100.14954763627613,46.0860595703125,0,256
001_ABC,64834,52365,1.0,107.12455337657592,43.3576405843099,0,256
001_ABC,64834,52621,1.0,121.59423108189368,39.36893717447917,0,256
001_ABC,64834,52877,0.9990692138671876,114.60081476694904,32.4727783203125,0,256
001_ABC,64834,53133,0.496185302734375,74.27141915913671,17.30114237467448,0,256
001_ABC,64834,53389,0.1035614013671875,43.21100980020128,8.081090291341146,0,256
001_ABC,64834,53645,0.2905731201171875,53.156590609811246,13.13792928059896,0,256
001_ABC,65090,51597,0.928253173828125,65.148517370224,38.67748514811198,0,256
001_ABC,65090,51853,1.0,61.66202647401951,48.19462585449219,0,256
001_ABC,65090,52109,1.0,58.944664179347456,42.06687927246094,0,256
001_ABC,65090,52365,1.0,74.71849587187171,43.150533040364586,0,256
001_ABC,65090,52621,0.9997100830078124,77.42028741445392,37.86272684733073,0,256
001_ABC,65090,52877,1.0,91.5089099665638,37.73501586914063,0,256
001_ABC,65090,53133,0.8019256591796875,68.90301435347646,27.595428466796875,0,256
001_ABC,65090,53389,0.0623016357421875,39.36887552961707,7.443628946940104,0,256
001_ABC,65090,53645,0.00567626953125,36.96644404693507,6.107798258463542,0,256
001_ABC,65346,51597,0.5701904296875,57.20466016139835,26.645894368489586,0,256
001_ABC,65346,51853,1.0,66.29096304043196,44.12042744954427,0,256
001_ABC,65346,52109,0.9959259033203124,80.67382796760648,37.78536987304688,0,256
001_ABC,65346,52365,1.0,79.96645206212997,41.25233968098959,0,256
001_ABC,65346,52621,1.0,69.4153340102639,49.477630615234375,0,256
001_ABC,65346,52877,1.0,86.79114145040512,46.09747823079427,0,256
001_ABC,65346,53133,1.0,85.19598422944546,36.240743001302086,0,256
001_ABC,65346,53389,0.911041259765625,80.67113280296326,31.507568359375,0,256
001_ABC,65346,53645,0.6281280517578125,67.77617513760924,21.21113586425781,0,256
001_ABC,65602,51853,0.9997406005859376,76.23390297195874,37.62726338704427,0,256
001_ABC,65602,52109,1.0,88.03818069002591,41.20528666178385,0,256
001_ABC,65602,52365,0.9993896484375,98.18891474511474,71.98500569661458,0,256
001_ABC,65602,52621,1.0,80.16568929119967,50.86224873860677,0,256
001_ABC,65602,52877,1.0,108.56026285793632,49.45520528157552,0,256
001_ABC,65602,53133,1.0,90.75022735237144,43.37075805664063,0,256
001_ABC,65602,53389,1.0,84.43185786809772,43.84945170084635,0,256
001_ABC,65602,53645,0.9363250732421876,87.36604132852517,35.21586608886719,0,256
001_ABC,65858,51853,0.4818267822265625,67.2729590346571,19.931325276692707,0,256
001_ABC,65858,52109,1.0,87.782953790389,42.24278259277344,0,256
001_ABC,65858,52365,0.9904937744140624,119.74200955685228,68.10390218098958,0,256
001_ABC,65858,52621,0.9970245361328124,96.35982386674732,58.823018391927086,0,256
001_ABC,65858,52877,1.0,91.52005393593572,47.58160400390625,0,256
001_ABC,65858,53133,1.0,95.53386052860878,46.80926513671875,0,256
001_ABC,65858,53389,1.0,78.24743661191314,41.98506164550781,0,256
001_ABC,65858,53645,0.99871826171875,90.61158817168324,39.6023203531901,0,256
001_ABC,65858,53901,0.602508544921875,72.30327409505844,21.115025838216145,0,256
001_ABC,66114,52109,0.5897369384765625,82.08912653452717,23.7105712890625,0,256
001_ABC,66114,52365,1.0,120.39385751425289,46.612894694010414,0,256
001_ABC,66114,52621,1.0,89.86967429122888,54.3333740234375,0,256
001_ABC,66114,52877,1.0,109.56077342643404,49.42808532714844,0,256
001_ABC,66114,53133,1.0,105.85795169696212,42.00311279296875,0,256
001_ABC,66114,53389,1.0,94.70546706556344,43.192606608072914,0,256
001_ABC,66114,53645,1.0,86.1194456666708,47.78218078613281,0,256
001_ABC,66114,53901,0.990631103515625,98.04812692012638,42.4607899983724,0,256
001_ABC,66114,54157,0.79986572265625,87.6537017149385,26.586634318033852,0,256
001_ABC,66114,54413,0.4779815673828125,72.96323121129535,16.989771525065105,0,256
001_ABC,66370,52365,0.834136962890625,124.44073869194835,48.61492411295573,0,256
001_ABC,66370,52621,0.9949493408203124,116.57880147895776,50.33796183268229,0,256
001_ABC,66370,52877,1.0,125.62032973393798,47.91016642252604,0,256
001_ABC,66370,53133,1.0,131.0701659747865,40.26213073730469,0,256
001_ABC,66370,53389,1.0,130.88456998672336,37.91155497233073,0,256
001_ABC,66370,53645,1.0,106.37874828279018,40.974853515625,0,256
001_ABC,66370,53901,1.0,100.66566251870243,50.65210978190104,0,256
001_ABC,66370,54157,0.9997711181640624,113.96973638888448,37.07512919108073,0,256
001_ABC,66370,54413,0.64813232421875,91.80220358725636,23.107579549153645,0,256
001_ABC,66626,52365,0.6524200439453125,108.16411485499702,31.112518310546875,0,256
001_ABC,66626,52621,1.0,137.41210892423987,45.180318196614586,0,256
001_ABC,66626,52877,1.0,136.26391567941755,47.75816853841146,0,256
001_ABC,66626,53133,1.0,154.9523612773046,40.2954355875651,0,256
001_ABC,66626,53389,0.9995880126953124,152.14197591599077,33.76499938964844,0,256
001_ABC,66626,53645,0.9999847412109376,136.2251187299844,41.05465189615885,0,256
001_ABC,66626,53901,1.0,108.82541505410336,47.88902791341146,0,256
001_ABC,66626,54157,1.0,123.48956633335912,49.33329772949219,0,256
001_ABC,66626,54413,0.99957275390625,122.53116023330948,39.218505859375,0,256
001_ABC,66626,54669,0.9243316650390624,111.47825234755874,28.96894836425781,0,256
001_ABC,66882,52621,0.691650390625,124.71712863608263,29.51941426595052,0,256
001_ABC,66882,52877,1.0,152.7988334370311,46.39104715983073,0,256
001_ABC,66882,53133,1.0,149.99947562045418,41.05047607421875,0,256
001_ABC,66882,53389,1.0,149.7053522914648,40.67076619466146,0,256
001_ABC,66882,53645,1.0,154.14869579090737,40.88491821289063,0,256
001_ABC,66882,53901,1.0,108.99817303731106,53.47087097167969,0,256
001_ABC,66882,54157,1.0,125.7203517993912,51.26460266113281,0,256
001_ABC,66882,54413,1.0,136.27720307162963,45.00981648763021,0,256
001_ABC,66882,54669,0.9019622802734376,127.06655805464834,34.313008626302086,0,256
001_ABC,66882,54925,0.6645965576171875,103.07336515188216,21.626220703125,0,256
001_ABC,67138,52877,0.4827423095703125,57.96254649735056,20.713282267252605,0,256
001_ABC,67138,53133,0.977630615234375,66.81810289225541,33.97408040364584,0,256
001_ABC,67138,53389,1.0,63.95102762407623,37.92981465657552,0,256
001_ABC,67138,53645,1.0,67.21213822974823,37.94719441731771,0,256
001_ABC,67138,53901,1.0,57.54382002260536,47.98541259765625,0,256
001_ABC,67138,54157,1.0,62.72563341981731,47.01136779785156,0,256
001_ABC,67138,54413,1.0,73.73325279261917,40.94519551595052,0,256
001_ABC,67138,54669,0.99859619140625,66.89963260199875,33.73289998372396,0,256
001_ABC,67138,54925,0.9715576171875,63.06603293027729,28.71779378255208,0,256
001_ABC,67138,55181,0.154998779296875,40.249913609586656,9.341746012369793,0,256
001_ABC,67394,53133,0.38262939453125,52.56552637275309,17.092620849609375,0,256
001_ABC,67394,53389,1.0,69.43540300335735,43.42509969075521,0,256
001_ABC,67394,53645,1.0,71.17221802379936,41.599884033203125,0,256
001_ABC,67394,53901,1.0,60.79402563511394,44.41193644205729,0,256
001_ABC,67394,54157,1.0,64.04884877428412,50.749267578125,0,256
001_ABC,67394,54413,1.0,65.94792975089513,39.471211751302086,0,256
001_ABC,67394,54669,1.0,67.41877724207006,35.80511474609375,0,256
001_ABC,67394,54925,0.9962921142578124,67.1684545269236,32.86279805501302,0,256
001_ABC,67394,55181,0.4616241455078125,53.56542726512998,17.388758341471355,0,256
001_ABC,67650,53389,0.8197021484375,72.04416721686721,34.310587565104164,0,256
001_ABC,67650,53645,1.0,77.57486244663596,50.47786966959635,0,256
001_ABC,67650,53901,1.0,77.70622371858917,57.03557840983073,0,256
001_ABC,67650,54157,1.0,62.15659619774669,57.13104248046875,0,256
001_ABC,67650,54413,1.0,71.67209285497665,41.17277526855469,0,256
001_ABC,67650,54669,1.0,70.60129476315342,35.72041829427084,0,256
001_ABC,67650,54925,0.993408203125,71.28763615712523,30.287643432617188,0,256
001_ABC,67650,55181,0.5270843505859375,59.05480538960546,17.916112263997395,0,256
001_ABC,67906,53389,0.489166259765625,63.72895434405655,26.991383870442707,0,256
001_ABC,67906,53645,0.9920654296875,95.87442865874618,61.61895243326823,0,256
001_ABC,67906,53901,1.0,97.38153432472608,71.71374003092448,0,256
001_ABC,67906,54157,1.0,80.55627252813429,61.48712158203125,0,256
001_ABC,67906,54413,0.9902801513671876,73.53475352749228,37.19011433919271,0,256
001_ABC,67906,54669,0.9853363037109376,73.7333965152502,40.25433349609375,0,256
001_ABC,67906,54925,0.9990692138671876,71.11041900306009,35.36282857259115,0,256
001_ABC,67906,55181,0.303375244140625,53.83071630820632,12.863927205403646,0,256
001_ABC,68162,53645,0.79095458984375,87.62772847875021,35.50164794921875,0,256
001_ABC,68162,53901,1.0,109.38722536689602,67.20120239257812,0,256
001_ABC,68162,54157,0.9981842041015624,107.39488163753413,78.68578084309895,0,256
001_ABC,68162,54413,1.0,84.12333330139518,45.01275126139323,0,256
001_ABC,68162,54669,0.955108642578125,84.22175527713262,37.922943115234375,0,256
001_ABC,68162,54925,0.951568603515625,76.90705074719153,35.07605489095052,0,256
001_ABC,68162,55181,0.41949462890625,62.12998560606502,15.974466959635416,0,256
001_ABC,68418,53645,0.223114013671875,54.3524420724716,12.962051391601562,0,256
001_ABC,68418,53901,0.9700927734375,107.70381881273352,40.58197021484375,0,256
001_ABC,68418,54157,0.99981689453125,112.07480541220866,57.83979797363281,0,256
001_ABC,68418,54413,1.0,91.45846100873314,45.11383056640625,0,256
001_ABC,68418,54669,0.99444580078125,92.6891660541296,40.44442240397135,0,256
001_ABC,68418,54925,0.9956512451171876,94.65636307909152,36.8251953125,0,256
001_ABC,68418,55181,0.881622314453125,85.16664036898874,24.235056559244796,0,256
001_ABC,68674,53901,0.503265380859375,76.0700174679514,21.59844462076823,0,256
001_ABC,68674,54157,1.0,114.10308211669326,45.18669637044271,0,256
001_ABC,68674,54413,1.0,100.43743891920894,47.04456583658854,0,256
001_ABC,68674,54669,1.0,102.34055580361746,46.67168172200521,0,256
001_ABC,68674,54925,0.9974212646484376,106.58540970995092,39.05266825358073,0,256
001_ABC,68674,55181,0.808837890625,93.41803239285946,27.84582010904948,0,256
001_ABC,68930,54157,0.913177490234375,104.36999367829412,37.08783467610677,0,256
001_ABC,68930,54413,1.0,122.32574435975404,42.63037109375,0,256
001_ABC,68930,54669,1.0,111.15720363124274,46.80321248372396,0,256
001_ABC,68930,54925,0.84466552734375,95.9650746434927,38.308135986328125,0,256
001_ABC,68930,55181,0.846099853515625,89.28221248998307,27.429168701171875,0,256
001_ABC,69186,54157,0.527496337890625,58.75860767601989,20.82220967610677,0,256
001_ABC,69186,54413,0.9988250732421876,78.89771895646118,36.79537963867188,0,256
001_ABC,69186,54669,1.0,66.4204679147806,51.41065470377604,0,256
001_ABC,69186,54925,0.9997100830078124,80.92077051452361,37.37736511230469,0,256
001_ABC,69186,55181,0.929290771484375,69.44827169179916,32.1906483968099,0,256
001_ABC,69186,55437,0.3425750732421875,46.717262491583824,15.21520487467448,0,256
001_ABC,69442,54413,0.8925018310546875,75.40107315010391,30.956949869791668,0,256
001_ABC,69442,54669,0.760589599609375,69.72123695886694,34.0775146484375,0,256
001_ABC,69442,54925,0.998931884765625,74.13876258954406,40.86248270670573,0,256
001_ABC,69442,55181,1.0,73.3182008266449,43.37337748209635,0,256
001_ABC,69442,55437,0.7603302001953125,57.78551069251262,28.628377278645832,0,256
001_ABC,69698,54413,0.6325836181640625,70.6684650850948,25.369801839192707,0,256
001_ABC,69698,54669,0.9995574951171876,96.08886337280272,44.54998270670573,0,256
001_ABC,69698,54925,1.0,83.56673561688513,43.80390930175781,0,256
001_ABC,69698,55181,1.0,71.21616929769516,45.46890258789063,0,256
001_ABC,69698,55437,0.9846038818359376,65.3927575123962,49.48255920410156,0,256
001_ABC,69698,55693,0.389892578125,53.58756845048629,16.556798299153645,0,256
001_ABC,69954,54669,1.0,80.82307685073465,48.93830871582031,0,256
001_ABC,69954,54925,1.0,81.35467986925505,46.103546142578125,0,256
001_ABC,69954,55181,1.0,84.29948320775293,45.397074381510414,0,256
001_ABC,69954,55437,1.0,80.38511076197028,53.10059102376302,0,256
001_ABC,69954,55693,0.998565673828125,92.00167605932802,48.8229014078776,0,256
001_ABC,69954,55949,0.7757568359375,87.9827326387167,32.74610392252604,0,256
001_ABC,70210,54669,0.913482666015625,77.86639839038253,46.0762939453125,0,256
001_ABC,70210,54925,1.0,78.79125951020978,45.1008046468099,0,256
001_ABC,70210,55181,1.0,81.12161337956786,50.39848836263021,0,256
001_ABC,70210,55437,1.0,84.92671892954968,46.35749816894531,0,256
001_ABC,70210,55693,1.0,96.74143641046248,47.77085876464844,0,256
001_ABC,70210,55949,1.0,100.7292492815759,45.85489400227865,0,256
001_ABC,70210,56205,0.968780517578125,93.76001749932766,43.24532572428385,0,256
001_ABC,70210,56461,0.193572998046875,54.08751375135034,12.488067626953123,0,256
001_ABC,70466,54669,0.4190826416015625,64.58228324353695,19.934041341145832,0,256
001_ABC,70466,54925,1.0,84.26528702676296,48.28971354166666,0,256
001_ABC,70466,55181,1.0,69.57473689969629,54.20824178059896,0,256
001_ABC,70466,55437,1.0,85.61787333502434,44.656840006510414,0,256
001_ABC,70466,55693,1.0,84.97385486587882,53.64693196614584,0,256
001_ABC,70466,55949,1.0,91.5817072307691,52.01789347330729,0,256
001_ABC,70466,56205,1.0,100.45742988213895,55.23485310872396,0,256
001_ABC,70466,56461,0.409576416015625,63.407796800136566,23.077163696289062,0,256
001_ABC,70722,54925,1.0,85.50884444615804,49.46149698893229,0,256
001_ABC,70722,55181,1.0,84.26312350854278,43.67210896809896,0,256
001_ABC,70722,55437,1.0,105.131629958516,49.08949279785156,0,256
001_ABC,70722,55693,1.0,120.87106120493264,45.6440684000651,0,256
001_ABC,70722,55949,1.0,115.91443747933954,43.19068400065104,0,256
001_ABC,70722,56205,0.9998626708984376,114.7340651890263,44.73102823893229,0,256
001_ABC,70722,56461,0.4629669189453125,78.29861293639988,22.04085286458333,0,256
001_ABC,70978,54925,0.89434814453125,94.6690525971353,35.2300059000651,0,256
001_ABC,70978,55181,1.0,92.81254624947906,43.709493001302086,0,256
001_ABC,70978,55437,0.999603271484375,111.42857478559016,54.44370524088541,0,256
001_ABC,70978,55693,1.0,112.2583587905392,47.19651794433594,0,256
001_ABC,70978,55949,1.0,107.64093533810228,48.4472910563151,0,256
001_ABC,70978,56205,0.9994659423828124,122.78543814993463,36.74999491373698,0,256
001_ABC,70978,56461,0.6498870849609375,77.30933628976345,30.046061197916668,0,256
001_ABC,71234,54925,0.82110595703125,70.04735435335897,31.47676086425781,0,256
001_ABC,71234,55181,1.0,77.76973470952362,50.92387898763021,0,256
001_ABC,71234,55437,1.0,60.929468913935125,48.99478149414063,0,256
001_ABC,71234,55693,1.0,70.85952623095363,37.559305826822914,0,256
001_ABC,71234,55949,1.0,68.64816943905316,44.66313680013021,0,256
001_ABC,71234,56205,1.0,65.47966073453426,39.31733194986979,0,256
001_ABC,71234,56461,0.670257568359375,57.924896236509085,25.00909932454427,0,256
001_ABC,71490,54925,0.7183074951171875,78.72161731286906,38.19438171386719,0,256
001_ABC,71490,55181,1.0,79.8270211070776,61.13072204589844,0,256
001_ABC,71490,55437,0.973724365234375,73.51170278689824,54.989776611328125,0,256
001_ABC,71490,55693,0.996490478515625,72.03232902288437,44.3040517171224,0,256
001_ABC,71490,55949,0.9596099853515624,74.07667726278305,53.68565368652344,0,256
001_ABC,71490,56205,1.0,69.63806044845842,45.971710205078125,0,256
001_ABC,71490,56461,0.9780120849609376,69.92000065161847,35.62909952799479,0,256
001_ABC,71490,56717,0.101226806640625,39.97061089333147,8.571253458658854,0,256
001_ABC,71746,54925,0.852691650390625,84.4536930990871,42.230570475260414,0,256
001_ABC,71746,55181,0.9988555908203124,88.61834548413754,53.648834228515625,0,256
001_ABC,71746,55437,0.97650146484375,87.07089160359465,51.85453796386719,0,256
001_ABC,71746,55693,0.9960174560546876,82.47542921430431,51.39796447753906,0,256
001_ABC,71746,55949,0.9828643798828124,75.46071776654571,51.205301920572914,0,256
001_ABC,71746,56205,0.9978179931640624,83.5470332854893,52.362223307291664,0,256
001_ABC,71746,56461,1.0,92.30568982078694,59.53707885742188,0,256
001_ABC,71746,56717,0.4322967529296875,55.93120921193622,20.41659545898437,0,256
001_ABC,72002,54925,0.71221923828125,77.75683041568846,41.2759043375651,0,256
001_ABC,72002,55181,1.0,79.99161092727445,53.96212768554688,0,256
001_ABC,72002,55437,1.0,78.68904184456915,62.06340535481771,0,256
001_ABC,72002,55693,1.0,81.96671738382429,47.41273498535156,0,256
001_ABC,72002,55949,1.0,79.90520330308937,57.56632995605469,0,256
001_ABC,72002,56205,1.0,82.28399487957358,58.65874226888021,0,256
001_ABC,72002,56461,1.0,90.42869450501166,64.98099263509114,0,256
001_ABC,72002,56717,0.467742919921875,60.89522814913653,24.83383178710937,0,256
001_ABC,72258,54925,0.59954833984375,68.44962800201029,31.1876220703125,0,256
001_ABC,72258,55181,1.0,84.5224861369934,52.39567057291666,0,256
001_ABC,72258,55437,1.0,89.6009134016931,55.0069580078125,0,256
001_ABC,72258,55693,0.9888763427734376,93.52520494139752,50.18126932779948,0,256
001_ABC,72258,55949,0.9786529541015624,95.11453696689568,44.67571512858073,0,256
001_ABC,72258,56205,1.0,86.06548881158233,57.34769185384115,0,256
001_ABC,72258,56461,1.0,83.98110829293728,44.795633951822914,0,256
001_ABC,72258,56717,0.8415374755859375,73.56709301099181,33.9944101969401,0,256
001_ABC,72514,55181,1.0,92.38882329664192,53.31386311848959,0,256
001_ABC,72514,55437,1.0,94.03117437078618,59.56517537434896,0,256
001_ABC,72514,55693,0.992889404296875,102.70799425896256,50.81660461425781,0,256
001_ABC,72514,55949,0.9985198974609376,101.51532123982906,47.47251892089844,0,256
001_ABC,72514,56205,1.0,110.06536482274532,54.065999348958336,0,256
001_ABC,72514,56461,1.0,102.83970052655786,49.11610921223959,0,256
001_ABC,72514,56717,0.9551849365234376,98.24713170505127,32.29486083984375,0,256
001_ABC,72770,55181,1.0,118.1640775417909,47.36880493164063,0,256
001_ABC,72770,55437,1.0,109.88581919576971,47.49054463704427,0,256
001_ABC,72770,55693,1.0,103.72203672095202,54.33648173014323,0,256
001_ABC,72770,55949,1.0,101.56973420083524,43.39481608072917,0,256
001_ABC,72770,56205,1.0,108.10036929673517,51.80586242675781,0,256
001_ABC,72770,56461,1.0,124.20237430837004,42.89614868164063,0,256
001_ABC,72770,56717,0.8434295654296875,91.79804404056632,30.06895446777344,0,256
001_ABC,73026,55181,0.947967529296875,102.7002374297008,49.08581034342448,0,256
001_ABC,73026,55437,1.0,103.03353717550635,49.480712890625,0,256
001_ABC,73026,55693,1.0,115.56636884436011,54.190948486328125,0,256
001_ABC,73026,55949,1.0,98.6028470909223,50.58513387044271,0,256
001_ABC,73026,56205,1.0,100.52930966368876,51.00387064615885,0,256
001_ABC,73026,56461,1.0,111.64102835743688,39.99190266927084,0,256
001_ABC,73026,56717,0.41192626953125,67.94141661352478,14.084187825520834,0,256
001_ABC,73282,55181,0.8407745361328125,80.28090906795114,36.05713907877604,0,256
001_ABC,73282,55437,0.973297119140625,86.93613055697642,38.11424255371094,0,256
001_ABC,73282,55693,0.845123291015625,79.16248291637748,36.43673197428385,0,256
001_ABC,73282,55949,0.9826812744140624,63.9485674565658,43.48672993977865,0,256
001_ABC,73282,56205,1.0,63.748957610689104,34.19769287109375,0,256
001_ABC,73282,56461,0.98333740234375,62.43515015556477,35.49886576334635,0,256
001_ABC,73282,56717,0.8636932373046875,75.38404497131705,28.69984436035156,0,256
001_ABC,73538,55181,0.9662628173828124,94.51578246057034,60.30498250325521,0,256
001_ABC,73538,55437,0.9767303466796876,85.95391593873501,51.80127970377604,0,256
001_ABC,73538,55693,0.9978179931640624,76.95375592610799,47.21712748209635,0,256
001_ABC,73538,55949,0.980682373046875,70.84053039527498,50.0611572265625,0,256
001_ABC,73538,56205,1.0,66.34009681642056,46.38178507486979,0,256
001_ABC,73538,56461,1.0,71.6246414592024,43.07538859049479,0,256
001_ABC,73538,56717,0.99835205078125,79.91193564212881,35.522369384765625,0,256
001_ABC,73538,56973,0.7905731201171875,72.20847402676009,25.053476969401043,0,256
001_ABC,73794,55181,1.0,102.9364462941885,56.92027282714844,0,256
001_ABC,73794,55437,1.0,87.77350334986113,50.96018981933594,0,256
001_ABC,73794,55693,1.0,82.2999681381043,55.46711222330729,0,256
001_ABC,73794,55949,1.0,74.86981199681759,48.65519714355469,0,256
001_ABC,73794,56205,1.0,71.10335617884994,48.53855387369792,0,256
001_ABC,73794,56461,1.0,69.91258446779102,42.204671223958336,0,256
001_ABC,73794,56717,1.0,81.15152937825769,43.47936503092448,0,256
001_ABC,73794,56973,0.99847412109375,82.9908435640391,36.17773946126302,0,256
001_ABC,73794,57229,0.8805389404296875,85.41211945470423,26.12952168782552,0,256
001_ABC,74050,55181,1.0,107.22244410123676,65.99292500813802,0,256
001_ABC,74050,55437,1.0,83.56045208848082,52.97574869791666,0,256
001_ABC,74050,55693,1.0,90.77088933601044,60.67778523763021,0,256
001_ABC,74050,55949,1.0,85.05138411745429,52.23933410644531,0,256
001_ABC,74050,56205,1.0,72.69529284513555,50.77967325846354,0,256
001_ABC,74050,56461,0.99969482421875,77.87515430687927,40.24396260579427,0,256
001_ABC,74050,56717,1.0,86.29776167869568,50.052276611328125,0,256
001_ABC,74050,56973,1.0,90.47079223394394,45.5907948811849,0,256
001_ABC,74050,57229,0.9976654052734376,76.23705471097492,42.21015421549479,0,256
001_ABC,74050,57485,0.5512237548828125,64.78623483981937,21.207631429036457,0,256
001_ABC,74306,55181,0.8165130615234375,70.4068034326192,43.23771667480469,0,256
001_ABC,74306,55437,1.0,103.92398957069965,62.35355631510416,0,256
001_ABC,74306,55693,1.0,91.004351480864,56.056671142578125,0,256
001_ABC,74306,55949,1.0,81.21406867704354,51.386739095052086,0,256
001_ABC,74306,56205,1.0,81.23077365662903,47.04234313964844,0,256
001_ABC,74306,56461,1.0,84.41758489771746,45.71797688802084,0,256
001_ABC,74306,56717,1.0,95.46439689560792,45.94450887044271,0,256
001_ABC,74306,56973,1.0,83.2084960481152,51.08103434244792,0,256
001_ABC,74306,57229,0.9923095703125,82.53350568469614,36.98258972167969,0,256
001_ABC,74306,57485,0.2915496826171875,55.622280582785606,13.749537150065104,0,256
001_ABC,74562,55437,0.8014984130859375,76.75498530175537,41.5423838297526,0,256
001_ABC,74562,55693,0.9996185302734376,88.75512313842773,50.27098083496094,0,256
001_ABC,74562,55949,1.0,88.85286659724079,45.14643351236979,0,256
001_ABC,74562,56205,1.0,87.99596883705817,41.32385762532552,0,256
001_ABC,74562,56461,1.0,91.67008964321576,40.88140869140625,0,256
001_ABC,74562,56717,1.0,105.51026067114437,49.61401875813802,0,256
001_ABC,74562,56973,0.9973907470703124,95.28763484954834,45.08619181315104,0,256
001_ABC,74562,57229,0.7928009033203125,92.62512765824796,23.5660400390625,0,256
001_ABC,74818,55693,0.634002685546875,83.5888664573431,25.915084838867188,0,256
001_ABC,74818,55949,1.0,112.87480632751247,38.79553731282552,0,256
001_ABC,74818,56205,1.0,94.60127806663512,41.42049662272135,0,256
001_ABC,74818,56461,1.0,102.1374489730224,41.219818115234375,0,256
001_ABC,74818,56717,0.9997711181640624,107.86635479307732,39.83885192871094,0,256
001_ABC,74818,56973,0.9314422607421876,100.73274146742187,31.91168721516927,0,256
001_ABC,74818,57229,0.16522216796875,52.22741937800311,10.557754516601562,0,256
001_ABC,75074,55949,0.6232757568359375,82.73311651847325,23.465871175130207,0,256
001_ABC,75074,56205,0.9342193603515624,95.693119402742,36.28418986002604,0,256
001_ABC,75074,56461,1.0,94.67893405049108,43.68060811360677,0,256
001_ABC,75074,56717,0.85272216796875,111.90061445441096,29.57446797688802,0,256
001_ABC,75074,56973,0.5949249267578125,90.6423330269754,17.318099975585938,0,256
001_ABC,75330,55949,0.8526458740234375,55.24717114772648,34.512858072916664,0,256
001_ABC,75330,56205,0.979278564453125,66.20921049057506,43.541900634765625,0,256
001_ABC,75330,56461,1.0,64.62851301487535,46.38597615559896,0,256
001_ABC,75330,56717,0.99560546875,63.07138683809899,38.34620157877604,0,256
001_ABC,75330,56973,0.2593994140625,49.157787499716505,11.018035888671877,0,256
001_ABC,75586,55949,0.74029541015625,58.38670152425766,24.883168538411457,0,256
001_ABC,75586,56205,1.0,56.236557707190514,49.13151041666666,0,256
001_ABC,75586,56461,1.0,64.21281289681792,52.43659464518229,0,256
001_ABC,75586,56717,0.997283935546875,64.63541438803077,39.53021240234375,0,256
001_ABC,75586,56973,0.024566650390625,42.77067540562712,7.527008056640625,0,256
001_ABC,75842,56205,1.0,59.13975356868468,46.67375183105469,0,256
001_ABC,75842,56461,1.0,59.539158906787634,54.132425944010414,0,256
001_ABC,75842,56717,0.999969482421875,67.09988245158456,39.9944101969401,0,256
001_ABC,75842,56973,0.0514373779296875,47.50136881112121,8.552759806315104,0,256
001_ABC,76098,56205,0.9999847412109376,64.137327298522,49.31319173177084,0,256
001_ABC,76098,56461,1.0,62.37227725028061,56.80562337239584,0,256
001_ABC,76098,56717,0.99017333984375,70.83215296058916,37.15705871582031,0,256
001_ABC,76098,56973,0.0871429443359375,54.15946792415343,11.63140869140625,0,256
001_ABC,76354,56205,0.9727935791015624,76.48082363768481,33.80767822265625,0,256
001_ABC,76354,56461,1.0,76.30903409025632,40.20218404134115,0,256
001_ABC,76354,56717,0.8162689208984375,66.24913534428924,36.36919657389323,0,256
001_ABC,76610,56205,0.6475830078125,80.42830989672802,23.682861328125,0,256
001_ABC,76610,56461,0.9969635009765624,90.31518161459826,37.80718485514323,0,256
001_ABC,76610,56717,0.7421875,82.80478748306632,25.09795633951823,0,256
001_ABC,76866,56461,0.9633026123046876,107.49456243379971,24.702311197916668,0,256
001_ABC,76866,56717,0.60418701171875,83.09228713787161,25.17036437988281,0,256
001_ABC,18240,52429,0.843048095703125,74.04872107412666,30.184682210286457,0,256
001_ABC,18240,52685,0.9476776123046876,68.74010751303285,46.25000508626302,0,256
001_ABC,18240,52941,0.9086151123046876,66.31542941555381,35.78695170084635,0,256
001_ABC,18240,53197,0.7967681884765625,53.93952228850685,26.411336263020832,0,256
001_ABC,18240,53453,0.632049560546875,50.67557171895169,21.08567301432292,0,256
001_ABC,18240,53709,0.1854248046875,40.22753829299472,10.582977294921877,0,256
001_ABC,18496,52429,0.8031158447265625,65.45414635515772,25.39861551920573,0,256
001_ABC,18496,52685,0.96990966796875,66.24495980795473,34.45659891764323,0,256
001_ABC,18496,52941,0.9996185302734376,64.38776692375541,32.89300537109375,0,256
001_ABC,18496,53197,0.99993896484375,63.23613185225986,30.779953002929688,0,256
001_ABC,18496,53453,1.0,64.14604070410132,30.678273518880207,0,256
001_ABC,18496,53709,1.0,63.344080194830894,32.45695495605469,0,256
001_ABC,18496,53965,0.942779541015625,62.59519836958498,25.55743916829427,0,256
001_ABC,18496,54221,0.5468902587890625,51.29609030834399,15.622533162434896,0,256
001_ABC,18752,52429,0.970458984375,70.3118992112577,35.65058390299479,0,256
001_ABC,18752,52685,1.0,60.96795685496181,54.63523356119792,0,256
001_ABC,18752,52941,1.0,56.7374267494306,54.2437744140625,0,256
001_ABC,18752,53197,1.0,60.72145127877593,47.05670166015625,0,256
001_ABC,18752,53453,1.0,66.54160796105862,42.31644185384115,0,256
001_ABC,18752,53709,1.0,64.92781473114155,38.27576192220052,0,256
001_ABC,18752,53965,0.99737548828125,67.92242149915546,35.25050354003906,0,256
001_ABC,18752,54221,0.9425506591796876,69.05367515981197,29.304514567057293,0,256
001_ABC,19008,52173,0.55047607421875,53.594774663448334,29.29046122233073,0,256
001_ABC,19008,52429,0.9979400634765624,52.65550200059079,63.169759114583336,0,256
001_ABC,19008,52685,1.0,59.10024180985056,58.411153157552086,0,256
001_ABC,19008,52941,0.9991607666015624,55.42141174897552,57.61136372884115,0,256
001_ABC,19008,53197,1.0,48.89188253111206,67.71980285644531,0,256
001_ABC,19008,53453,1.0,55.77489931788296,53.1237538655599,0,256
001_ABC,19008,53709,1.0,62.16175192943774,54.43498738606771,0,256
001_ABC,19008,53965,1.0,72.90866853273474,41.124430338541664,0,256
001_ABC,19008,54221,0.9787750244140624,78.41969707235694,32.78166198730469,0,256
001_ABC,19264,52173,0.480743408203125,60.82306439406239,22.69701131184896,0,256
001_ABC,19264,52429,0.9980010986328124,76.92761279991828,48.49435424804688,0,256
001_ABC,19264,52685,1.0,59.09971779212356,59.83445231119792,0,256
001_ABC,19264,52941,0.9920806884765624,59.23609863757156,58.10699462890625,0,256
001_ABC,19264,53197,1.0,71.68504928052425,54.77724202473959,0,256
001_ABC,19264,53453,1.0,67.32534519745968,57.53823852539063,0,256
001_ABC,19264,53709,1.0,71.32457637786865,52.727315266927086,0,256
001_ABC,19264,53965,0.988433837890625,78.20335672795773,44.18387858072917,0,256
001_ABC,19264,54221,0.751129150390625,79.55456042825244,25.838638305664062,0,256
001_ABC,19520,52429,0.3004150390625,61.96029627299868,16.02240498860677,0,256
001_ABC,19520,52685,0.9556121826171876,86.4145994996652,43.82679748535156,0,256
001_ABC,19520,52941,1.0,88.55778035148978,51.77066548665365,0,256
001_ABC,19520,53197,1.0,89.5633704578504,44.8229014078776,0,256
001_ABC,19520,53453,0.9984283447265624,98.4024899220094,36.21575927734375,0,256
001_ABC,19520,53709,0.999755859375,95.6983713870868,36.977630615234375,0,256
001_ABC,19520,53965,0.9537200927734376,88.82000931329094,40.20128885904948,0,256
001_ABC,19520,54221,0.8875274658203125,109.18526154919527,22.803629557291668,0,256
001_ABC,19776,52941,0.7958831787109375,86.54834552085958,32.96435546875,0,256
001_ABC,19776,53197,0.86224365234375,96.01943671121262,36.09332275390625,0,256
001_ABC,19776,53453,0.74310302734375,108.19407420768404,27.33031209309896,0,256
001_ABC,19776,53709,0.59564208984375,99.8471931030508,20.84741719563802,0,256
001_ABC,19776,53965,0.640045166015625,109.04450903832912,20.848068237304688,0,256
001_ABC,19776,54221,0.5698699951171875,103.139027800411,21.07484436035156,0,256
001_ABC,20032,53197,0.578338623046875,100.53056117054076,19.12059529622396,0,256
001_ABC,20032,53453,0.519256591796875,100.20735868718477,18.160690307617188,0,256
001_ABC,20032,53709,0.703826904296875,118.11870967387222,26.61195373535156,0,256
001_ABC,20032,53965,0.9016265869140624,104.92841794132256,35.5725351969401,0,256
001_ABC,20032,54221,0.9999237060546876,120.65908712055534,39.52569071451823,0,256
001_ABC,20032,54477,0.7595062255859375,102.31274204677902,31.266749064127605,0,256
001_ABC,20288,53197,0.3321990966796875,54.957394435070455,13.188786824544271,0,256
001_ABC,20288,53453,0.4010467529296875,56.9559965049848,14.983235677083334,0,256
001_ABC,20288,53709,0.8687744140625,77.3123090506997,30.722462972005207,0,256
001_ABC,20288,53965,0.913909912109375,80.85938507970423,35.95978800455729,0,256
001_ABC,20288,54221,0.81976318359375,79.22330802306533,27.399953206380207,0,256
001_ABC,20288,54477,0.66510009765625,61.947775883367285,27.90216573079427,0,256
001_ABC,20544,53197,0.2477874755859375,48.2700267394539,13.105789184570312,0,256
001_ABC,20544,53453,0.5880584716796875,62.05244852020405,17.851058959960938,0,256
001_ABC,20544,53709,0.852203369140625,78.44461212214082,28.616414388020832,0,256
001_ABC,20544,53965,0.8997802734375,85.76889901515096,38.61920166015625,0,256
001_ABC,20544,54221,0.8157196044921875,67.6197257777676,33.624308268229164,0,256
001_ABC,20544,54477,0.94158935546875,52.54380308813416,54.6717274983724,0,256
001_ABC,20544,54733,0.314208984375,45.83954773843288,12.320287068684896,0,256
001_ABC,20800,53197,0.4694366455078125,82.76700705941767,17.566111246744793,0,256
001_ABC,20800,53453,0.8050537109375,81.40878804749809,24.720265706380207,0,256
001_ABC,20800,53709,0.9651336669921876,79.9887530496344,35.800455729166664,0,256
001_ABC,20800,53965,0.76318359375,81.2729786389973,29.21898905436198,0,256
001_ABC,20800,54221,0.9945068359375,57.22882030811161,62.60728963216146,0,256
001_ABC,20800,54477,0.9907073974609376,62.35247174440883,46.6341298421224,0,256
001_ABC,20800,54733,0.636199951171875,65.62969589233398,21.75190734863281,0,256
001_ABC,21056,53197,0.8165283203125,90.04467361769639,31.501754760742188,0,256
001_ABC,21056,53453,0.9866790771484376,89.94833824690431,40.28240458170573,0,256
001_ABC,21056,53709,0.88330078125,84.66223520040512,27.89146423339844,0,256
001_ABC,21056,53965,0.9856719970703124,61.38851192500442,61.673116048177086,0,256
001_ABC,21056,54221,0.9923095703125,64.99187507829629,58.61334737141927,0,256
001_ABC,21056,54477,0.9967041015625,64.48747403896414,62.5281016031901,0,256
001_ABC,21056,54733,0.985321044921875,74.26715596741997,55.68611145019531,0,256
001_ABC,21056,54989,0.4251556396484375,56.01451106905006,26.55248006184896,0,256
001_ABC,21312,53197,0.8848419189453125,91.21686582174152,34.22578430175781,0,256
001_ABC,21312,53453,0.818359375,85.6946724539157,31.199020385742188,0,256
001_ABC,21312,53709,0.999420166015625,77.67087246384472,46.39141845703125,0,256
001_ABC,21312,53965,1.0,79.10271581169218,44.98580932617188,0,256
001_ABC,21312,54221,1.0,64.87310080137104,60.709981282552086,0,256
001_ABC,21312,54477,1.0,77.89744750945829,52.05376688639323,0,256
001_ABC,21312,54733,1.0,63.62192210182548,77.38560485839844,0,256
001_ABC,21312,54989,0.87335205078125,73.30573449935764,38.5566660563151,0,256
001_ABC,21312,55245,0.1295928955078125,44.157312259078026,11.60289510091146,0,256
001_ABC,21568,53197,0.9317169189453124,70.78494160971604,49.7658945719401,0,256
001_ABC,21568,53453,1.0,82.15582703775726,51.71871439615885,0,256
001_ABC,21568,53709,1.0,74.86636017262936,52.0853525797526,0,256
001_ABC,21568,53965,1.0,80.40801796969026,49.21147155761719,0,256
001_ABC,21568,54221,1.0,87.89941392838955,45.766937255859375,0,256
001_ABC,21568,54477,1.0,80.11375336698256,56.54830932617188,0,256
001_ABC,21568,54733,1.0,72.26471294439398,67.89689636230469,0,256
001_ABC,21568,54989,1.0,70.1902607344091,50.11766052246094,0,256
001_ABC,21568,55245,0.249847412109375,51.74645103304647,16.58160400390625,0,256
001_ABC,21824,53197,0.99945068359375,84.71288681030273,47.86104838053385,0,256
001_ABC,21824,53453,1.0,80.77395842201076,54.11727396647135,0,256
001_ABC,21824,53709,1.0,72.23490603920072,61.67093912760416,0,256
001_ABC,21824,53965,1.0,103.6133496761322,43.70816548665365,0,256
001_ABC,21824,54221,1.0,79.05535517423414,60.59537760416666,0,256
001_ABC,21824,54477,1.0,77.14181771106087,65.20914713541667,0,256
001_ABC,21824,54733,1.0,84.76902210316621,60.92571512858073,0,256
001_ABC,21824,54989,0.9801788330078124,88.35079648322426,47.57596333821615,0,256
001_ABC,21824,55245,0.6794891357421875,91.9510459303856,23.946207682291668,0,256
001_ABC,22080,53197,0.96246337890625,107.54418705403803,36.87335713704427,0,256
001_ABC,22080,53453,1.0,79.96820905595087,67.30751546223958,0,256
001_ABC,22080,53709,1.0,96.01512739714236,50.726216634114586,0,256
001_ABC,22080,53965,1.0,93.7388150691986,50.959228515625,0,256
001_ABC,22080,54221,1.0,68.53262086864561,79.19687398274739,0,256
001_ABC,22080,54477,1.0,83.58190782275051,59.56445821126302,0,256
001_ABC,22080,54733,0.999542236328125,101.97534143715166,55.8589833577474,0,256
001_ABC,22080,54989,0.9943389892578124,116.702004870167,36.429524739583336,0,256
001_ABC,22080,55245,0.6279144287109375,98.56259306310676,26.135264078776043,0,256
001_ABC,22336,53197,0.6863555908203125,50.33730697631836,45.986114501953125,0,256
001_ABC,22336,53453,1.0,45.55327352788299,64.77900695800781,0,256
001_ABC,22336,53709,1.0,60.22726323804818,36.89762369791666,0,256
001_ABC,22336,53965,1.0,54.03572436328977,58.984110514322914,0,256
001_ABC,22336,54221,1.0,55.03384515270591,64.52624003092448,0,256
001_ABC,22336,54477,1.0,55.19915943383239,59.94990030924479,0,256
001_ABC,22336,54733,1.0,66.1971951937303,45.79141743977865,0,256
001_ABC,22336,54989,1.0,62.74116209801287,52.55897013346354,0,256
001_ABC,22336,55245,0.98748779296875,64.12408258672804,52.84298706054688,0,256
001_ABC,22336,55501,0.5814666748046875,50.4057919064071,27.91650390625,0,256
001_ABC,22592,53197,0.1702423095703125,39.15111568477005,12.40931193033854,0,256
001_ABC,22592,53453,0.82696533203125,61.67628479003906,31.10959370930989,0,256
001_ABC,22592,53709,0.995880126953125,48.62038012500852,54.41162109375,0,256
001_ABC,22592,53965,1.0,59.1595090245828,49.40345764160156,0,256
001_ABC,22592,54221,1.0,53.297836201032624,53.721761067708336,0,256
001_ABC,22592,54477,1.0,48.62586499657482,65.43780517578125,0,256
001_ABC,22592,54733,1.0,59.32126731029712,48.92674763997396,0,256
001_ABC,22592,54989,1.0,57.83727165218443,46.85985819498698,0,256
001_ABC,22592,55245,1.0,58.18412688351236,49.27464294433594,0,256
001_ABC,22592,55501,0.96783447265625,51.73915659426712,63.60409037272135,0,256
001_ABC,22592,55757,0.1114654541015625,37.49309338978492,7.638504028320312,0,256
001_ABC,22848,53453,0.1904144287109375,46.422910248627886,13.429667154947916,0,256
001_ABC,22848,53709,0.980133056640625,48.65146839222871,61.1143544514974,0,256
001_ABC,22848,53965,1.0,52.69338809116744,51.72198486328125,0,256
001_ABC,22848,54221,1.0,65.02217446267605,51.33478800455729,0,256
001_ABC,22848,54477,1.0,69.74879479384981,42.98095194498698,0,256
001_ABC,22848,54733,0.9998931884765624,68.43508775439113,42.15251668294271,0,256
001_ABC,22848,54989,1.0,56.92684868630022,55.940765380859375,0,256
001_ABC,22848,55245,0.94097900390625,49.823806734522805,60.24079386393229,0,256
001_ABC,22848,55501,0.155853271484375,42.178911784430966,11.584162394205729,0,256
001_ABC,22848,55757,0.0035400390625,34.145550951361656,4.9541066487630205,0,256
001_ABC,23104,53709,0.45343017578125,54.7988857626915,22.417322794596355,0,256
001_ABC,23104,53965,1.0,56.19077321793884,59.75013224283854,0,256
001_ABC,23104,54221,1.0,51.17283985670656,69.55905151367188,0,256
001_ABC,23104,54477,1.0,75.51848103269003,37.80621846516927,0,256
001_ABC,23104,54733,1.0,69.64392089750618,41.80586751302084,0,256
001_ABC,23104,54989,1.0,50.46156570478343,71.06654866536458,0,256
001_ABC,23104,55245,0.8795013427734375,70.2526630423963,45.70377095540365,0,256
001_ABC,23104,55501,0.786346435546875,71.46821016073227,43.12135314941406,0,256
001_ABC,23104,55757,0.6734619140625,62.80837154388428,33.853169759114586,0,256
001_ABC,23360,53965,0.9533843994140624,56.46902572736144,54.24792989095052,0,256
001_ABC,23360,54221,1.0,61.00287123187445,64.04803975423177,0,256
001_ABC,23360,54477,1.0,77.33295289217494,44.34586588541666,0,256
001_ABC,23360,54733,1.0,59.67028637020849,63.3955078125,0,256
001_ABC,23360,54989,1.0,64.95514220907353,63.666900634765625,0,256
001_ABC,23360,55245,1.0,68.00479257269762,50.72496541341146,0,256
001_ABC,23360,55501,1.0,77.61124420328997,58.70585632324219,0,256
001_ABC,23360,55757,1.0,71.46147090359591,50.27531941731771,0,256
001_ABC,23360,56013,0.7986907958984375,68.1492013335228,31.33020528157552,0,256
001_ABC,23616,53965,0.535736083984375,55.14091443642974,33.90899149576823,0,256
001_ABC,23616,54221,1.0,83.69622566900216,45.84882100423177,0,256
001_ABC,23616,54477,1.0,75.85533094941638,54.34196980794271,0,256
001_ABC,23616,54733,1.0,75.61188036738895,53.55006408691406,0,256
001_ABC,23616,54989,1.0,71.47839314397424,60.47497049967448,0,256
001_ABC,23616,55245,1.0,75.95163772976957,57.104634602864586,0,256
001_ABC,23616,55501,1.0,71.8902633653488,60.28681437174479,0,256
001_ABC,23616,55757,1.0,74.82596108666621,45.13298034667969,0,256
001_ABC,23616,56013,0.99981689453125,86.1736918380484,37.748870849609375,0,256
001_ABC,23616,56269,0.3215179443359375,61.25879396288656,20.32710266113281,0,256
001_ABC,23872,54221,1.0,91.87889853771776,45.06754557291666,0,256
001_ABC,23872,54477,1.0,87.96280735358596,62.00835164388021,0,256
001_ABC,23872,54733,1.0,86.22799856192432,54.113199869791664,0,256
001_ABC,23872,54989,1.0,84.28140456881374,58.31781005859375,0,256
001_ABC,23872,55245,0.999053955078125,89.30778895318508,56.57915751139323,0,256
001_ABC,23872,55501,1.0,93.4594342277851,48.70283508300781,0,256
001_ABC,23872,55757,1.0,85.52862414880656,44.1322275797526,0,256
001_ABC,23872,56013,0.986358642578125,97.71621322631836,37.72882588704427,0,256
001_ABC,23872,56269,0.47149658203125,63.51023246883415,21.061655680338543,0,256
001_ABC,24128,54221,0.808319091796875,80.77524515404366,36.4137217203776,0,256
001_ABC,24128,54477,1.0,86.49015101697296,66.9656982421875,0,256
001_ABC,24128,54733,1.0,101.67855521664023,49.36863199869792,0,256
001_ABC,24128,54989,1.0,78.12076235166751,60.56062316894531,0,256
001_ABC,24128,55245,1.0,83.55430687381886,62.34599812825521,0,256
001_ABC,24128,55501,1.0,98.89197951531968,38.13687133789063,0,256
001_ABC,24128,55757,1.0,104.0627934576478,39.70242818196615,0,256
001_ABC,24128,56013,1.0,84.51075352635235,61.693990071614586,0,256
001_ABC,24128,56269,0.526031494140625,69.6703593020793,27.50976053873698,0,256
001_ABC,24384,54477,1.0,59.23314348398708,51.16594441731771,0,256
001_ABC,24384,54733,1.0,58.02440398931503,61.39500427246094,0,256
001_ABC,24384,54989,1.0,56.87316745519638,52.40455118815104,0,256
001_ABC,24384,55245,0.9975128173828124,68.74840862839483,46.01796468098959,0,256
001_ABC,24384,55501,1.0,63.31886361539364,37.52599589029948,0,256
001_ABC,24384,55757,1.0,56.65428368654102,39.86052958170573,0,256
001_ABC,24384,56013,0.99993896484375,52.622697114013135,63.55419413248698,0,256
001_ABC,24384,56269,0.7094879150390625,47.108528561657295,35.58287048339844,0,256
001_ABC,24640,54477,0.7333221435546875,57.15601208223961,35.18323771158854,0,256
001_ABC,24640,54733,0.99932861328125,70.9013914053794,51.19721984863281,0,256
001_ABC,24640,54989,1.0,54.57137054204941,61.21500142415365,0,256
001_ABC,24640,55245,1.0,62.34849476721138,51.19251505533854,0,256
001_ABC,24640,55501,1.0,59.00509526929818,48.18851216634115,0,256
001_ABC,24640,55757,1.0,52.42731400486082,58.89094543457031,0,256
001_ABC,24640,56013,1.0,52.79119491577149,66.06776936848958,0,256
001_ABC,24640,56269,0.98590087890625,68.15655273734592,43.53546142578125,0,256
001_ABC,24640,56525,0.0581817626953125,29.973191264783964,5.083806355794271,0,256
001_ABC,24896,54733,0.730560302734375,68.9585985802114,36.483734130859375,0,256
001_ABC,24896,54989,1.0,74.11599617358297,53.77703348795573,0,256
001_ABC,24896,55245,1.0,79.00394671759568,47.09383646647135,0,256
001_ABC,24896,55501,0.9974365234375,71.54572623758577,42.99214172363281,0,256
001_ABC,24896,55757,0.996978759765625,58.78545185714029,64.26467386881511,0,256
001_ABC,24896,56013,1.0,63.53726721461862,60.55404154459635,0,256
001_ABC,24896,56269,0.9970550537109376,70.36558497301303,48.84517923990885,0,256
001_ABC,24896,56525,0.576385498046875,54.49232476577163,33.53271484375,0,256
001_ABC,25152,54989,0.8716583251953125,76.21787920384668,39.51499938964844,0,256
001_ABC,25152,55245,0.996734619140625,72.57106111943722,57.62396240234375,0,256
001_ABC,25152,55501,0.9987945556640624,70.21148268110119,55.69988505045573,0,256
001_ABC,25152,55757,1.0,71.22747409250587,61.2713368733724,0,256
001_ABC,25152,56013,1.0,75.49210531986319,47.63570658365885,0,256
001_ABC,25152,56269,1.0,65.22279357910156,65.99888610839844,0,256
001_ABC,25152,56525,0.994476318359375,82.9850340699777,56.40875752766927,0,256
001_ABC,25152,56781,0.7381134033203125,73.91452902904712,36.12555948893229,0,256
001_ABC,25408,54989,0.707183837890625,67.41054403409362,39.243896484375,0,256
001_ABC,25408,55245,1.0,80.09120993223041,54.81599426269531,0,256
001_ABC,25408,55501,1.0,70.42763670510612,60.686360677083336,0,256
001_ABC,25408,55757,1.0,81.69196898094378,56.73051452636719,0,256
001_ABC,25408,56013,0.9947357177734376,72.83831203519367,62.44510904947917,0,256
001_ABC,25408,56269,1.0,83.80320658697747,63.25365193684896,0,256
001_ABC,25408,56525,0.9987335205078124,99.8824943592772,60.93987019856771,0,256
001_ABC,25408,56781,0.987213134765625,85.49035607278347,48.26524861653646,0,256
001_ABC,25664,55245,0.9267730712890624,83.90189085900784,50.79105631510416,0,256
001_ABC,25664,55501,1.0,84.57200259692036,60.20115661621094,0,256
001_ABC,25664,55757,1.0,93.21521372254938,50.60859680175781,0,256
001_ABC,25664,56013,0.9971160888671876,109.18874287209474,65.01840209960938,0,256
001_ABC,25664,56269,1.0,107.63787583983505,57.69770304361979,0,256
001_ABC,25664,56525,0.991790771484375,109.00232610083184,47.0039316813151,0,256
001_ABC,25664,56781,0.9854888916015624,101.16737757623196,44.356353759765625,0,256
001_ABC,25664,57037,0.0139923095703125,32.26837193756364,4.8923187255859375,0,256
001_ABC,25920,55245,0.8235015869140625,108.2305228561163,41.72269185384115,0,256
001_ABC,25920,55501,0.94500732421875,143.1907114626374,47.36444091796875,0,256
001_ABC,25920,55757,1.0,121.57813988532872,52.38081359863281,0,256
001_ABC,25920,56013,0.999267578125,128.86971265426837,47.38038635253906,0,256
001_ABC,25920,56269,0.9999847412109376,142.88092613755725,49.90218607584635,0,256
001_ABC,25920,56525,0.990631103515625,135.44221320352517,45.23686218261719,0,256
001_ABC,25920,56781,0.9787445068359376,106.1081845127046,46.792327880859375,0,256
001_ABC,25920,57037,0.027984619140625,33.75701141706668,5.227513631184896,0,256
001_ABC,26176,55245,0.9400482177734376,146.1056935787201,51.45550537109375,0,256
001_ABC,26176,55501,0.969390869140625,132.81975953071378,60.078369140625,0,256
001_ABC,26176,55757,1.0,135.9495069847908,47.5251719156901,0,256
001_ABC,26176,56013,1.0,135.71740638837218,45.85917154947917,0,256
001_ABC,26176,56269,1.0,142.6277378590312,45.10804748535156,0,256
001_ABC,26176,56525,1.0,122.85832274681889,53.900970458984375,0,256
001_ABC,26176,56781,0.99554443359375,96.34619687497616,64.43294270833333,0,256
001_ABC,26176,57037,0.1291351318359375,40.76912389486097,10.207305908203123,0,256
001_ABC,26432,55245,0.9995574951171876,76.19767064391635,45.06878662109375,0,256
001_ABC,26432,55501,0.999755859375,59.26091973646544,47.684163411458336,0,256
001_ABC,26432,55757,1.0,68.77932509197854,48.60851542154948,0,256
001_ABC,26432,56013,1.0,58.91963201179169,53.97921752929688,0,256
001_ABC,26432,56269,1.0,65.27750372886658,47.364481608072914,0,256
001_ABC,26432,56525,0.99090576171875,57.89972074865364,50.86026509602865,0,256
001_ABC,26432,56781,1.0,63.93200615700334,53.92093404134115,0,256
001_ABC,26432,57037,0.29345703125,41.52643291815184,13.609619140625,0,256
001_ABC,26688,55245,0.8416748046875,63.0557489299681,47.18245951334635,0,256
001_ABC,26688,55501,1.0,59.268431602977216,33.256673177083336,0,256
001_ABC,26688,55757,1.0,54.24897536425851,50.10284932454427,0,256
001_ABC,26688,56013,1.0,51.90175902005285,45.17479451497396,0,256
001_ABC,26688,56269,1.0,48.84697122778744,54.12643432617188,0,256
001_ABC,26688,56525,0.9646148681640624,56.06311023887247,57.38914489746094,0,256
001_ABC,26688,56781,1.0,53.65430647786707,64.34640502929688,0,256
001_ABC,26688,57037,0.4018707275390625,43.33234827569686,19.881312052408852,0,256
001_ABC,26944,55245,0.4090423583984375,49.85826590284705,20.388819376627605,0,256
001_ABC,26944,55501,0.99755859375,62.32478503300808,38.94275410970052,0,256
001_ABC,26944,55757,1.0,59.01527332421392,57.426045735677086,0,256
001_ABC,26944,56013,1.0,60.700463619083166,55.84876505533854,0,256
001_ABC,26944,56269,1.0,67.03543864190578,55.38695271809896,0,256
001_ABC,26944,56525,1.0,62.496334969997406,54.40766906738281,0,256
001_ABC,26944,56781,1.0,58.02078631869517,53.24983215332031,0,256
001_ABC,26944,57037,0.6311187744140625,56.29365115216933,32.20410664876302,0,256
001_ABC,27200,55501,0.8783721923828125,62.504663433879614,43.04024759928385,0,256
001_ABC,27200,55757,1.0,62.75350347813219,51.50467427571615,0,256
001_ABC,27200,56013,1.0,67.00121440342627,60.4964345296224,0,256
001_ABC,27200,56269,1.0,61.40821277699433,57.77008056640625,0,256
001_ABC,27200,56525,1.0,65.0914866977837,65.85794067382812,0,256
001_ABC,27200,56781,1.0,60.90412996709347,62.03466288248698,0,256
001_ABC,27200,57037,0.9173583984375,68.14364363416098,43.162129720052086,0,256
001_ABC,27200,57293,0.0127716064453125,30.44176268577576,4.886199951171875,0,256
001_ABC,27456,55501,0.5145416259765625,54.77926809317432,24.85080973307292,0,256
001_ABC,27456,55757,1.0,62.039440906606615,50.2664794921875,0,256
001_ABC,27456,56013,1.0,56.62969612702727,65.52692159016927,0,256
001_ABC,27456,56269,1.0,64.02168701193295,62.0015869140625,0,256
001_ABC,27456,56525,1.0,61.04144733748399,64.41496276855469,0,256
001_ABC,27456,56781,1.0,75.52596967574209,55.32304890950521,0,256
001_ABC,27456,57037,0.9989776611328124,70.15155060496181,47.37182108561198,0,256
001_ABC,27456,57293,0.42645263671875,49.532982643693686,17.915664672851562,0,256
001_ABC,27456,57549,0.4160614013671875,50.06297009601258,28.19198608398437,0,256
001_ABC,27712,55757,0.935760498046875,70.01967990561388,44.78661600748698,0,256
001_ABC,27712,56013,1.0,75.65728178527206,58.20719909667969,0,256
001_ABC,27712,56269,1.0,74.79230666160583,59.5801747639974,0,256
001_ABC,27712,56525,1.0,76.80434605106711,62.08137003580729,0,256
001_ABC,27712,56781,1.0,79.64700929238461,56.74027506510416,0,256
001_ABC,27712,57037,1.0,72.38209173735231,56.01451619466146,0,256
001_ABC,27712,57293,0.844573974609375,77.72963122441433,47.77142333984375,0,256
001_ABC,27712,57549,0.9336700439453124,66.52442568331026,67.43841044108073,0,256
001_ABC,27712,57805,0.316619873046875,55.51661776006222,26.58363342285156,0,256
001_ABC,27968,55757,0.5214080810546875,57.610167380422354,26.579742431640625,0,256
001_ABC,27968,56013,1.0,71.46965866908431,61.60119120279948,0,256
001_ABC,27968,56269,1.0,79.92146451747976,58.15355428059896,0,256
001_ABC,27968,56525,1.0,78.05122056021355,55.16287740071615,0,256
001_ABC,27968,56781,1.0,80.93142667040229,55.85054016113281,0,256
001_ABC,27968,57037,0.9832763671875,72.26674913987517,59.97720845540365,0,256
001_ABC,27968,57293,0.632049560546875,75.12561029195786,35.343994140625,0,256
001_ABC,27968,57549,0.7914886474609375,68.20571707189083,44.81254069010416,0,256
001_ABC,27968,57805,0.8647613525390625,102.32940431591123,59.93272399902344,0,256
001_ABC,28224,55757,0.3853302001953125,62.97801113128662,25.892481486002605,0,256
001_ABC,28224,56013,1.0,84.92151328525506,57.86799621582031,0,256
001_ABC,28224,56269,1.0,77.33735316991806,61.363362630208336,0,256
001_ABC,28224,56525,1.0,73.71996437665075,65.36930338541667,0,256
001_ABC,28224,56781,0.9698486328125,79.75404189690016,59.88627115885416,0,256
001_ABC,28224,57037,0.4303741455078125,88.45072917430662,29.34718831380208,0,256
001_ABC,28224,57293,0.95355224609375,90.48478742595762,70.66504414876302,0,256
001_ABC,28224,57549,1.0,81.34454487916082,60.71171569824219,0,256
001_ABC,28224,57805,0.9906463623046876,86.17161864205264,52.6077880859375,0,256
001_ABC,28480,55757,0.1655731201171875,39.76623795717023,10.83360799153646,0,256
001_ABC,28480,56013,0.994476318359375,72.69074484868906,57.785420735677086,0,256
001_ABC,28480,56269,1.0,63.69718011072837,62.33467610677084,0,256
001_ABC,28480,56525,0.99993896484375,75.63834967813455,64.31851196289062,0,256
001_ABC,28480,56781,0.986358642578125,74.13924846705049,66.83955891927083,0,256
001_ABC,28480,57037,0.805999755859375,69.89016142394394,54.33807373046875,0,256
001_ABC,28480,57293,0.9997100830078124,64.08662150800228,67.93889872233073,0,256
001_ABC,28480,57549,0.9576568603515624,63.98580968170427,68.36668395996094,0,256
001_ABC,28480,57805,0.8298492431640625,57.471736310981214,60.44107564290365,0,256
001_ABC,28736,55757,0.163330078125,41.80750888492912,11.548924763997396,0,256
001_ABC,28736,56013,0.8951873779296875,67.28713792469352,56.22008260091146,0,256
001_ABC,28736,56269,0.99432373046875,93.7877991402056,74.87164306640625,0,256
001_ABC,28736,56525,0.793731689453125,90.3374256938696,52.36041768391927,0,256
001_ABC,28736,56781,0.994659423828125,77.58101322874427,65.61877950032552,0,256
001_ABC,28736,57037,0.9672698974609376,82.98859452805482,70.52667236328125,0,256
001_ABC,28736,57293,0.9210357666015624,93.48446590360254,67.74838765462239,0,256
001_ABC,28736,57549,0.8782958984375,74.62910101469606,61.80350748697917,0,256
001_ABC,28736,57805,0.94873046875,69.37869090493768,66.28440856933594,0,256
001_ABC,28992,55757,0.66424560546875,83.1798681979999,55.56689961751302,0,256
001_ABC,28992,56013,0.9729461669921876,98.78350125160068,75.1486104329427,0,256
001_ABC,28992,56269,0.9854736328125,81.61114296223968,82.60511779785156,0,256
001_ABC,28992,56525,0.8403778076171875,91.76750135049224,59.39704895019531,0,256
001_ABC,28992,56781,0.9933624267578124,74.50788792758249,63.40535990397135,0,256
001_ABC,28992,57037,1.0,80.24058745219372,78.77011108398438,0,256
001_ABC,28992,57293,1.0,92.08784023462796,74.32620747884114,0,256
001_ABC,28992,57549,1.0,63.87693969882093,75.1627705891927,0,256
001_ABC,28992,57805,0.80078125,62.8895213638898,52.98748779296875,0,256
001_ABC,29248,55757,0.8394317626953125,104.4145652295556,67.19971720377605,0,256
001_ABC,29248,56013,0.8780975341796875,104.61439721193165,64.81455993652344,0,256
001_ABC,29248,56269,0.9274444580078124,123.08714079856873,83.40228271484375,0,256
001_ABC,29248,56525,1.0,110.13415243080816,79.22237650553386,0,256
001_ABC,29248,56781,1.0,67.86955400928855,73.3707784016927,0,256
001_ABC,29248,57037,0.9989471435546876,74.72268361202441,75.94591776529948,0,256
001_ABC,29248,57293,0.9993743896484376,73.71617828309536,71.2464599609375,0,256
001_ABC,29248,57549,1.0,61.20544421649538,82.37954203287761,0,256
001_ABC,29248,57805,0.5419158935546875,58.12101723905653,48.62492879231771,0,256
001_ABC,29504,55757,0.994964599609375,92.5384580695536,70.00613911946614,0,256
001_ABC,29504,56013,0.9357147216796876,100.02347895130517,65.57596333821614,0,256
001_ABC,29504,56269,0.9291839599609376,89.11536656320095,79.89430745442708,0,256
001_ABC,29504,56525,0.931488037109375,88.30113046220504,70.86440531412761,0,256
001_ABC,29504,56781,1.0,93.97157600149512,74.70834859212239,0,256
001_ABC,29504,57037,0.82012939453125,96.98740320559592,61.23346455891927,0,256
001_ABC,29504,57293,0.9322662353515624,94.413452825509,71.2222391764323,0,256
001_ABC,29504,57549,0.8992919921875,86.48999348189682,75.66726684570312,0,256
001_ABC,29504,57805,0.2173919677734375,51.17196219204925,24.341908772786457,0,256
001_ABC,29760,55757,0.8596343994140625,87.94896792410873,56.60606892903646,0,256
001_ABC,29760,56013,0.8630523681640625,120.0658142035827,65.15621439615886,0,256
001_ABC,29760,56269,0.9918212890625,126.85774579993448,90.10965474446614,0,256
001_ABC,29760,56525,0.9284515380859376,119.65714563964866,77.39876302083333,0,256
001_ABC,29760,56781,0.998260498046875,123.08727714768612,73.18916829427083,0,256
001_ABC,29760,57037,0.9947509765625,106.98600931372494,78.48454284667969,0,256
001_ABC,29760,57293,1.0,88.5840842181351,80.45437113444011,0,256
001_ABC,29760,57549,0.82049560546875,79.44989342894405,68.25968933105469,0,256
001_ABC,30016,55757,0.472076416015625,74.57005858421326,32.96863810221354,0,256
001_ABC,30016,56013,0.9976654052734376,144.68753885454498,69.59769694010417,0,256
001_ABC,30016,56269,1.0,131.83507580216974,67.36997985839844,0,256
001_ABC,30016,56525,0.990570068359375,145.39383773412555,73.40688578287761,0,256
001_ABC,30016,56781,0.9550018310546876,131.45980097260326,66.738037109375,0,256
001_ABC,30016,57037,0.9976348876953124,126.76207540160976,77.58321126302083,0,256
001_ABC,30016,57293,1.0,110.53703424986452,80.6019999186198,0,256
001_ABC,30016,57549,0.4749603271484375,71.17313919379376,39.064961751302086,0,256
001_ABC,30272,55757,0.5283355712890625,74.56686952500604,46.0981190999349,0,256
001_ABC,30272,56013,0.9935760498046876,107.78062841831706,80.51253763834636,0,256
001_ABC,30272,56269,1.0,110.16302475123666,82.57183837890625,0,256
001_ABC,30272,56525,1.0,104.4869844650384,69.56503804524739,0,256
001_ABC,30272,56781,1.0,109.32971133198588,70.53874206542969,0,256
001_ABC,30272,57037,1.0,117.8115820735693,75.54660034179688,0,256
001_ABC,30272,57293,0.8985443115234375,106.86096519883722,70.46647644042969,0,256
001_ABC,30272,57549,0.0342559814453125,45.01652879174799,9.117355346679688,0,256
001_ABC,30528,55757,0.644622802734375,56.23271283414215,43.16120910644531,0,256
001_ABC,30528,56013,0.9100189208984376,64.74064739770256,76.94956970214844,0,256
001_ABC,30528,56269,0.944366455078125,66.96672859392129,74.92995198567708,0,256
001_ABC,30528,56525,1.0,68.631621863693,70.45883687337239,0,256
001_ABC,30528,56781,0.94873046875,82.16818381450139,69.29994710286458,0,256
001_ABC,30528,57037,1.0,67.44537138938904,80.31223042805989,0,256
001_ABC,30528,57293,0.7191314697265625,62.35365826985799,59.17729187011719,0,256
001_ABC,30784,55757,0.82769775390625,44.76625260338187,55.62451680501302,0,256
001_ABC,30784,56013,1.0,59.98133798665367,91.52542114257812,0,256
001_ABC,30784,56269,1.0,42.99957915931009,76.81679280598958,0,256
001_ABC,30784,56525,1.0,58.39669811702333,71.85166931152344,0,256
001_ABC,30784,56781,0.937408447265625,91.88403047225438,73.16794840494792,0,256
001_ABC,30784,57037,0.9305877685546876,74.11241685948335,74.35242716471355,0,256
001_ABC,30784,57293,0.24700927734375,49.681341990828514,23.294606526692707,0,256
001_ABC,31040,55757,0.88958740234375,64.32571884407662,50.331156412760414,0,256
001_ABC,31040,56013,1.0,61.91179910651408,64.58617146809895,0,256
001_ABC,31040,56269,1.0,54.86840590252541,70.0909932454427,0,256
001_ABC,31040,56525,1.0,67.73016221728176,68.80131022135417,0,256
001_ABC,31040,56781,0.99969482421875,75.09715893655084,65.80337015787761,0,256
001_ABC,31040,57037,0.9216156005859376,81.12329986318946,78.5931396484375,0,256
001_ABC,31040,57293,0.0,44.91313347755931,7.820999145507812,0,256
001_ABC,31296,55757,0.91314697265625,70.40822540223598,58.73176066080729,0,256
001_ABC,31296,56013,1.0,68.66933641489595,62.90978495279948,0,256
001_ABC,31296,56269,1.0,79.10004266258329,74.65469868977864,0,256
001_ABC,31296,56525,1.0,63.865946783684194,65.27204895019531,0,256
001_ABC,31296,56781,0.9818115234375,78.01927094510756,71.30410766601562,0,256
001_ABC,31296,57037,0.9334869384765624,63.28741193469614,79.18226623535156,0,256
001_ABC,31552,55501,0.51678466796875,53.33430046006106,29.604990641276043,0,256
001_ABC,31552,55757,0.454925537109375,55.51061147451401,28.08211263020833,0,256
001_ABC,31552,56013,0.927642822265625,86.40374360396527,55.86073811848959,0,256
001_ABC,31552,56269,1.0,78.74603618588299,69.400146484375,0,256
001_ABC,31552,56525,1.0,83.42099263891578,71.15248107910156,0,256
001_ABC,31552,56781,0.998779296875,81.80906132957898,77.24049886067708,0,256
001_ABC,31552,57037,0.8046112060546875,78.34057605918497,60.34740702311198,0,256
001_ABC,31808,55501,0.9440765380859376,79.37856317963451,60.23367818196615,0,256
001_ABC,31808,55757,0.9116363525390624,88.78117156028748,72.79684448242188,0,256
001_ABC,31808,56013,0.9842681884765624,89.28178256656975,61.865234375,0,256
001_ABC,31808,56269,1.0,79.6258695886936,62.63810729980469,0,256
001_ABC,31808,56525,0.9059906005859376,73.7874144166708,96.38463338216144,0,256
001_ABC,31808,56781,0.93792724609375,75.51022103964351,80.20511881510417,0,256
001_ABC,31808,57037,0.6610565185546875,70.67345525231212,55.9656728108724,0,256
001_ABC,32064,55245,0.959503173828125,71.78080519824289,75.43138631184895,0,256
001_ABC,32064,55501,1.0,64.3927292227745,70.29402669270833,0,256
001_ABC,32064,55757,0.9669189453125,76.35188291571103,73.12662251790364,0,256
001_ABC,32064,56013,0.937530517578125,93.16514587192796,64.10381571451823,0,256
001_ABC,32064,56269,0.9126434326171876,83.05926486477256,61.28893025716146,0,256
001_ABC,32064,56525,0.8994293212890625,101.71864317706786,68.36011759440105,0,256
001_ABC,32064,56781,1.0,78.9704738126602,73.81458536783855,0,256
001_ABC,32064,57037,0.7023162841796875,67.55862184218131,74.77958170572917,0,256
001_ABC,32320,55245,0.8442535400390625,94.18626265763304,55.98423767089844,0,256
001_ABC,32320,55501,1.0,79.87502879556268,66.0706075032552,0,256
001_ABC,32320,55757,0.96856689453125,82.72414170205593,65.39136250813802,0,256
001_ABC,32320,56013,0.9930419921875,100.41490973136388,66.50780741373698,0,256
001_ABC,32320,56269,0.99493408203125,96.32537411153316,66.56560770670573,0,256
001_ABC,32320,56525,0.9653472900390624,91.08206163346767,73.55481465657552,0,256
001_ABC,32320,56781,0.9956207275390624,75.09738629218191,80.37850952148438,0,256
001_ABC,32320,57037,0.9324951171875,72.4748535072431,82.58249409993489,0,256
001_ABC,32576,55245,0.930267333984375,88.43155636242591,62.15446472167969,0,256
001_ABC,32576,55501,0.9884796142578124,70.11844881041907,55.13297526041666,0,256
001_ABC,32576,55757,1.0,55.33632872998714,71.52107238769531,0,256
001_ABC,32576,56013,0.9999237060546876,71.97720620385371,59.15816752115885,0,256
001_ABC,32576,56269,0.7588958740234375,75.17914243391715,51.3988037109375,0,256
001_ABC,32576,56525,0.6375274658203125,72.06415303773247,35.03418477376302,0,256
001_ABC,32576,56781,0.66864013671875,84.49180950014852,43.08870951334635,0,256
001_ABC,32576,57037,0.9528656005859376,83.395094063133,77.57091267903645,0,256
001_ABC,32576,57293,0.004150390625,35.68819606839679,6.2750803629557295,0,256
001_ABC,32832,55245,0.8280792236328125,75.15842407848686,51.67370096842448,0,256
001_ABC,32832,55501,0.9979095458984376,81.23268617852591,60.07885233561198,0,256
001_ABC,32832,55757,0.9646453857421876,102.09483334585092,61.43919881184896,0,256
001_ABC,32832,56013,0.9311065673828124,95.0641740092542,63.43401082356771,0,256
001_ABC,32832,56269,0.6857757568359375,86.68129134178162,41.88660176595052,0,256
001_ABC,32832,56525,1.0,81.82626950368285,72.59788004557292,0,256
001_ABC,32832,56781,1.0,90.264945900999,70.87972513834636,0,256
001_ABC,32832,57037,0.9677734375,112.58723981282674,69.4766133626302,0,256
001_ABC,32832,57293,0.0233154296875,39.34837693627924,6.875986735026042,0,256
001_ABC,33088,55245,0.98553466796875,115.92413458391091,72.17694600423177,0,256
001_ABC,33088,55501,0.9588470458984376,119.05579813476652,73.56791178385417,0,256
001_ABC,33088,55757,0.99639892578125,101.2086461277213,62.54955037434896,0,256
001_ABC,33088,56013,0.9687957763671876,98.1531947767362,53.62501017252604,0,256
001_ABC,33088,56269,0.9912109375,90.78340527322143,67.4022216796875,0,256
001_ABC,33088,56525,0.8986053466796875,97.95760567649268,67.15525817871094,0,256
001_ABC,33088,56781,1.0,85.88959860801697,66.1582743326823,0,256
001_ABC,33088,57037,0.54248046875,76.86894455179572,28.92515563964844,0,256
001_ABC,33088,57293,0.0,37.65543445572257,6.01287841796875,0,256
001_ABC,33344,55245,0.933074951171875,99.09738287492657,55.53998311360677,0,256
001_ABC,33344,55501,1.0,79.82508021499962,74.11184692382812,0,256
001_ABC,33344,55757,1.0,69.23243364109658,65.16286214192708,0,256
001_ABC,33344,56013,1.0,84.31822302099317,54.8479970296224,0,256
001_ABC,33344,56269,0.9124755859375,95.70500978454947,57.66168721516927,0,256
001_ABC,33344,56525,0.9228057861328124,104.88069952628577,72.8159891764323,0,256
001_ABC,33344,56781,1.0,95.51949353306554,71.63325500488281,0,256
001_ABC,33344,57037,0.451416015625,77.35803704126738,28.292516072591145,0,256
001_ABC,33344,57293,0.0,38.90798848774284,6.074879964192708,0,256
001_ABC,33600,55245,0.8912200927734375,79.39474640693516,51.0890146891276,0,256
001_ABC,33600,55501,1.0,79.08372323564254,74.10268147786458,0,256
001_ABC,33600,55757,1.0,65.74441348924302,69.82778930664062,0,256
001_ABC,33600,56013,1.0,72.27543074544519,66.46215311686198,0,256
001_ABC,33600,56269,0.9990692138671876,81.73343835677952,58.24527486165365,0,256
001_ABC,33600,56525,1.0,81.30463358177803,73.89545186360677,0,256
001_ABC,33600,56781,1.0,96.80797199811786,70.84635416666667,0,256
001_ABC,33600,57037,0.9791717529296876,108.46922781690957,69.83089701334636,0,256
001_ABC,33600,57293,0.3388214111328125,65.99003600492142,29.465240478515625,0,256
001_ABC,33856,55245,0.7949066162109375,108.98641481623054,55.08294169108073,0,256
001_ABC,33856,55501,1.0,103.79799548513256,71.44276428222656,0,256
001_ABC,33856,55757,1.0,99.31757742143236,59.47677103678385,0,256
001_ABC,33856,56013,1.0,104.83934706356376,57.12781270345052,0,256
001_ABC,33856,56269,1.0,98.15761202201249,71.857177734375,0,256
001_ABC,33856,56525,1.0,128.1647018790245,66.73270161946614,0,256
001_ABC,33856,56781,0.9989776611328124,118.50115620251744,58.6814219156901,0,256
001_ABC,33856,57037,1.0,102.26995883882046,65.49899291992188,0,256
001_ABC,33856,57293,0.6517181396484375,81.19764653011225,51.62194315592448,0,256
001_ABC,34112,54989,0.87890625,153.5590472051408,64.02128601074219,0,256
001_ABC,34112,55245,0.81561279296875,121.77077607042156,68.48786926269531,0,256
001_ABC,34112,55501,0.796722412109375,118.02654090430588,70.36657206217448,0,256
001_ABC,34112,55757,0.80535888671875,127.88668322912416,57.613616943359375,0,256
001_ABC,34112,56013,0.8170013427734375,109.23363047465682,58.33131408691406,0,256
001_ABC,34112,56269,0.9983978271484376,105.08978883340023,68.67989603678386,0,256
001_ABC,34112,56525,0.776947021484375,104.54958185716532,35.225504557291664,0,256
001_ABC,34112,56781,0.6752777099609375,100.16267672833057,40.975667317708336,0,256
001_ABC,34112,57037,0.9976654052734376,121.93560751434416,59.44959513346354,0,256
001_ABC,34112,57293,0.705596923828125,97.81210278510116,55.60740152994792,0,256
001_ABC,34368,54989,0.995269775390625,138.06314328219742,65.64981587727864,0,256
001_ABC,34368,55245,0.9865264892578124,173.47017024457455,76.73134867350261,0,256
001_ABC,34368,55501,0.8917236328125,121.83475262648426,75.07339477539062,0,256
001_ABC,34368,55757,0.855438232421875,120.9959949851036,59.05533854166666,0,256
001_ABC,34368,56013,0.5549468994140625,94.739835297456,47.124247233072914,0,256
001_ABC,34368,56269,1.0,105.88400613889098,63.53043111165365,0,256
001_ABC,34368,56525,1.0,93.0361732840538,56.62135314941406,0,256
001_ABC,34368,56781,0.6257476806640625,75.63851589872502,26.235336303710938,0,256
001_ABC,34368,57037,0.88848876953125,111.11683637811802,39.37017313639323,0,256
001_ABC,34368,57293,0.28399658203125,70.53151656663977,18.375152587890625,0,256
001_ABC,34624,54989,0.999908447265625,78.3967128386721,60.76338195800781,0,256
001_ABC,34624,55245,1.0,61.892699593445286,64.98789469401042,0,256
001_ABC,34624,55501,1.0,77.23986333608627,62.3329823811849,0,256
001_ABC,34624,55757,0.9750213623046876,96.71847542538308,59.504659016927086,0,256
001_ABC,34624,56013,0.663543701171875,71.73451569583267,43.5302480061849,0,256
001_ABC,34624,56269,1.0,73.69551086425781,61.81892395019531,0,256
001_ABC,34624,56525,1.0,79.61830430850387,57.6573232014974,0,256
001_ABC,34624,56781,0.894561767578125,71.03868993278593,40.69209798177084,0,256
001_ABC,34624,57037,0.1399383544921875,45.17950230068527,10.327565511067707,0,256
001_ABC,34880,54733,0.476318359375,54.876844031503424,30.91393534342448,0,256
001_ABC,34880,54989,1.0,61.27032848354429,64.43136088053386,0,256
001_ABC,34880,55245,0.9625701904296876,65.20998045429587,58.63424173990885,0,256
001_ABC,34880,55501,0.7698516845703125,73.7147771564778,52.99093627929688,0,256
001_ABC,34880,55757,0.92144775390625,100.47778996801937,56.457305908203125,0,256
001_ABC,34880,56013,0.9985809326171876,94.13592528458685,67.68410746256511,0,256
001_ABC,34880,56269,0.8542633056640625,89.72406041412614,53.4072265625,0,256
001_ABC,34880,56525,0.9389495849609376,89.07607494294643,66.12845865885417,0,256
001_ABC,34880,56781,0.924835205078125,76.94099925365299,47.6893310546875,0,256
001_ABC,34880,57037,0.0318603515625,44.46095299697481,8.32000732421875,0,256
001_ABC,35136,54733,0.7724761962890625,84.88755157217383,52.06018575032552,0,256
001_ABC,35136,54989,1.0,72.18851113854907,72.97281392415364,0,256
001_ABC,35136,55245,0.96783447265625,74.42376758507453,67.36553446451823,0,256
001_ABC,35136,55501,0.8893280029296875,96.78259915020315,50.43586222330729,0,256
001_ABC,35136,55757,0.8880615234375,80.22046388476156,54.56672159830729,0,256
001_ABC,35136,56013,0.9824981689453124,87.03813124238513,67.4130859375,0,256
001_ABC,35136,56269,0.604888916015625,73.95356315537356,38.1251475016276,0,256
001_ABC,35136,56525,0.7868499755859375,90.9599880108144,57.17955017089844,0,256
001_ABC,35136,56781,0.8367919921875,80.39033032185398,74.64895121256511,0,256
001_ABC,35136,57037,0.25653076171875,58.59324327274226,21.382049560546875,0,256
001_ABC,35392,54477,0.8866424560546875,85.78999796672724,59.30121866861979,0,256
001_ABC,35392,54733,0.740325927734375,88.57868722989224,52.97839864095052,0,256
001_ABC,35392,54989,0.841766357421875,83.46027749753557,65.71583048502605,0,256
001_ABC,35392,55245,0.895050048828125,76.01309207989834,81.44813537597656,0,256
001_ABC,35392,55501,0.9856414794921876,69.76981065329164,74.82255045572917,0,256
001_ABC,35392,55757,1.0,74.17059966712259,72.72505187988281,0,256
001_ABC,35392,56013,1.0,74.02597874030471,74.05839029947917,0,256
001_ABC,35392,56269,0.934478759765625,81.91912580188364,68.46607462565105,0,256
001_ABC,35392,56525,0.8951416015625,86.94703096151352,74.02156066894531,0,256
001_ABC,35392,56781,0.897735595703125,80.77664693421684,53.245340983072914,0,256
001_ABC,35648,54477,0.7982330322265625,96.54872142896056,53.959716796875,0,256
001_ABC,35648,54733,0.834625244140625,89.42030768748373,72.06012471516927,0,256
001_ABC,35648,54989,0.78363037109375,82.349156065844,66.91446431477864,0,256
001_ABC,35648,55245,1.0,71.08449438563548,69.07017008463542,0,256
001_ABC,35648,55501,1.0,65.68511100765318,77.80125427246094,0,256
001_ABC,35648,55757,1.0,75.7942172549665,104.15193684895831,0,256
001_ABC,35648,56013,0.9747467041015624,83.61037085740827,77.95421346028645,0,256
001_ABC,35648,56269,1.0,74.14536367892288,68.37339782714844,0,256
001_ABC,35648,56525,1.0,88.88391311373562,64.77249654134114,0,256
001_ABC,35648,56781,0.7599334716796875,79.36868944740854,45.62104288736979,0,256
001_ABC,35904,54477,0.8209991455078125,102.73297730064952,57.79320780436198,0,256
001_ABC,35904,54733,0.6064300537109375,81.44296815781854,44.19917805989584,0,256
001_ABC,35904,54989,0.8796844482421875,91.8689253591001,70.21354166666667,0,256
001_ABC,35904,55245,1.0,78.9898511429783,61.85429890950521,0,256
001_ABC,35904,55501,0.9040374755859376,85.79778526723385,64.53673807779948,0,256
001_ABC,35904,55757,0.733612060546875,87.1797871903982,48.84095764160156,0,256
001_ABC,35904,56013,0.9940185546875,87.42713952041231,69.29236348470052,0,256
001_ABC,35904,56269,1.0,70.11190878972411,69.3470967610677,0,256
001_ABC,35904,56525,1.0,115.9115524420049,70.88090515136719,0,256
001_ABC,35904,56781,0.6666259765625,93.77508995844984,58.00581868489584,0,256
001_ABC,36160,54477,0.853515625,90.03618440381251,53.76006571451823,0,256
001_ABC,36160,54733,1.0,81.13607986248098,77.98846944173177,0,256
001_ABC,36160,54989,1.0,83.5201175303664,70.94198099772136,0,256
001_ABC,36160,55245,1.0,75.85932463034987,74.24903361002605,0,256
001_ABC,36160,55501,1.0,85.58526593074203,75.47304789225261,0,256
001_ABC,36160,55757,0.6877288818359375,87.84541122522205,40.92725626627604,0,256
001_ABC,36160,56013,0.9699859619140624,104.23169674328528,64.86688741048177,0,256
001_ABC,36160,56269,0.9985809326171876,109.39528545713983,74.71267700195312,0,256
001_ABC,36160,56525,0.9784698486328124,143.56170546635985,97.65779113769533,0,256
001_ABC,36160,56781,0.2830810546875,73.08503449615091,22.84492492675781,0,256
001_ABC,36416,54477,0.9180145263671876,76.99757261178456,56.07068379720052,0,256
001_ABC,36416,54733,1.0,79.3164258217439,67.68142700195312,0,256
001_ABC,36416,54989,1.0,74.69931810139678,59.82072957356771,0,256
001_ABC,36416,55245,1.0,92.38237212202512,62.16522725423177,0,256
001_ABC,36416,55501,1.0,88.72157084569335,61.0344492594401,0,256
001_ABC,36416,55757,0.99737548828125,98.84849954559468,66.58748881022136,0,256
001_ABC,36416,56013,0.8565673828125,90.14121776726095,70.54571024576823,0,256
001_ABC,36416,56269,0.89166259765625,97.16518229153009,69.06888326009114,0,256
001_ABC,36416,56525,0.9295806884765624,110.95310503221116,96.81588236490886,0,256
001_ABC,36416,56781,0.0380401611328125,55.19084056629799,8.886566162109375,0,256
001_ABC,36672,54221,0.779693603515625,67.35789468046278,41.410186767578125,0,256
001_ABC,36672,54477,1.0,76.53493319358677,56.70502726236979,0,256
001_ABC,36672,54733,1.0,71.29534795484506,65.3642578125,0,256
001_ABC,36672,54989,1.0,73.28228759765625,58.65074157714844,0,256
001_ABC,36672,55245,1.0,74.76657238509506,62.30415852864584,0,256
001_ABC,36672,55501,0.9793548583984376,88.23969871341251,79.94777425130208,0,256
001_ABC,36672,55757,0.9993133544921876,75.77585051185451,74.9280293782552,0,256
001_ABC,36672,56013,0.9305419921875,87.69171142205596,64.23633321126302,0,256
001_ABC,36672,56269,0.91015625,76.70089706568979,64.72145080566406,0,256
001_ABC,36672,56525,0.3675079345703125,58.46200466156006,43.24630228678385,0,256
001_ABC,36928,54221,0.932525634765625,75.01941747125238,48.29677327473959,0,256
001_ABC,36928,54477,1.0,71.36930633243173,56.83536275227865,0,256
001_ABC,36928,54733,1.0,77.17978900671005,60.89399719238281,0,256
001_ABC,36928,54989,1.0,76.45558752771467,76.14388529459636,0,256
001_ABC,36928,55245,0.7802734375,79.76043656095862,55.32190450032552,0,256
001_ABC,36928,55501,0.998199462890625,84.61161955818534,82.81280008951823,0,256
001_ABC,36928,55757,1.0,73.00455388403498,75.89626057942708,0,256
001_ABC,36928,56013,0.9025421142578124,85.28178368415684,61.5700429280599,0,256
001_ABC,36928,56269,0.1537628173828125,54.0763512623962,15.019312540690104,0,256
001_ABC,37184,53709,0.5367889404296875,67.04061253345571,27.992762247721355,0,256
001_ABC,37184,53965,0.9003448486328125,74.87848649523221,56.63087463378906,0,256
001_ABC,37184,54221,1.0,72.5530095284339,69.44547017415364,0,256
001_ABC,37184,54477,1.0,73.96081303060055,66.71839396158855,0,256
001_ABC,37184,54733,1.0,80.55590546038002,64.99274190266927,0,256
001_ABC,37184,54989,0.8000640869140625,97.32698229677044,51.64580281575521,0,256
001_ABC,37184,55245,0.33892822265625,71.91871476522647,23.13958740234375,0,256
001_ABC,37184,55501,1.0,96.08413779363036,68.13289388020833,0,256
001_ABC,37184,55757,1.0,81.07151672895998,66.25679016113281,0,256
001_ABC,37184,56013,0.6611785888671875,71.11198192252778,46.34339396158854,0,256
001_ABC,37440,53453,0.921966552734375,76.66446397360414,45.72761535644531,0,256
001_ABC,37440,53709,1.0,75.40195833146572,58.74621073404948,0,256
001_ABC,37440,53965,1.0,72.56298572733067,66.88702901204427,0,256
001_ABC,37440,54221,1.0,64.75527508347295,74.9375,0,256
001_ABC,37440,54477,1.0,62.98153966665268,72.10713704427083,0,256
001_ABC,37440,54733,1.0,79.23585253115743,64.87649536132812,0,256
001_ABC,37440,54989,0.9811553955078124,103.06871270551346,54.514485677083336,0,256
001_ABC,37440,55245,0.987884521484375,98.39358106977306,60.09393310546875,0,256
001_ABC,37440,55501,1.0,77.61783350165933,60.78031412760416,0,256
001_ABC,37440,55757,0.9699554443359376,75.65448421239853,60.62324015299479,0,256
001_ABC,37440,56013,0.339508056640625,62.02191490586847,25.530588785807293,0,256
001_ABC,37696,53453,1.0,82.4526210417971,58.900797526041664,0,256
001_ABC,37696,53709,1.0,68.7135173343122,72.60214233398438,0,256
001_ABC,37696,53965,1.0,77.55645507574081,71.02257792154948,0,256
001_ABC,37696,54221,1.0,73.94183383882046,72.51280721028645,0,256
001_ABC,37696,54477,1.0,85.78003600775264,65.31069946289062,0,256
001_ABC,37696,54733,1.0,91.8833423142787,60.30268351236979,0,256
001_ABC,37696,54989,1.0,84.82641312107444,60.6893056233724,0,256
001_ABC,37696,55245,1.0,80.42993554635905,61.83008829752604,0,256
001_ABC,37696,55501,1.0,80.2001513838768,66.14928690592448,0,256
001_ABC,37696,55757,0.645050048828125,69.51388549711555,41.08472696940104,0,256
001_ABC,37696,56013,0.0009613037109375,51.82990105799399,8.677159627278646,0,256
001_ABC,37952,53197,0.684844970703125,81.76711588143371,31.952601114908852,0,256
001_ABC,37952,53453,1.0,95.27892924752086,61.94334920247396,0,256
001_ABC,37952,53709,1.0,74.09013583115302,67.82602945963542,0,256
001_ABC,37952,53965,1.0,79.08808202203363,65.86349487304688,0,256
001_ABC,37952,54221,1.0,90.75816129148006,64.74085489908855,0,256
001_ABC,37952,54477,1.0,93.48673659539782,58.893463134765625,0,256
001_ABC,37952,54733,1.0,97.39688982721418,61.2467295328776,0,256
001_ABC,37952,54989,1.0,93.60952930687928,61.41957092285156,0,256
001_ABC,37952,55245,1.0,89.99930048151873,64.09253946940105,0,256
001_ABC,37952,55501,1.0,86.36860005161725,70.69290669759114,0,256
001_ABC,37952,55757,0.39593505859375,66.92632420337759,28.539988199869796,0,256
001_ABC,38208,53197,0.833709716796875,79.93984985351562,47.15538024902344,0,256
001_ABC,38208,53453,1.0,98.32329986989498,63.94332377115885,0,256
001_ABC,38208,53709,1.0,90.47196823265404,71.25593566894531,0,256
001_ABC,38208,53965,1.0,81.4046089721378,70.42778015136719,0,256
001_ABC,38208,54221,1.0,100.50265931314787,63.315653483072914,0,256
001_ABC,38208,54477,1.0,102.39194963872433,62.617696126302086,0,256
001_ABC,38208,54733,1.0,106.89943287428468,60.45481872558594,0,256
001_ABC,38208,54989,1.0,107.92964675440452,63.5145517985026,0,256
001_ABC,38208,55245,1.0,118.65594490035436,66.3495585123698,0,256
001_ABC,38208,55501,1.0,100.44621557346544,72.69606526692708,0,256
001_ABC,38208,55757,0.5076904296875,76.76249623205513,37.40384419759115,0,256
001_ABC,38464,53197,0.3958282470703125,85.76569891883992,20.833201090494796,0,256
001_ABC,38464,53453,0.996673583984375,103.41313066869044,55.3144785563151,0,256
001_ABC,38464,53709,1.0,86.63081410876475,68.56300862630208,0,256
001_ABC,38464,53965,1.0,91.40878188237548,67.60342407226562,0,256
001_ABC,38464,54221,1.0,104.66157364449464,69.80120340983073,0,256
001_ABC,38464,54477,1.0,93.4307708942797,58.70407104492188,0,256
001_ABC,38464,54733,1.0,89.21575685194694,57.97350056966146,0,256
001_ABC,38464,54989,1.0,92.7688543414697,61.81626892089844,0,256
001_ABC,38464,55245,1.0,71.29966008290648,74.17522684733073,0,256
001_ABC,38464,55501,0.9993896484375,85.55249961069785,66.04547627766927,0,256
001_ABC,38464,55757,0.4911956787109375,82.38326526037417,34.60025533040365,0,256
001_ABC,38720,53197,0.445953369140625,48.36036738543771,21.032791137695312,0,256
001_ABC,38720,53453,0.997650146484375,61.65380701213144,56.14300028483073,0,256
001_ABC,38720,53709,1.0,64.64881472638808,65.35006205240886,0,256
001_ABC,38720,53965,1.0,58.08862601220608,70.92875162760417,0,256
001_ABC,38720,54221,1.0,64.17293351492845,65.84065755208333,0,256
001_ABC,38720,54477,1.0,68.95866709575057,58.40559387207031,0,256
001_ABC,38720,54733,1.0,59.99522976553999,58.22840372721354,0,256
001_ABC,38720,54989,1.0,52.65733629092574,67.85711161295573,0,256
001_ABC,38720,55245,1.0,54.43416647519916,65.79823303222656,0,256
001_ABC,38720,55501,0.878326416015625,54.75599754764698,47.31849161783854,0,256
001_ABC,38720,55757,0.0573272705078125,41.5902841007337,8.664031982421875,0,256
001_ABC,38976,53197,0.6894683837890625,69.38202967285179,43.39177958170573,0,256
001_ABC,38976,53453,1.0,68.00184374651872,72.96555582682292,0,256
001_ABC,38976,53709,1.0,77.15254710521549,74.29206848144531,0,256
001_ABC,38976,53965,1.0,73.38810613378882,69.4071044921875,0,256
001_ABC,38976,54221,1.0,67.78651782032102,65.81733703613281,0,256
001_ABC,38976,54477,1.0,73.52436239179224,61.04710896809896,0,256
001_ABC,38976,54733,1.0,61.99756639241241,58.18816630045573,0,256
001_ABC,38976,54989,1.0,67.21603598818183,58.75122578938802,0,256
001_ABC,38976,55245,1.0,57.87748868740164,61.90428670247396,0,256
001_ABC,38976,55501,0.7873687744140625,56.55371697898954,44.587809244791664,0,256
001_ABC,39232,53197,0.98553466796875,93.59898012853228,73.21964009602864,0,256
001_ABC,39232,53453,1.0,80.18465805053711,79.65190124511719,0,256
001_ABC,39232,53709,1.0,77.48058026074432,78.99144490559895,0,256
001_ABC,39232,53965,1.0,70.92009507119656,75.11862691243489,0,256
001_ABC,39232,54221,1.0,82.22936876025051,71.80882771809895,0,256
001_ABC,39232,54477,1.0,79.66893899790011,67.85101826985677,0,256
001_ABC,39232,54733,1.0,70.95686320750974,61.509613037109375,0,256
001_ABC,39232,54989,1.0,69.81520448625088,67.51364644368489,0,256
001_ABC,39232,55245,1.0,69.34143278724514,70.94395955403645,0,256
001_ABC,39232,55501,0.9596405029296876,81.9473684427794,65.90759785970052,0,256
001_ABC,39488,52941,0.3117523193359375,62.7210828801617,24.10571797688802,0,256
001_ABC,39488,53197,1.0,85.57640298828483,78.25464375813802,0,256
001_ABC,39488,53453,1.0,89.8145551753696,83.37918599446614,0,256
001_ABC,39488,53709,1.0,95.37942880392076,74.77377827962239,0,256
001_ABC,39488,53965,1.0,98.24862953647973,77.23659769694011,0,256
001_ABC,39488,54221,1.0,89.59350413735956,78.74776713053386,0,256
001_ABC,39488,54477,1.0,67.17299880250357,73.13782246907552,0,256
001_ABC,39488,54733,1.0,74.42025723843835,71.44873046875,0,256
001_ABC,39488,54989,1.0,67.0250073634088,69.3478495279948,0,256
001_ABC,39488,55245,1.0,77.36215474363416,67.41740417480469,0,256
001_ABC,39488,55501,0.718017578125,64.68283530673943,49.43299357096354,0,256
001_ABC,39744,52941,0.8043060302734375,87.24735255702399,59.6953379313151,0,256
001_ABC,39744,53197,1.0,93.19353495142424,89.1715799967448,0,256
001_ABC,39744,53453,1.0,86.55286656110547,84.0906982421875,0,256
001_ABC,39744,53709,0.9969635009765624,85.78724672435783,71.40086364746094,0,256
001_ABC,39744,53965,1.0,103.62069389573298,76.2736104329427,0,256
001_ABC,39744,54221,1.0,95.17313482961616,74.90276590983073,0,256
001_ABC,39744,54477,1.0,89.65553995757364,73.66080729166667,0,256
001_ABC,39744,54733,1.0,72.27086915052496,73.21413675944011,0,256
001_ABC,39744,54989,1.0,71.57915365323424,67.43068949381511,0,256
001_ABC,39744,55245,1.0,79.04907131195068,65.94471740722656,0,256
001_ABC,39744,55501,0.36932373046875,54.06422656774521,26.68365478515625,0,256
001_ABC,40000,52941,1.0,105.1999213823583,85.46140034993489,0,256
001_ABC,40000,53197,1.0,91.39473780593836,94.32376607259114,0,256
001_ABC,40000,53453,1.0,98.69560057274066,80.64755757649739,0,256
001_ABC,40000,53709,0.995452880859375,105.7344842699822,71.68034362792969,0,256
001_ABC,40000,53965,1.0,104.05906683742069,77.29859415690105,0,256
001_ABC,40000,54221,1.0,86.76698290929198,76.31796773274739,0,256
001_ABC,40000,54477,1.0,93.52705737110227,73.21921793619792,0,256
001_ABC,40000,54733,1.0,78.67045593238436,73.49461364746094,0,256
001_ABC,40000,54989,0.9437103271484376,68.29293727874756,51.55326334635416,0,256
001_ABC,40000,55245,0.787322998046875,65.91316550131887,46.84452819824219,0,256
001_ABC,40000,55501,0.01416015625,48.43446735944599,7.777984619140625,0,256
001_ABC,40256,52685,0.7674407958984375,104.0562394389417,53.66460164388021,0,256
001_ABC,40256,52941,0.9895172119140624,100.03094075620174,77.68901062011719,0,256
001_ABC,40256,53197,0.7329559326171875,84.31316434498876,54.91493733723959,0,256
001_ABC,40256,53453,0.9829559326171876,98.12732293829322,64.59919738769531,0,256
001_ABC,40256,53709,0.9783172607421876,86.3090115999803,70.66747029622395,0,256
001_ABC,40256,53965,1.0,98.64776544179767,69.59103902180989,0,256
001_ABC,40256,54221,1.0,93.57717763539404,77.38893127441406,0,256
001_ABC,40256,54477,1.0,102.99604750331493,75.35072835286458,0,256
001_ABC,40256,54733,1.0,88.29696619487368,75.23545837402344,0,256
001_ABC,40256,54989,0.963775634765625,78.08262538909912,63.31292215983073,0,256
001_ABC,40256,55245,0.633636474609375,69.67685828520916,41.61146545410156,0,256
001_ABC,40512,52685,1.0,132.11079077026807,74.97627766927083,0,256
001_ABC,40512,52941,1.0,107.23499701917171,80.2674051920573,0,256
001_ABC,40512,53197,1.0,97.0158065238502,72.59851582845052,0,256
001_ABC,40512,53453,1.0,92.5486810207367,71.53210957845052,0,256
001_ABC,40512,53709,1.0,95.0071422585752,72.70294698079427,0,256
001_ABC,40512,53965,1.0,94.67047058953904,70.95210266113281,0,256
001_ABC,40512,54221,1.0,93.67459036386572,70.43659973144531,0,256
001_ABC,40512,54477,1.0,114.63041611365044,70.16980997721355,0,256
001_ABC,40512,54733,0.68182373046875,71.01780534139834,48.20685323079427,0,256
001_ABC,40512,54989,0.9991455078125,90.66223203553818,68.06747436523438,0,256
001_ABC,40512,55245,0.576507568359375,78.77714970335364,42.774495442708336,0,256
001_ABC,40768,52685,0.9949493408203124,93.13172584562562,59.879180908203125,0,256
001_ABC,40768,52941,0.998687744140625,124.39617538452148,77.62166341145833,0,256
001_ABC,40768,53197,1.0,92.39175130031072,75.97440592447917,0,256
001_ABC,40768,53453,1.0,78.14967553224415,66.46496073404948,0,256
001_ABC,40768,53709,1.0,76.37923936522566,81.76441446940105,0,256
001_ABC,40768,53965,1.0,81.63953978172503,66.62429300944011,0,256
001_ABC,40768,54221,1.0,81.92276172875427,62.14793904622396,0,256
001_ABC,40768,54477,0.8172760009765625,70.01920963055454,51.49835713704427,0,256
001_ABC,40768,54733,0.4905242919921875,66.29511064453982,31.68585205078125,0,256
001_ABC,40768,54989,0.663482666015625,69.49423183663748,44.56351216634115,0,256
001_ABC,40768,55245,0.426177978515625,61.31991934776306,25.93709309895833,0,256
001_ABC,41024,52685,0.3047027587890625,57.83029406890273,19.021769205729168,0,256
001_ABC,41024,52941,0.75506591796875,87.80606908141635,47.64908854166666,0,256
001_ABC,41024,53197,1.0,101.99081685300916,70.70229593912761,0,256
001_ABC,41024,53453,0.998382568359375,89.13135119504295,63.93434143066406,0,256
001_ABC,41024,53709,0.9969329833984376,90.70735267899,63.86234537760416,0,256
001_ABC,41024,53965,1.0,91.29542024596594,60.23714701334635,0,256
001_ABC,41024,54221,1.0,108.5419895015657,67.40084838867188,0,256
001_ABC,41024,54477,0.4418792724609375,58.26208286709152,31.430938720703125,0,256
001_ABC,41024,54733,0.0970916748046875,52.80920360982418,12.134419759114584,0,256
001_ABC,41024,54989,0.7158966064453125,88.60187412216328,45.43144226074219,0,256
001_ABC,41024,55245,0.0836639404296875,50.22558012511581,10.809982299804688,0,256
001_ABC,41280,52685,0.493438720703125,77.02068460336886,34.48980204264323,0,256
001_ABC,41280,52941,0.758544921875,70.72678519575857,66.91585795084636,0,256
001_ABC,41280,53197,0.9812469482421876,77.5581214344129,68.49278259277344,0,256
001_ABC,41280,53453,0.9553375244140624,108.83019814547151,51.21125284830729,0,256
001_ABC,41280,53709,0.98162841796875,93.65507376729512,53.00743103027344,0,256
001_ABC,41280,53965,0.996337890625,94.29869672073984,54.29966227213541,0,256
001_ABC,41280,54221,1.0,110.34109420119783,69.71662902832031,0,256
001_ABC,41280,54477,0.9989013671875,135.8026860242244,67.23192850748698,0,256
001_ABC,41280,54733,0.9334869384765624,125.18909898563288,53.72332763671875,0,256
001_ABC,41280,54989,0.1439971923828125,58.17602218105458,13.528269449869793,0,256
001_ABC,41536,52685,0.9068450927734376,120.84708826593123,54.97137959798177,0,256
001_ABC,41536,52941,0.9996185302734376,125.35822182521224,69.76056416829427,0,256
001_ABC,41536,53197,0.97906494140625,97.27143059670924,66.80160013834636,0,256
001_ABC,41536,53453,0.6463165283203125,73.79405115544796,44.0767822265625,0,256
001_ABC,41536,53709,0.704071044921875,77.4771117568016,48.06146748860677,0,256
001_ABC,41536,53965,0.9967803955078124,92.86354848369956,58.54359436035156,0,256
001_ABC,41536,54221,0.9760284423828124,108.52286957553588,59.864837646484375,0,256
001_ABC,41536,54477,0.9062042236328124,111.4733787914738,45.927764892578125,0,256
001_ABC,41536,54733,0.1717376708984375,62.21291660889983,14.25196329752604,0,256
001_ABC,41792,52685,0.244049072265625,63.18631962290965,17.182774861653645,0,256
001_ABC,41792,52941,0.9869232177734376,133.29855506657623,87.30136108398438,0,256
001_ABC,41792,53197,1.0,138.85170754417777,82.20504252115886,0,256
001_ABC,41792,53453,1.0,140.34179144725204,73.97085062662761,0,256
001_ABC,41792,53709,1.0,131.05920398887247,74.99482727050781,0,256
001_ABC,41792,53965,0.937225341796875,121.7986706753727,61.57036336263021,0,256
001_ABC,41792,54221,0.7645263671875,88.7796682191547,56.09188334147135,0,256
001_ABC,41792,54477,0.869842529296875,91.64757340750656,62.18148295084635,0,256
001_ABC,41792,54733,0.5831146240234375,116.3526371435728,52.93446350097656,0,256
001_ABC,42048,52941,0.7762451171875,127.7775393789634,72.08115641276042,0,256
001_ABC,42048,53197,1.0,167.34290218353271,107.06722005208331,0,256
001_ABC,42048,53453,1.0,178.44724577642046,101.71446228027344,0,256
001_ABC,42048,53709,1.0,175.7575418194756,106.07491556803386,0,256
001_ABC,42048,53965,1.0,182.32864067307676,102.66389465332033,0,256
001_ABC,42048,54221,1.0,167.4292972178664,94.26228332519533,0,256
001_ABC,42048,54477,1.0,121.05369492224418,70.1644999186198,0,256
001_ABC,42048,54733,0.9449005126953124,144.94726766552776,99.4384256998698,0,256
001_ABC,42304,53197,0.695281982421875,119.5789335630834,52.11530558268229,0,256
001_ABC,42304,53453,1.0,132.41419970593415,84.28980509440105,0,256
001_ABC,42304,53709,1.0,169.74926554318515,99.46971638997395,0,256
001_ABC,42304,53965,1.0,178.90599913801998,103.24850972493488,0,256
001_ABC,42304,54221,1.0,196.37130865617652,105.70912679036458,0,256
001_ABC,42304,54477,1.0,169.74737552716397,105.15915425618488,0,256
001_ABC,42304,54733,0.8889923095703125,137.28335289563984,85.12215169270833,0,256
001_ABC,42560,53197,0.3587799072265625,69.86029022559524,24.134852091471355,0,256
001_ABC,42560,53453,1.0,125.59484648704527,78.83290100097656,0,256
001_ABC,42560,53709,1.0,131.2876680640038,90.68068949381512,0,256
001_ABC,42560,53965,1.0,159.99329297593795,97.19115702311198,0,256
001_ABC,42560,54221,1.0,161.68249906948768,102.48696899414062,0,256
001_ABC,42560,54477,1.0,156.11470379657112,104.93804931640624,0,256
001_ABC,42560,54733,0.3881072998046875,81.60442905849777,29.82280985514323,0,256
001_ABC,42816,53197,0.5438995361328125,71.66370938322507,33.88519795735677,0,256
001_ABC,42816,53453,1.0,85.74589136778377,83.75031026204427,0,256
001_ABC,42816,53709,1.0,88.95732339844108,87.0487772623698,0,256
001_ABC,42816,53965,1.0,117.45099206175657,100.73721313476562,0,256
001_ABC,42816,54221,1.0,125.140881922096,99.41503397623698,0,256
001_ABC,42816,54477,1.0,121.54185603559016,92.2562255859375,0,256
001_ABC,42816,54733,0.2212982177734375,59.88783258921467,18.693567911783852,0,256
001_ABC,43072,53197,0.8460845947265625,93.2445677369833,62.89910380045573,0,256
001_ABC,43072,53453,1.0,94.79830879322252,77.96895345052083,0,256
001_ABC,43072,53709,1.0,104.92715345323086,88.11556498209636,0,256
001_ABC,43072,53965,1.0,126.98955498053692,98.0064951578776,0,256
001_ABC,43072,54221,1.0,134.4557984934654,96.09746805826823,0,256
001_ABC,43072,54477,0.9496307373046876,122.03383153676988,85.55812581380208,0,256
001_ABC,43072,54733,0.0178680419921875,50.29440762009472,8.672948201497396,0,256
001_ABC,43328,53197,0.67779541015625,86.83322271867655,38.083272298177086,0,256
001_ABC,43328,53453,1.0,91.98356934427284,67.0907491048177,0,256
001_ABC,43328,53709,1.0,94.2398831860628,80.36900838216145,0,256
001_ABC,43328,53965,1.0,127.72452449798584,95.71589660644533,0,256
001_ABC,43328,54221,1.0,148.6052867898252,96.73301696777344,0,256
001_ABC,43328,54477,0.7285308837890625,106.42763240798377,70.28091430664062,0,256
001_ABC,43584,53197,0.99945068359375,87.10326981171966,69.19190979003906,0,256
001_ABC,43584,53453,1.0,93.51885235961528,69.65837097167969,0,256
001_ABC,43584,53709,1.0,100.65465304418468,83.47207641601562,0,256
001_ABC,43584,53965,1.0,94.19371581077576,81.36590067545573,0,256
001_ABC,43584,54221,1.0,123.01687022671103,80.96106974283855,0,256
001_ABC,43584,54477,0.4720916748046875,81.22904937132262,40.07609558105469,0,256
001_ABC,43840,53197,0.9324493408203124,97.66604593303056,66.38353474934895,0,256
001_ABC,43840,53453,1.0,119.5665544262156,81.82527669270833,0,256
001_ABC,43840,53709,1.0,105.5848889015615,76.99043273925781,0,256
001_ABC,43840,53965,0.9511871337890624,113.38139300211331,70.99199930826823,0,256
001_ABC,43840,54221,0.960052490234375,105.56815380579792,71.26706441243489,0,256
001_ABC,43840,54477,0.2172393798828125,63.18873595981859,17.226587931315105,0,256
001_ABC,44096,52173,0.8993377685546875,101.95010054018348,68.24272155761719,0,256
001_ABC,44096,52429,1.0,114.17439442500472,66.60647074381511,0,256
001_ABC,44096,52685,0.7147216796875,97.43414955958724,45.09557088216146,0,256
001_ABC,44096,52941,0.2215118408203125,61.21398170641624,15.805028279622396,0,256
001_ABC,44096,53197,0.841949462890625,101.8956973233726,58.06834411621094,0,256
001_ABC,44096,53453,1.0,103.29816416557878,71.50101216634114,0,256
001_ABC,44096,53709,0.9605865478515624,96.23256849870086,79.99752298990886,0,256
001_ABC,44096,53965,0.996795654296875,124.82648983388208,67.31903076171875,0,256
001_ABC,44096,54221,0.625274658203125,91.5076981149614,35.5917002360026,0,256
001_ABC,44352,51917,1.0,99.1705992424395,80.64537048339844,0,256
001_ABC,44352,52173,1.0,119.3552187969908,78.13272094726562,0,256
001_ABC,44352,52429,0.99932861328125,106.00272065936588,80.74502054850261,0,256
001_ABC,44352,52685,1.0,115.04489515721798,78.7713114420573,0,256
001_ABC,44352,52941,1.0,100.18686297885142,83.73111470540364,0,256
001_ABC,44352,53197,1.0,129.9041839800775,76.62207539876302,0,256
001_ABC,44352,53453,1.0,121.50912964879537,72.20318603515625,0,256
001_ABC,44352,53709,1.0,129.93841159250587,65.3471171061198,0,256
001_ABC,44352,53965,0.743560791015625,112.78046992584132,56.854522705078125,0,256
001_ABC,44352,54221,0.0,54.056669348618016,7.6584930419921875,0,256
001_ABC,44608,51661,0.5082550048828125,79.74793982505798,40.73481241861979,0,256
001_ABC,44608,51917,1.0,96.17113783862442,91.23003641764323,0,256
001_ABC,44608,52173,0.9989166259765624,89.21416579186916,85.0031026204427,0,256
001_ABC,44608,52429,1.0,104.38258784636857,75.17579142252605,0,256
001_ABC,44608,52685,0.9879150390625,117.95160948461852,73.03956095377605,0,256
001_ABC,44608,52941,0.83343505859375,84.73308277782053,64.82368977864583,0,256
001_ABC,44608,53197,0.971923828125,105.82609467557631,76.68547058105469,0,256
001_ABC,44608,53453,0.998809814453125,105.1290421448648,73.98545837402344,0,256
001_ABC,44608,53709,0.8929290771484375,108.95918554416858,60.19744364420573,0,256
001_ABC,44608,53965,0.0939788818359375,51.87455472885631,11.78350830078125,0,256
001_ABC,44864,51661,0.5992431640625,70.65276426728815,43.62821960449219,0,256
001_ABC,44864,51917,0.99951171875,92.50326049234718,86.52017211914062,0,256
001_ABC,44864,52173,0.9902801513671876,91.48157876357436,78.8225809733073,0,256
001_ABC,44864,52429,0.9105224609375,81.36788037209772,70.40645345052083,0,256
001_ABC,44864,52685,0.99029541015625,95.21689563593829,73.98524983723958,0,256
001_ABC,44864,52941,0.970001220703125,86.58347485866398,71.83450826009114,0,256
001_ABC,44864,53197,0.9887237548828124,91.75685537583196,64.68840026855469,0,256
001_ABC,44864,53453,0.958343505859375,89.31650447845459,52.16447957356771,0,256
001_ABC,44864,53709,0.48101806640625,60.18112181778997,28.89436848958333,0,256
001_ABC,45120,51917,0.7985076904296875,95.74350239988416,56.10621134440104,0,256
001_ABC,45120,52173,0.977294921875,101.6880624294281,76.11226908365886,0,256
001_ABC,45120,52429,0.9969024658203124,97.91757833189332,86.39283752441406,0,256
001_ABC,45120,52685,1.0,99.08597469329834,89.70018513997395,0,256
001_ABC,45120,52941,1.0,99.5019610428717,72.80752563476562,0,256
001_ABC,45120,53197,1.0,94.01973791327327,64.97528076171875,0,256
001_ABC,45120,53453,1.0,88.7471042627003,78.90584309895833,0,256
001_ABC,45120,53709,0.28326416015625,53.726532991975546,27.848709106445312,0,256
001_ABC,45376,51917,0.5687103271484375,80.67118632420897,47.24686686197917,0,256
001_ABC,45376,52173,0.96575927734375,110.88887533452362,83.05517578125,0,256
001_ABC,45376,52429,1.0,100.47193320072256,87.75357055664062,0,256
001_ABC,45376,52685,1.0,107.70488854846916,82.72179158528645,0,256
001_ABC,45376,52941,1.0,110.2785318417009,68.51927185058594,0,256
001_ABC,45376,53197,0.998199462890625,111.71995615120976,59.53338114420573,0,256
001_ABC,45376,53453,0.991241455078125,102.10531499958596,62.78514099121094,0,256
001_ABC,45376,53709,0.364471435546875,62.83582034613937,36.79410298665365,0,256
001_ABC,45632,51917,0.4399871826171875,84.33759699738584,29.30211893717448,0,256
001_ABC,45632,52173,0.823333740234375,112.84371313080192,72.2840576171875,0,256
001_ABC,45632,52429,0.824615478515625,103.22744110948406,68.87254842122395,0,256
001_ABC,45632,52685,0.992279052734375,117.85040729865432,85.78781127929688,0,256
001_ABC,45632,52941,0.999969482421875,110.30161675438283,61.92884826660156,0,256
001_ABC,45632,53197,0.9855499267578124,101.64339215657674,59.701090494791664,0,256
001_ABC,45632,53453,0.29608154296875,64.61947050597519,21.111297607421875,0,256
001_ABC,45888,52173,0.216094970703125,60.52512467629276,17.836191813151043,0,256
001_ABC,45888,52429,0.583160400390625,94.0153583062347,35.68111165364584,0,256
001_ABC,45888,52685,1.0,122.19026097562164,75.91724650065105,0,256
001_ABC,45888,52941,0.96221923828125,99.04939453280532,68.91977945963542,0,256
001_ABC,45888,53197,0.9302825927734376,115.60771080455744,75.13692220052083,0,256
001_ABC,45888,53453,0.234771728515625,55.48446547775529,18.410349527994796,0,256
001_ABC,46144,52173,0.1881256103515625,63.86521409801208,17.53801981608073,0,256
001_ABC,46144,52429,0.4364776611328125,87.97221625503153,30.58380635579427,0,256
001_ABC,46144,52685,0.9957733154296876,130.74962157174014,56.58665466308594,0,256
001_ABC,46144,52941,0.99517822265625,126.0805314311292,55.14630126953125,0,256
001_ABC,46144,53197,0.7160491943359375,102.19528064294718,43.27246602376302,0,256
001_ABC,46400,52173,0.5593719482421875,98.74251752719285,47.23510233561198,0,256
001_ABC,46400,52429,0.948150634765625,135.7397465966642,81.95404561360677,0,256
001_ABC,46400,52685,1.0,148.20220924145542,60.25701395670573,0,256
001_ABC,46400,52941,0.9996337890625,136.9308319070842,81.63722229003906,0,256
001_ABC,46400,53197,0.43316650390625,80.38852100726217,26.365610758463543,0,256
001_ABC,46656,52429,0.953643798828125,120.32265412434936,66.9850565592448,0,256
001_ABC,46656,52685,0.981781005859375,107.43612640723586,65.32211812337239,0,256
001_ABC,46656,52941,0.826324462890625,106.33626066055147,37.97152201334635,0,256
001_ABC,46912,52429,0.2638397216796875,55.07687924802303,17.71857198079427,0,256
001_ABC,47168,52429,0.01641845703125,42.26982323732227,6.449747721354167,0,256
001_ABC,47424,52429,0.0,43.3931449316442,5.672993977864583,0,256
001_ABC,47680,52429,0.0,44.03350268956274,5.865468343098958,0,256
001_ABC,47936,51661,0.951171875,92.42537539359182,46.3861338297526,0,256
001_ABC,47936,51917,0.98541259765625,100.34834288409913,48.68509928385416,0,256
001_ABC,47936,52173,0.9817047119140624,89.27107476233505,46.65073649088541,0,256
001_ABC,47936,52429,0.4459075927734375,69.41888103540987,24.62013753255208,0,256
001_ABC,48192,51149,0.8177337646484375,82.662295099115,44.76716613769531,0,256
001_ABC,48192,51405,1.0,91.74073617509566,73.69405110677083,0,256
001_ABC,48192,51661,0.9940032958984376,87.88984693493694,69.0091044108073,0,256
001_ABC,48192,51917,0.98480224609375,112.88049006089568,66.10177103678386,0,256
001_ABC,48192,52173,1.0,106.9084626995027,59.77949523925781,0,256
001_ABC,48192,52429,0.8009796142578125,88.27238188590854,42.12923685709635,0,256
001_ABC,48448,51149,1.0,90.15633773803712,57.65720621744792,0,256
001_ABC,48448,51405,1.0,98.31324223033153,88.53686014811198,0,256
001_ABC,48448,51661,0.999847412109375,107.53507284238005,80.50823465983073,0,256
001_ABC,48448,51917,1.0,123.32314124610276,74.27718098958333,0,256
001_ABC,48448,52173,1.0,105.25987028237432,63.96465047200521,0,256
001_ABC,48448,52429,0.8463134765625,90.09088918473572,41.53008524576823,0,256
001_ABC,48704,50637,0.534149169921875,66.91115927323699,34.79850769042969,0,256
001_ABC,48704,50893,0.9780426025390624,85.14349629636854,69.80905151367188,0,256
001_ABC,48704,51149,1.0,73.49268957599998,68.90268452962239,0,256
001_ABC,48704,51405,1.0,88.6944036015775,80.00977579752605,0,256
001_ABC,48704,51661,0.998779296875,97.51469716336578,84.1529032389323,0,256
001_ABC,48704,51917,0.985321044921875,96.14765332639216,73.15334065755208,0,256
001_ABC,48704,52173,0.984130859375,86.7875364869833,62.76959228515625,0,256
001_ABC,48704,52429,0.6538238525390625,74.71771689853631,39.00933329264323,0,256
001_ABC,48960,50637,0.9986572265625,67.65958974673413,74.70276387532552,0,256
001_ABC,48960,50893,1.0,65.33814643230289,87.54837544759114,0,256
001_ABC,48960,51149,1.0,70.25159528641962,82.25351460774739,0,256
001_ABC,48960,51405,0.9995269775390624,65.38022888358682,72.34855651855469,0,256
001_ABC,48960,51661,1.0,74.05671926005743,70.53871663411458,0,256
001_ABC,48960,51917,0.95831298828125,69.22553175291978,65.10513814290364,0,256
001_ABC,48960,52173,0.9598541259765624,75.40074840164743,57.286356608072914,0,256
001_ABC,48960,52429,0.1511688232421875,51.59236028697342,19.49731953938802,0,256
001_ABC,49216,50637,1.0,72.11003570794128,77.25857035319011,0,256
001_ABC,49216,50893,1.0,92.06450305855832,77.09302266438802,0,256
001_ABC,49216,51149,1.0,78.70148827857338,87.08445231119792,0,256
001_ABC,49216,51405,1.0,86.24653381109238,84.22915649414062,0,256
001_ABC,49216,51661,1.0,88.96712465188466,70.18469746907552,0,256
001_ABC,49216,51917,0.912445068359375,82.49167401320301,48.65234883626302,0,256
001_ABC,49216,52173,0.1876678466796875,58.570217481814325,15.076695760091146,0,256
001_ABC,49472,50637,0.902862548828125,96.16732400655746,68.19303894042969,0,256
001_ABC,49472,50893,0.9955596923828124,96.19237791653724,59.902740478515625,0,256
001_ABC,49472,51149,1.0,80.27764511108398,71.46104431152344,0,256
001_ABC,49472,51405,0.909881591796875,70.13244807138108,74.60216776529948,0,256
001_ABC,49472,51661,0.4513397216796875,65.8025764292106,37.87068176269531,0,256
001_ABC,49472,51917,0.5375518798828125,74.48034246615134,36.833404541015625,0,256
001_ABC,49728,50637,0.6318359375,89.35407851985656,49.260650634765625,0,256
001_ABC,49728,50893,0.994049072265625,102.51625171955676,53.06602986653646,0,256
001_ABC,49728,51149,1.0,104.74249737127684,67.0523681640625,0,256
001_ABC,49728,51405,0.893768310546875,90.50546064134689,51.25864664713541,0,256
001_ABC,49728,51661,0.6669921875,78.56827186048031,45.90251159667969,0,256
001_ABC,49984,50637,0.2068328857421875,66.63346745423041,17.70020039876302,0,256
001_ABC,49984,50893,0.5547943115234375,85.18566498323344,42.27001444498698,0,256
001_ABC,49984,51149,1.0,131.4327109975275,71.00339762369792,0,256
001_ABC,49984,51405,0.9305877685546876,109.29179588123225,47.860677083333336,0,256
001_ABC,49984,51661,0.6359100341796875,82.53023078641854,26.841379801432293,0,256
001_ABC,50240,50637,0.512115478515625,77.15267966664396,27.99108378092448,0,256
001_ABC,50240,50893,0.666839599609375,78.50247777602635,48.6281992594401,0,256
001_ABC,50240,51149,0.9976654052734376,105.36996876611374,84.23269144694011,0,256
001_ABC,50240,51405,0.9979248046875,103.63313836767338,67.30157470703125,0,256
001_ABC,50240,51661,0.442047119140625,74.45545785478316,28.315968831380207,0,256
001_ABC,50496,50637,0.8752288818359375,104.56588714942336,41.17005920410156,0,256
001_ABC,50496,50893,1.0,120.30204677581789,70.90969848632812,0,256
001_ABC,50496,51149,0.922393798828125,114.08451728126964,71.59102376302083,0,256
001_ABC,50496,51405,0.9126434326171876,111.77949495404027,53.33451334635416,0,256
001_ABC,50752,50637,0.7057342529296875,87.68354136659764,26.38440450032552,0,256
001_ABC,50752,50893,0.9261474609375,91.01356905326249,37.50035095214844,0,256
001_ABC,50752,51149,0.9686737060546876,91.68500716146082,44.932220458984375,0,256
001_ABC,50752,51405,0.6965179443359375,73.94357296451926,25.31321207682292,0,256
001_ABC,51008,50637,0.79791259765625,72.173903465271,30.218165079752605,0,256
001_ABC,51008,50893,0.87823486328125,79.38788164569996,30.182566324869796,0,256
001_ABC,51008,51149,0.51361083984375,55.94204208976589,17.68731180826823,0,256
001_ABC,51264,50637,0.7622528076171875,70.27405276801437,25.69235738118489,0,256
001_ABC,51264,50893,0.978759765625,93.95478051062672,37.3923085530599,0,256
001_ABC,51264,51149,0.6725311279296875,72.99665610096417,26.273000081380207,0,256
001_ABC,51520,50637,0.6371917724609375,77.0009204277303,28.337916056315105,0,256
001_ABC,51520,50893,0.9802398681640624,87.36760387546383,34.13494364420573,0,256
001_ABC,51520,51149,0.961212158203125,90.99477312876844,34.4313710530599,0,256
001_ABC,51776,50637,0.9560699462890624,99.22158140596002,43.037017822265625,0,256
001_ABC,51776,50893,0.9999847412109376,92.24181969999336,41.01036580403646,0,256
001_ABC,51776,51149,0.993682861328125,96.84668164676988,39.86506144205729,0,256
001_ABC,52032,50637,0.964630126953125,91.7423082506284,32.50182596842448,0,256
001_ABC,52032,50893,0.9976806640625,96.18740811105818,35.57012430826823,0,256
001_ABC,52032,51149,0.9864654541015624,96.95046566217206,35.814046223958336,0,256
001_ABC,52288,50637,0.959869384765625,95.15662828250788,31.908950805664062,0,256
001_ABC,52288,50893,0.9847259521484376,93.46157919219696,31.005386352539062,0,256
001_ABC,52288,51149,0.6640625,77.83291219174862,21.27556864420573,0,256
001_ABC,52544,50637,0.66339111328125,104.38853630959056,23.4156494140625,0,256
001_ABC,52544,50893,0.7820281982421875,94.5248956149444,24.36387634277344,0,256
001_ABC,52800,50637,0.4860076904296875,69.48326549655758,19.88251241048177,0,256
001_ABC,52800,50893,0.5355224609375,72.32893961574882,19.51906331380208,0,256
001_ABC,3456,47500,0.28936767578125,67.32500553666614,14.90380859375,0,256
001_ABC,3456,47756,0.458099365234375,73.56543326377869,25.5760498046875,0,256
001_ABC,3712,47500,0.3815155029296875,57.973069962114096,14.73755391438802,0,256
001_ABC,3712,47756,0.6587371826171875,103.6799058681354,23.511571248372395,0,256
001_ABC,3968,46988,0.8349609375,77.31690390757285,28.15790303548177,0,256
001_ABC,3968,47244,0.3510589599609375,47.652283664792776,16.482030232747395,0,256
001_ABC,3968,47500,0.72381591796875,64.67089203721844,27.653533935546875,0,256
001_ABC,3968,47756,0.4772796630859375,65.43444323702715,17.35894775390625,0,256
001_ABC,3968,48012,0.6172943115234375,79.8783387017902,19.416895548502605,0,256
001_ABC,3968,48268,0.556884765625,73.29545561387204,17.992507934570312,0,256
001_ABC,3968,48524,0.4491729736328125,62.39590239524841,17.610631306966145,0,256
001_ABC,3968,48780,0.56573486328125,62.09702398977242,21.16565450032552,0,256
001_ABC,4224,46476,0.64166259765625,62.4844115935266,25.824676513671875,0,256
001_ABC,4224,46732,0.593414306640625,59.01233117934317,26.261550903320312,0,256
001_ABC,4224,46988,0.4967498779296875,57.08889861009084,23.447926839192707,0,256
001_ABC,4224,47244,0.2230987548828125,43.133985202526674,11.540105183919271,0,256
001_ABC,4224,47500,0.333160400390625,47.29905507876538,14.38685099283854,0,256
001_ABC,4224,47756,0.4032440185546875,47.31719886115752,18.010452270507812,0,256
001_ABC,4224,48012,0.634857177734375,64.31521331425756,20.41888936360677,0,256
001_ABC,4224,48268,0.53765869140625,64.84944630321115,18.556060791015625,0,256
001_ABC,4224,48524,0.5073089599609375,66.76334085687995,20.26013692220052,0,256
001_ABC,4224,48780,0.719268798828125,60.80418056226336,26.68268330891927,0,256
001_ABC,4224,49036,0.513031005859375,61.68488711840473,22.25537618001302,0,256
001_ABC,4224,49292,0.2288818359375,30.043155742576342,10.09154764811198,0,256
001_ABC,4480,46476,0.84893798828125,69.62482747063041,34.0270741780599,0,256
001_ABC,4480,46732,0.566741943359375,52.2147928327322,36.40753173828125,0,256
001_ABC,4480,46988,0.1421356201171875,33.21858943416737,7.883936564127604,0,256
001_ABC,4480,47244,0.071990966796875,30.42474275734276,5.939661661783855,0,256
001_ABC,4480,47500,0.2143096923828125,40.49948949157261,9.994471232096354,0,256
001_ABC,4480,47756,0.2689208984375,39.88552257046104,14.519607543945312,0,256
001_ABC,4480,48012,0.597991943359375,60.23924138001166,24.769816080729168,0,256
001_ABC,4480,48268,0.37017822265625,59.39424204733223,12.919942220052084,0,256
001_ABC,4480,48524,0.6948394775390625,71.06922231777571,21.928563435872395,0,256
001_ABC,4480,48780,0.82025146484375,96.31439646705984,32.55974324544271,0,256
001_ABC,4480,49036,0.5749053955078125,60.45730861648917,24.340382893880207,0,256
001_ABC,4480,49292,0.71337890625,59.51503778900951,24.617624918619796,0,256
001_ABC,4480,49548,0.142425537109375,26.86614978965372,7.400711059570312,0,256
001_ABC,4736,46476,0.5941619873046875,61.43078448995948,20.860992431640625,0,256
001_ABC,4736,46732,0.3309173583984375,47.89318109955639,17.05933125813802,0,256
001_ABC,4736,46988,0.0843048095703125,35.803832706063986,6.7012939453125,0,256
001_ABC,4736,47244,0.4190216064453125,61.00661355163902,16.986099243164062,0,256
001_ABC,4736,47500,0.3853759765625,54.67921957280487,14.522374471028646,0,256
001_ABC,4736,47756,0.0408477783203125,30.962410950800404,5.834696451822917,0,256
001_ABC,4736,48012,0.7807769775390625,68.51875657495111,29.048985799153645,0,256
001_ABC,4736,48268,0.416748046875,60.53087630495429,15.108088175455729,0,256
001_ABC,4736,48524,0.6928558349609375,70.90776254143566,18.12767537434896,0,256
001_ABC,4736,48780,0.9584503173828124,96.5639260970056,31.97235616048177,0,256
001_ABC,4736,49036,0.6864166259765625,76.66596374264918,23.0159912109375,0,256
001_ABC,4736,49292,0.5388336181640625,60.89448986179195,17.972366333007812,0,256
001_ABC,4736,49548,0.7641754150390625,63.04422637610696,24.28071594238281,0,256
001_ABC,4992,47244,0.4256744384765625,59.40175655391067,17.35553487141927,0,256
001_ABC,4992,47500,0.265716552734375,39.36328528821468,12.564763387044271,0,256
001_ABC,4992,47756,0.0701446533203125,30.787137060426176,6.328923543294271,0,256
001_ABC,4992,48012,0.7718963623046875,66.48043375252746,31.451416015625,0,256
001_ABC,4992,48268,0.4120635986328125,61.31089418916963,14.2149658203125,0,256
001_ABC,4992,48524,0.67169189453125,75.74692767462693,21.839813232421875,0,256
001_ABC,4992,48780,0.9036712646484376,88.10566668375395,24.299448649088543,0,256
001_ABC,4992,49036,0.8139801025390625,93.36006285157056,24.677419026692707,0,256
001_ABC,4992,49292,0.684417724609375,69.04311200394295,20.85528055826823,0,256
001_ABC,4992,49548,0.753143310546875,73.56628499156795,28.42748514811198,0,256
001_ABC,4992,49804,0.7352752685546875,71.05736763007008,26.697433471679688,0,256
001_ABC,5248,47244,0.7014312744140625,84.4182660819497,25.590052286783852,0,256
001_ABC,5248,47500,0.919464111328125,82.76611495018005,36.23932393391927,0,256
001_ABC,5248,47756,0.6887359619140625,64.29690552665852,30.16162618001302,0,256
001_ABC,5248,48012,0.9734039306640624,78.82274715020321,50.083333333333336,0,256
001_ABC,5248,48268,0.57379150390625,75.6136413270142,24.057276407877605,0,256
001_ABC,5248,48524,0.4187164306640625,82.51488231029361,18.327158610026043,0,256
001_ABC,5248,48780,0.93096923828125,111.84602513327263,44.34416707356771,0,256
001_ABC,5248,49036,0.89093017578125,102.46368985529988,25.383982340494796,0,256
001_ABC,5248,49292,0.7933197021484375,92.7814094638452,25.94686889648437,0,256
001_ABC,5248,49548,0.700775146484375,82.71881234808825,30.795486450195312,0,256
001_ABC,5248,49804,0.81964111328125,80.67764532356523,33.98778279622396,0,256
001_ABC,5248,50060,0.3508453369140625,53.1809314598795,15.62463887532552,0,256
001_ABC,5504,47500,0.993255615234375,90.68592613562942,31.195632934570312,0,256
001_ABC,5504,47756,0.9897613525390624,90.0985601991415,41.83744812011719,0,256
001_ABC,5504,48012,1.0,91.77404620870948,51.502288818359375,0,256
001_ABC,5504,48268,0.8905792236328125,97.90685981861316,36.67005411783854,0,256
001_ABC,5504,48524,0.3972930908203125,78.99609375,14.993133544921877,0,256
001_ABC,5504,48780,0.316497802734375,62.18893157597631,13.756210327148438,0,256
001_ABC,5504,49036,0.6756744384765625,87.22164414054714,20.379302978515625,0,256
001_ABC,5504,49292,0.9053192138671876,114.98484110063872,28.115895589192707,0,256
001_ABC,5504,49548,0.9239959716796876,101.27570858947,31.15349833170573,0,256
001_ABC,5504,49804,0.7359771728515625,91.29719518101774,26.189549763997395,0,256
001_ABC,5504,50060,0.75146484375,100.01757338549942,25.628138224283852,0,256
001_ABC,5760,47500,0.9483642578125,101.33339022099972,34.09563700358073,0,256
001_ABC,5760,47756,0.7019195556640625,101.5442657188978,25.28245035807292,0,256
001_ABC,5760,48012,0.8733978271484375,125.71032127342188,32.234171549479164,0,256
001_ABC,5760,48268,0.8953857421875,133.05945219448768,29.429224650065105,0,256
001_ABC,5760,48524,0.290191650390625,69.5306976577267,13.67332967122396,0,256
001_ABC,5760,48780,0.2314605712890625,47.26933632954024,10.902084350585938,0,256
001_ABC,5760,49036,0.92205810546875,140.1048062108457,27.55223592122396,0,256
001_ABC,5760,49292,0.9490966796875,131.63946102559566,30.33638000488281,0,256
001_ABC,5760,49548,0.8744964599609375,131.6594825142529,25.08465067545573,0,256
001_ABC,5760,49804,0.73077392578125,107.55089658126236,24.780553181966145,0,256
001_ABC,5760,50060,0.794281005859375,119.61761983460748,24.942214965820312,0,256
001_ABC,6016,47500,0.8411407470703125,80.0722644587513,27.38367207845052,0,256
001_ABC,6016,47756,0.9420318603515624,92.99051231797785,35.3937021891276,0,256
001_ABC,6016,48012,0.87908935546875,90.14246719307266,44.08280944824219,0,256
001_ABC,6016,48268,0.8924407958984375,108.86206823214889,28.943527221679688,0,256
001_ABC,6016,48524,0.329742431640625,61.07166687306017,13.260665893554688,0,256
001_ABC,6016,48780,0.1832733154296875,44.62873583193869,10.270797729492188,0,256
001_ABC,6016,49036,0.7583160400390625,89.71302076801658,21.13842264811198,0,256
001_ABC,6016,49292,0.9212493896484376,94.76888179779051,29.81859842936198,0,256
001_ABC,6016,49548,0.6161956787109375,70.44647212233394,19.337966918945312,0,256
001_ABC,6016,49804,0.455413818359375,63.0129629985895,17.40125020345052,0,256
001_ABC,6016,50060,0.0863494873046875,34.53048610314727,6.636484781901042,0,256
001_ABC,6272,47500,0.4878082275390625,58.56065662857145,21.419748942057293,0,256
001_ABC,6272,47756,0.7790679931640625,76.9333871898707,24.59063720703125,0,256
001_ABC,6272,48012,0.704833984375,68.01179256662726,21.751434326171875,0,256
001_ABC,6272,48268,0.594635009765625,63.75855788378976,21.216929117838543,0,256
001_ABC,6272,48524,0.1522064208984375,38.06482001300901,7.806727091471354,0,256
001_ABC,6272,48780,0.55389404296875,66.47839489486068,25.40514628092448,0,256
001_ABC,6272,49036,0.7643890380859375,78.01013327739201,29.40242513020833,0,256
001_ABC,6272,49292,0.550689697265625,67.60712948068976,18.28905741373698,0,256
001_ABC,6272,49548,0.770538330078125,68.99353791750036,23.46737670898437,0,256
001_ABC,6272,49804,0.3707275390625,49.2337639182806,14.396560668945312,0,256
001_ABC,6272,50060,0.76446533203125,60.88595516141504,26.33745829264323,0,256
001_ABC,6272,50316,0.5704803466796875,67.06859296187758,22.211812337239586,0,256
001_ABC,6528,47756,0.4067535400390625,56.43853675946593,17.524378458658855,0,256
001_ABC,6528,48012,0.0841827392578125,27.336119188927118,6.061976114908855,0,256
001_ABC,6528,48268,0.0,19.755593789508566,3.236846923828125,0,256
001_ABC,6528,48524,0.008514404296875,26.097930698655546,4.4604848225911455,0,256
001_ABC,6528,50060,0.9568328857421876,83.32722407742403,28.21905517578125,0,256
001_ABC,6528,50316,0.9077911376953124,83.557129858993,27.615926106770832,0,256
001_ABC,6528,50572,0.8687744140625,75.50095830857754,24.645533243815105,0,256
001_ABC,6784,47756,0.068328857421875,32.25848764181137,6.6744740804036455,0,256
001_ABC,6784,48012,0.0,19.510621457360685,3.313532511393229,0,256
001_ABC,6784,48268,0.0,19.623443510383368,3.1253204345703125,0,256
001_ABC,6784,48524,0.0,23.708608474582437,3.687449137369792,0,256
001_ABC,6784,50060,0.8410797119140625,75.86243875976652,24.653116861979168,0,256
001_ABC,6784,50316,0.9980010986328124,86.95323415263556,31.509567260742188,0,256
001_ABC,6784,50572,0.97637939453125,85.08563023037277,28.18317159016927,0,256
001_ABC,6784,50828,0.8420562744140625,71.78591918945312,24.13976542154948,0,256
001_ABC,7040,47756,0.0,18.521228035679087,3.355219523111979,0,256
001_ABC,7040,48012,0.0,18.83421619888395,3.233271280924479,0,256
001_ABC,7040,48268,0.0,19.516153171425685,3.140721638997396,0,256
001_ABC,7040,48524,0.0,23.54702523886226,3.796610514322917,0,256
001_ABC,7040,50060,0.5222320556640625,78.41857872903347,18.877273559570312,0,256
001_ABC,7040,50316,0.6491546630859375,83.10224906145595,24.150599161783852,0,256
001_ABC,7040,50572,0.8597564697265625,99.51365070953034,26.885060628255207,0,256
001_ABC,7040,50828,0.90960693359375,87.46292897965759,31.772979736328125,0,256
001_ABC,7040,51084,0.240325927734375,46.05588157265447,11.811909993489584,0,256
001_ABC,7296,47756,0.0,18.574738861760125,3.3453369140625,0,256
001_ABC,7296,48012,0.0462493896484375,24.243115808814764,4.807718912760417,0,256
001_ABC,7296,48268,0.300872802734375,51.67303231894039,14.34478759765625,0,256
001_ABC,7296,48524,0.4283905029296875,68.21795636042953,19.086354573567707,0,256
001_ABC,7296,50060,0.2978515625,78.13145494437777,14.834284464518229,0,256
001_ABC,7296,50316,0.1998443603515625,65.89384600147605,10.574513753255207,0,256
001_ABC,7296,50572,0.4702606201171875,81.03027158882469,19.110010782877605,0,256
001_ABC,7296,50828,0.460113525390625,70.90843086852692,19.00250752766927,0,256
001_ABC,7296,51084,0.2499542236328125,48.014807518571615,11.621490478515623,0,256
001_ABC,7552,47756,0.6407623291015625,68.76436002529226,23.932413736979168,0,256
001_ABC,7552,48012,0.9151611328125,95.156961068511,36.15246073404948,0,256
001_ABC,7552,48268,0.9946746826171876,110.86515950784089,33.81477355957031,0,256
001_ABC,7552,48524,0.8156280517578125,107.392959398916,29.399119059244796,0,256
001_ABC,7552,50060,0.7175445556640625,109.07809597603044,30.627039591471355,0,256
001_ABC,7552,50316,0.7846527099609375,138.46941852173768,25.712554931640625,0,256
001_ABC,7552,50572,0.7809906005859375,158.5267944186926,25.1549072265625,0,256
001_ABC,7552,50828,0.566436767578125,103.04559795721434,21.662694295247395,0,256
001_ABC,7552,51084,0.302398681640625,67.16604645457119,13.858678181966146,0,256
001_ABC,7808,47756,0.891693115234375,118.0161619996652,29.506663004557293,0,256
001_ABC,7808,48012,0.918060302734375,117.55752597749232,31.96881103515625,0,256
001_ABC,7808,48268,0.9259033203125,115.55251261219382,32.32364400227865,0,256
001_ABC,7808,48524,0.8082122802734375,159.0646786093712,31.84247334798177,0,256
001_ABC,7808,48780,0.167755126953125,71.36886460985988,11.034515380859377,0,256
001_ABC,7808,49036,0.3280029296875,81.58637287444435,15.088287353515623,0,256
001_ABC,7808,49292,0.0144500732421875,46.753029368584976,6.957132975260417,0,256
001_ABC,7808,49548,0.61212158203125,102.99170027277432,21.357126871744796,0,256
001_ABC,7808,49804,0.890716552734375,120.44850301533006,30.222732543945312,0,256
001_ABC,7808,50060,0.8224639892578125,144.83226972445846,29.41534932454427,0,256
001_ABC,7808,50316,0.84942626953125,140.89945964305662,26.78981526692708,0,256
001_ABC,7808,50572,0.60968017578125,124.9342515838798,20.963277180989586,0,256
001_ABC,7808,50828,0.6433868408203125,97.30382361169904,19.677459716796875,0,256
001_ABC,7808,51084,0.616119384765625,100.776442527771,20.71117146809896,0,256
001_ABC,8064,47756,0.4691162109375,56.80328365787864,34.31244913736979,0,256
001_ABC,8064,48012,0.3302764892578125,59.02245037793182,16.824905395507812,0,256
001_ABC,8064,49548,0.762451171875,70.01810629642569,25.49114990234375,0,256
001_ABC,8064,49804,0.9293365478515624,85.57141036330722,32.38249715169271,0,256
001_ABC,8064,50060,0.754302978515625,92.08578315912746,27.430516560872395,0,256
001_ABC,8064,50316,0.61614990234375,82.24211920402013,21.147384643554688,0,256
001_ABC,8064,50572,0.78753662109375,82.11695474362932,25.664255777994796,0,256
001_ABC,8064,50828,0.8901214599609375,84.61695642746054,26.633641560872395,0,256
001_ABC,8064,51084,0.8433380126953125,82.73372199758887,25.8828125,0,256
001_ABC,8064,51340,0.6882476806640625,77.89404601766728,29.66028340657552,0,256
001_ABC,8320,49548,0.8004150390625,60.96518967091106,28.152613321940105,0,256
001_ABC,8320,49804,0.8102874755859375,70.76929348614067,34.1625722249349,0,256
001_ABC,8320,50060,0.9384765625,76.93659032485448,36.54378763834635,0,256
001_ABC,8320,50316,0.70538330078125,59.44551392435096,29.697230021158852,0,256
001_ABC,8320,50572,0.760009765625,62.635354860685766,28.55828857421875,0,256
001_ABC,8320,50828,0.8952178955078125,81.91779573424719,30.30181376139323,0,256
001_ABC,8320,51084,0.6945648193359375,67.32610913738608,24.672215779622395,0,256
001_ABC,8320,51340,0.3154144287109375,48.960313165327534,16.395161946614582,0,256
001_ABC,8320,51596,0.0,29.55032290425152,4.225453694661458,0,256
001_ABC,8320,51852,0.3002777099609375,44.07049298938364,15.669036865234377,0,256
001_ABC,8320,52108,0.4940948486328125,46.38291832781397,26.255783081054688,0,256
001_ABC,8576,49804,0.804595947265625,80.05491507216357,28.23046875,0,256
001_ABC,8576,50060,0.810272216796875,82.47683523595333,29.09441630045573,0,256
001_ABC,8576,50316,0.8577117919921875,72.04121571406722,24.277008056640625,0,256
001_ABC,8576,50572,0.87884521484375,82.05008325143717,27.03879801432292,0,256
001_ABC,8576,50828,0.8136138916015625,80.01780653651804,30.711990356445312,0,256
001_ABC,8576,51084,0.8600311279296875,77.90119847445749,31.07698567708333,0,256
001_ABC,8832,50828,0.9868621826171876,84.43024310446344,34.08367919921875,0,256
001_ABC,8832,51084,0.519927978515625,61.52706736978144,21.5821533203125,0,256
001_ABC,65154,21509,0.842498779296875,65.11841970658861,24.37923177083333,0,256
001_ABC,65154,21765,0.8520965576171875,68.81332656368613,26.54467264811198,0,256
001_ABC,65154,22021,0.4268951416015625,60.134493610821664,18.88116963704427,0,256
001_ABC,65410,21509,0.4213409423828125,59.08098829444498,16.337137858072918,0,256
001_ABC,65410,21765,0.801910400390625,70.72951456694864,24.704600016276043,0,256
001_ABC,65410,22021,0.8511199951171875,68.61504453420639,25.68945821126302,0,256
001_ABC,65410,22277,0.440704345703125,69.34755780920386,16.69135030110677,0,256
001_ABC,65410,22533,0.643463134765625,69.21809458523057,21.37957763671875,0,256
001_ABC,65410,22789,0.8042144775390625,59.958173867315054,25.216293334960938,0,256
001_ABC,65666,21509,0.59796142578125,65.89345100126229,20.36181640625,0,256
001_ABC,65666,21765,0.9716949462890624,75.56535129225813,29.542582194010414,0,256
001_ABC,65666,22021,0.98565673828125,79.27474667853676,29.989842732747395,0,256
001_ABC,65666,22277,0.6596527099609375,78.93169995769858,20.188217163085938,0,256
001_ABC,65666,22533,0.69171142578125,75.1115873621311,21.97088114420573,0,256
001_ABC,65666,22789,0.7241058349609375,66.31035282369703,21.348953247070312,0,256
001_ABC,65666,23045,0.893157958984375,63.63576038833708,23.835734049479168,0,256
001_ABC,65666,23301,0.34039306640625,40.54667228460312,12.407445271809896,0,256
001_ABC,65922,21253,0.9433746337890624,71.11034646257758,32.23838806152344,0,256
001_ABC,65922,21509,0.988433837890625,72.79716850421391,31.531422932942707,0,256
001_ABC,65922,21765,0.9991302490234376,77.4143753068056,30.163131713867188,0,256
001_ABC,65922,22021,0.99920654296875,73.37966986652464,29.475982666015625,0,256
001_ABC,65922,22277,0.864837646484375,78.31307530030608,23.746424357096355,0,256
001_ABC,65922,22533,0.8536376953125,74.10349955572747,25.452768961588543,0,256
001_ABC,65922,22789,0.74285888671875,65.79523986577988,22.391794840494796,0,256
001_ABC,65922,23045,0.7462158203125,64.34637218341231,23.60023498535156,0,256
001_ABC,65922,23301,0.671173095703125,59.05263028945774,22.23340352376302,0,256
001_ABC,66178,21253,0.986846923828125,73.02999404980801,32.27082824707031,0,256
001_ABC,66178,21509,0.9964141845703124,71.90057526435703,30.289962768554688,0,256
001_ABC,66178,21765,1.0,79.95112505345605,33.09990437825521,0,256
001_ABC,66178,22021,0.99664306640625,77.80528220138513,29.842381795247395,0,256
001_ABC,66178,22277,0.80804443359375,75.57633665855974,23.21649678548177,0,256
001_ABC,66178,22533,0.6152496337890625,76.34434086061083,18.97777303059896,0,256
001_ABC,66178,22789,0.1529998779296875,39.49199146032333,9.502360026041666,0,256
001_ABC,66178,23045,0.238250732421875,42.20227617188357,11.060343424479166,0,256
001_ABC,66178,23301,0.3625030517578125,47.67034994415008,15.762029012044271,0,256
001_ABC,66434,21253,0.997100830078125,68.46779404580593,32.58785502115885,0,256
001_ABC,66434,21509,0.993988037109375,72.23854663874954,27.98652648925781,0,256
001_ABC,66434,21765,0.9962615966796876,85.98646388947964,28.392593383789062,0,256
001_ABC,66434,22021,0.990753173828125,79.24380776192993,30.161275227864586,0,256
001_ABC,66434,22277,0.90521240234375,80.42965698149055,23.930760701497395,0,256
001_ABC,66434,22533,0.816070556640625,82.80006313323975,24.2493896484375,0,256
001_ABC,66434,22789,0.30615234375,53.53094429126941,12.367345174153646,0,256
001_ABC,66434,23045,0.007781982421875,19.257259248755872,3.7773030598958335,0,256
001_ABC,66434,23301,0.00128173828125,21.015028443187475,3.605300903320313,0,256
001_ABC,66690,21253,0.9869232177734376,72.64269255078398,30.528279622395832,0,256
001_ABC,66690,21509,0.980712890625,80.77578731998801,26.597757975260414,0,256
001_ABC,66690,21765,0.984710693359375,90.00100563466549,28.24107360839844,0,256
001_ABC,66690,22021,0.986907958984375,83.6515062218532,31.43504842122396,0,256
001_ABC,66690,22277,0.9708404541015624,85.23327810293995,30.879587809244796,0,256
001_ABC,66690,22533,0.921478271484375,84.28681777766906,24.47405497233073,0,256
001_ABC,66690,22789,0.710479736328125,84.00951605662704,19.320363362630207,0,256
001_ABC,66690,23045,0.3286590576171875,70.63242477178574,15.093236287434896,0,256
001_ABC,66690,23301,0.2493743896484375,42.36267386376858,13.641952514648438,0,256
001_ABC,66946,21253,0.8045501708984375,76.03545579966158,25.356028238932293,0,256
001_ABC,66946,21509,0.990020751953125,80.75135707855225,27.795796712239586,0,256
001_ABC,66946,21765,0.996734619140625,99.9320869797375,60.56627400716146,0,256
001_ABC,66946,22021,0.9991455078125,81.92954946658574,31.714263916015625,0,256
001_ABC,66946,22277,0.9879150390625,90.83226081635804,29.4888916015625,0,256
001_ABC,66946,22533,0.951141357421875,91.15738376020454,30.780934651692707,0,256
001_ABC,66946,22789,0.9513092041015624,73.41899484931491,24.39333089192708,0,256
001_ABC,66946,23045,0.82623291015625,82.0949248035904,25.492996215820312,0,256
001_ABC,66946,23301,0.3532867431640625,66.24094856507145,14.618321736653646,0,256
001_ABC,67202,21509,0.8711090087890625,62.83209084626287,24.516072591145832,0,256
001_ABC,67202,21765,0.9915771484375,87.00860808021389,45.11366780598959,0,256
001_ABC,67202,22021,0.9929046630859376,75.07242577429861,39.73187764485677,0,256
001_ABC,67202,22277,1.0,66.32927940785885,30.63572184244792,0,256
001_ABC,67202,22533,1.0,64.43523037596606,28.32690938313802,0,256
001_ABC,67202,22789,0.9974212646484376,61.46125077805482,27.609156290690105,0,256
001_ABC,67202,23045,0.998199462890625,63.52496236562729,26.786305745442707,0,256
001_ABC,67202,23301,0.7228546142578125,59.6056858447846,21.94138081868489,0,256
001_ABC,67458,21765,0.9749755859375,82.69599726959132,29.41078186035156,0,256
001_ABC,67458,22021,0.9984588623046876,67.35310312337242,31.16107177734375,0,256
001_ABC,67458,22277,1.0,74.8704663773533,33.11103312174479,0,256
001_ABC,67458,22533,0.998443603515625,67.75479729822837,27.753219604492188,0,256
001_ABC,67458,22789,0.9998321533203124,64.59403571113944,27.525014241536457,0,256
001_ABC,67458,23045,0.9976654052734376,62.64823913574219,26.688283284505207,0,256
001_ABC,67458,23301,0.9981842041015624,64.47320364415646,28.22337849934896,0,256
001_ABC,67458,23557,0.5675811767578125,61.515857248567045,18.484273274739586,0,256
001_ABC,67714,21765,0.7669525146484375,88.01941009215079,35.80427042643229,0,256
001_ABC,67714,22021,0.9996185302734376,83.39721427857876,37.8934071858724,0,256
001_ABC,67714,22277,0.9998931884765624,81.89904671069235,31.980056762695312,0,256
001_ABC,67714,22533,0.985748291015625,80.43618646916002,27.388392130533852,0,256
001_ABC,67714,22789,0.98858642578125,80.21871566772461,27.311838785807293,0,256
001_ABC,67714,23045,0.9997100830078124,73.41689884080552,28.123423258463543,0,256
001_ABC,67714,23301,1.0,69.81757787964307,35.08435567220052,0,256
001_ABC,67714,23557,0.99365234375,78.05086029972881,29.298502604166668,0,256
001_ABC,67714,23813,0.59307861328125,70.14384804829024,18.59852600097656,0,256
001_ABC,67970,22021,0.9794769287109376,77.25847914721817,27.72755940755208,0,256
001_ABC,67970,22277,0.999603271484375,82.75541879143566,32.03105163574219,0,256
001_ABC,67970,22533,0.990020751953125,80.80496576055884,26.75691731770833,0,256
001_ABC,67970,22789,0.9687957763671876,79.75534979975782,24.220255533854168,0,256
001_ABC,67970,23045,0.9999847412109376,78.17305548395962,29.016036987304688,0,256
001_ABC,67970,23301,1.0,68.85916800703853,38.0717519124349,0,256
001_ABC,67970,23557,0.9998321533203124,80.80563099100254,32.39616394042969,0,256
001_ABC,67970,23813,0.966217041015625,80.1954336129129,27.384241739908852,0,256
001_ABC,67970,24069,0.7958984375,78.06177187315188,22.54969787597656,0,256
001_ABC,68226,22021,0.6209259033203125,77.13573494157754,20.359792073567707,0,256
001_ABC,68226,22277,0.9969482421875,97.57942241430284,32.84790547688802,0,256
001_ABC,68226,22533,0.995574951171875,92.1002541622147,28.379282633463543,0,256
001_ABC,68226,22789,0.9860382080078124,85.34544125548564,27.061060587565105,0,256
001_ABC,68226,23045,0.9989166259765624,93.520538254641,29.88653564453125,0,256
001_ABC,68226,23301,1.0,73.14517789240927,37.40425618489584,0,256
001_ABC,68226,23557,0.9972686767578124,82.64418148226105,33.58172607421875,0,256
001_ABC,68226,23813,0.9797821044921876,86.01555907633156,31.07454427083333,0,256
001_ABC,68226,24069,0.851959228515625,86.79913228750229,23.987762451171875,0,256
001_ABC,68482,22277,0.489532470703125,79.66478182724677,17.47186279296875,0,256
001_ABC,68482,22533,0.9990081787109376,95.7545211778488,30.04832967122396,0,256
001_ABC,68482,22789,0.9986572265625,95.7963355248794,30.821060180664062,0,256
001_ABC,68482,23045,0.998809814453125,91.759776561521,26.84979756673177,0,256
001_ABC,68482,23301,1.0,73.90599009930156,37.4392344156901,0,256
001_ABC,68482,23557,0.9997100830078124,88.66381439729594,32.2492421468099,0,256
001_ABC,68482,23813,0.9909210205078124,90.40455051674508,28.414754231770832,0,256
001_ABC,68482,24069,0.8180389404296875,96.56605142354964,23.916336059570312,0,256
001_ABC,68482,24325,0.711669921875,97.94855445623398,22.71082051595052,0,256
001_ABC,68738,22533,0.6920928955078125,95.6325069644954,25.014699300130207,0,256
001_ABC,68738,22789,0.998321533203125,115.33167943148874,30.13328043619792,0,256
001_ABC,68738,23045,0.999114990234375,101.89793158485554,30.83529663085937,0,256
001_ABC,68738,23301,1.0,100.34482488012873,36.76172383626302,0,256
001_ABC,68738,23557,0.9924163818359376,98.56885616388172,34.44651794433594,0,256
001_ABC,68738,23813,0.967987060546875,98.450407208642,26.699249267578125,0,256
001_ABC,68738,24069,0.97479248046875,101.72211107518524,26.95985412597656,0,256
001_ABC,68738,24325,0.896575927734375,102.30713187158108,24.339701334635414,0,256
001_ABC,68994,22789,0.9997711181640624,101.40075100003742,35.61450703938802,0,256
001_ABC,68994,23045,1.0,99.53856014437042,34.83301289876302,0,256
001_ABC,68994,23301,0.9994964599609376,95.31604473944752,33.76427205403646,0,256
001_ABC,68994,23557,0.9979095458984376,76.53251428878866,35.11204528808594,0,256
001_ABC,68994,23813,0.9790802001953124,80.57839570357464,25.792195638020832,0,256
001_ABC,68994,24069,0.9845428466796876,89.14364444627427,26.309494018554688,0,256
001_ABC,68994,24325,0.864501953125,89.16831969632767,22.972946166992188,0,256
001_ABC,69250,22789,0.9410858154296876,80.43409400968812,42.37042236328125,0,256
001_ABC,69250,23045,1.0,78.27638630475849,46.34626261393229,0,256
001_ABC,69250,23301,0.99725341796875,68.32025336846709,42.32161966959635,0,256
001_ABC,69250,23557,0.9999847412109376,61.05728696286678,32.55899556477865,0,256
001_ABC,69250,23813,0.99932861328125,62.26875258027576,27.69691467285156,0,256
001_ABC,69250,24069,0.984130859375,62.29538100957871,26.517868041992188,0,256
001_ABC,69250,24325,0.7139892578125,75.41827057301998,20.04797871907552,0,256
001_ABC,69506,22789,0.409210205078125,62.53468351718038,17.41370137532552,0,256
001_ABC,69506,23045,0.99090576171875,86.90017068735324,49.56146240234375,0,256
001_ABC,69506,23301,0.989959716796875,79.62408089265227,61.07230122884115,0,256
001_ABC,69506,23557,1.0,67.6768245100975,36.64009094238281,0,256
001_ABC,69506,23813,0.9512176513671876,67.35787075385451,29.221506754557293,0,256
001_ABC,69506,24069,0.9898681640625,66.6930733770132,30.907277425130207,0,256
001_ABC,69506,24325,0.4655609130859375,72.1841427066829,17.32958475748698,0,256
001_ABC,69762,23045,0.874267578125,86.12056112079881,29.77463785807292,0,256
001_ABC,69762,23301,0.9412841796875,102.41278584464452,46.93924458821615,0,256
001_ABC,69762,23557,1.0,76.99707390158437,39.17256164550781,0,256
001_ABC,69762,23813,0.980133056640625,75.39390439889394,30.90166727701823,0,256
001_ABC,69762,24069,0.8484039306640625,74.08181746955961,26.89912414550781,0,256
001_ABC,69762,24325,0.69635009765625,80.79994950979017,20.959971110026043,0,256
001_ABC,70018,23301,1.0,87.02030944824219,35.19014994303385,0,256
001_ABC,70018,23557,1.0,74.56358732259832,37.07334899902344,0,256
001_ABC,70018,23813,1.0,80.12431005737744,33.69578552246094,0,256
001_ABC,70018,24069,0.9452362060546876,79.68068614578806,28.44897969563802,0,256
001_ABC,70018,24325,0.818450927734375,86.85414051800035,23.509938557942707,0,256
001_ABC,70274,23301,0.8918609619140625,79.11143676913343,29.907572428385414,0,256
001_ABC,70274,23557,0.9990234375,93.43142782500944,34.47919718424479,0,256
001_ABC,70274,23813,1.0,89.08976415893994,38.53984578450521,0,256
001_ABC,70274,24069,0.821807861328125,82.37455589114688,29.953908284505207,0,256
001_ABC,70274,24325,0.737762451171875,82.67653566761874,20.83038838704427,0,256
001_ABC,70530,23301,0.5953521728515625,76.50526075973175,19.995432535807293,0,256
001_ABC,70530,23557,0.99566650390625,103.86570856627075,31.280080159505207,0,256
001_ABC,70530,23813,1.0,90.23956591426396,35.23475646972656,0,256
001_ABC,70530,24069,0.9389495849609376,89.27673019375652,26.32781473795573,0,256
001_ABC,70530,24325,0.67193603515625,87.36887293960899,22.164265950520832,0,256
001_ABC,70786,23557,0.7494659423828125,89.39008577330969,25.154525756835938,0,256
001_ABC,70786,23813,0.8909454345703125,91.69249988137744,31.77606709798177,0,256
001_ABC,70786,24069,0.9933624267578124,95.80090539809316,32.973124186197914,0,256
001_ABC,70786,24325,0.9739227294921876,91.45371889485978,29.39056905110677,0,256
001_ABC,70786,24581,0.484619140625,78.25697599351406,16.303700764973957,0,256
001_ABC,71042,23813,0.97265625,87.32869663462043,32.10389709472656,0,256
001_ABC,71042,24069,0.9979400634765624,82.23020224063657,28.05902608235677,0,256
001_ABC,71042,24325,0.9901580810546876,85.24859753157943,29.914377848307293,0,256
001_ABC,71042,24581,0.757110595703125,73.83031323342584,23.936019897460938,0,256
001_ABC,71298,23813,0.9984893798828124,60.6412435004022,32.6656239827474,0,256
001_ABC,71298,24069,0.9997711181640624,67.0200476103928,30.106491088867188,0,256
001_ABC,71298,24325,1.0,60.71188220544718,39.33495585123698,0,256
001_ABC,71298,24581,0.991180419921875,66.3611117862165,36.3167724609375,0,256
001_ABC,71298,24837,0.478973388671875,54.45630647218786,19.911204020182293,0,256
001_ABC,71554,23813,1.0,64.38140891469084,32.23219299316406,0,256
001_ABC,71554,24069,1.0,76.02216180320829,35.738189697265625,0,256
001_ABC,71554,24325,1.0,71.39203466079198,34.573760986328125,0,256
001_ABC,71554,24581,1.0,67.3950461295899,35.37562052408854,0,256
001_ABC,71554,24837,0.999237060546875,77.17341732885689,33.85619608561198,0,256
001_ABC,71554,25093,0.6464080810546875,66.3265263652429,23.613133748372395,0,256
001_ABC,71810,23813,0.995635986328125,73.85848607099615,28.548304239908852,0,256
001_ABC,71810,24069,1.0,67.72507622465491,37.0567372639974,0,256
001_ABC,71810,24325,0.999786376953125,71.36453329375945,33.39850362141927,0,256
001_ABC,71810,24581,1.0,73.84374675806612,34.61858622233073,0,256
001_ABC,71810,24837,1.0,76.24883818626404,33.762776692708336,0,256
001_ABC,71810,25093,1.0,76.78650450706482,37.9569091796875,0,256
001_ABC,71810,25349,0.7628173828125,74.35714122280478,29.05331420898437,0,256
001_ABC,72066,23813,0.9051361083984376,83.23577722697519,33.79704793294271,0,256
001_ABC,72066,24069,0.999847412109375,76.55090654804371,35.78485107421875,0,256
001_ABC,72066,24325,0.999969482421875,75.51634715404361,34.46019490559896,0,256
001_ABC,72066,24581,1.0,86.27523589134216,37.972412109375,0,256
001_ABC,72066,24837,1.0,72.21222378220409,34.93988545735677,0,256
001_ABC,72066,25093,1.0,78.36471273354255,38.33844502766927,0,256
001_ABC,72066,25349,0.87640380859375,74.81636353372596,33.8167978922526,0,256
001_ABC,72322,23813,0.721649169921875,83.10016849986278,27.621368408203125,0,256
001_ABC,72322,24069,0.9986572265625,92.52840120252222,30.910629272460938,0,256
001_ABC,72322,24325,1.0,108.17337203025818,52.236429850260414,0,256
001_ABC,72322,24581,1.0,97.5242646445986,36.183929443359375,0,256
001_ABC,72322,24837,1.0,94.56901451922022,35.258819580078125,0,256
001_ABC,72322,25093,1.0,93.52266602008604,33.60338338216146,0,256
001_ABC,72322,25349,0.8799896240234375,84.60473722219467,29.837687174479168,0,256
001_ABC,72578,23813,0.7491607666015625,95.94844777788968,23.96092732747396,0,256
001_ABC,72578,24069,0.94793701171875,107.11127426382154,37.1982167561849,0,256
001_ABC,72578,24325,1.0,102.51807469665071,38.298675537109375,0,256
001_ABC,72578,24581,0.999176025390625,105.9214952380862,32.03779602050781,0,256
001_ABC,72578,24837,1.0,106.20693963766098,38.79481506347656,0,256
001_ABC,72578,25093,1.0,102.42282018717378,30.190928141276043,0,256
001_ABC,72578,25349,0.83966064453125,90.33868403639644,28.953175862630207,0,256
001_ABC,72834,23813,0.740081787109375,127.70319387223572,35.197296142578125,0,256
001_ABC,72834,24069,0.9998931884765624,140.6496862953063,44.9876454671224,0,256
001_ABC,72834,24325,0.9938812255859376,95.84677671431564,30.80217997233073,0,256
001_ABC,72834,24581,0.9968719482421876,109.21861171722412,34.16075134277344,0,256
001_ABC,72834,24837,1.0,115.51552098989488,37.029073079427086,0,256
001_ABC,72834,25093,1.0,110.56167697813362,33.6768544514974,0,256
001_ABC,72834,25349,0.751953125,96.15596328652464,27.43855794270833,0,256
001_ABC,73090,23813,0.960968017578125,104.90142856538296,40.11823527018229,0,256
001_ABC,73090,24069,0.9893798828125,106.12211132701486,42.15961710611979,0,256
001_ABC,73090,24325,0.945648193359375,94.21856295969336,36.789093017578125,0,256
001_ABC,73090,24581,0.9336090087890624,96.20266818627717,35.55772399902344,0,256
001_ABC,73090,24837,0.8990478515625,93.03766212402844,44.71376037597656,0,256
001_ABC,73090,25093,0.97833251953125,100.11096566915512,40.23041788736979,0,256
001_ABC,73090,25349,0.9929351806640624,87.10038908943534,33.62401326497396,0,256
001_ABC,73346,23813,0.86541748046875,67.03175097494386,34.024688720703125,0,256
001_ABC,73346,24069,1.0,72.20115312561393,37.22179158528646,0,256
001_ABC,73346,24325,1.0,77.33677156432532,35.25906880696615,0,256
001_ABC,73346,24581,0.9307861328125,67.82054565451108,27.914159138997395,0,256
001_ABC,73346,24837,0.9903106689453124,55.7134600346908,47.28696695963541,0,256
001_ABC,73346,25093,0.9297943115234376,48.63004660606384,59.34331766764323,0,256
001_ABC,73346,25349,0.95391845703125,61.0995580048766,49.48739115397135,0,256
001_ABC,73602,23813,0.9197998046875,70.84240236505866,32.51337687174479,0,256
001_ABC,73602,24069,1.0,72.45235419925302,37.07489013671875,0,256
001_ABC,73602,24325,1.0,88.2052217849996,38.39664713541666,0,256
001_ABC,73602,24581,0.857269287109375,73.52790684159845,23.60637919108073,0,256
001_ABC,73602,24837,0.98046875,67.13110957830213,40.28146362304688,0,256
001_ABC,73602,25093,0.9749908447265624,57.83063644170761,45.627471923828125,0,256
001_ABC,73602,25349,1.0,62.405278330435976,42.97777303059896,0,256
001_ABC,73602,25605,0.28204345703125,44.84913361724466,10.989354451497396,0,256
001_ABC,73858,23813,0.8834228515625,73.4916680296883,32.346659342447914,0,256
001_ABC,73858,24069,1.0,74.82847910746932,38.92386881510416,0,256
001_ABC,73858,24325,0.9913330078125,88.63924539438449,34.74444580078125,0,256
001_ABC,73858,24581,0.45220947265625,70.15453791245818,17.911458333333332,0,256
001_ABC,73858,24837,0.9669952392578124,84.25737258954905,37.74934387207031,0,256
001_ABC,73858,25093,0.98858642578125,69.50646850443445,31.44040425618489,0,256
001_ABC,73858,25349,0.990447998046875,67.81025928258896,30.248606363932293,0,256
001_ABC,73858,25605,0.41326904296875,48.73399364575744,12.849828084309896,0,256
001_ABC,74114,23813,0.821929931640625,75.48290175106376,27.96848551432292,0,256
001_ABC,74114,24069,1.0,82.48411257355474,37.30507405598959,0,256
001_ABC,74114,24325,0.999755859375,81.88401759020053,34.304463704427086,0,256
001_ABC,74114,24581,0.8466033935546875,78.48585262522101,29.42846171061198,0,256
001_ABC,74114,24837,0.9991302490234376,75.36849841638468,33.994222005208336,0,256
001_ABC,74114,25093,0.9989471435546876,76.0705287521705,36.11750284830729,0,256
001_ABC,74114,25349,0.9740753173828124,77.63858312368393,24.831125895182293,0,256
001_ABC,74114,25605,0.5416259765625,55.13969009346329,17.118937174479168,0,256
001_ABC,74370,23813,0.637481689453125,75.09358018636703,25.49070231119792,0,256
001_ABC,74370,24069,1.0,83.77287260605954,41.28972880045573,0,256
001_ABC,74370,24325,0.999664306640625,92.93674317910336,35.47945658365885,0,256
001_ABC,74370,24581,0.9984588623046876,83.04575189109892,27.958079020182293,0,256
001_ABC,74370,24837,0.976959228515625,77.29303129552864,30.586217244466145,0,256
001_ABC,74370,25093,0.9444732666015624,78.81203817948699,28.412261962890625,0,256
001_ABC,74370,25349,0.8140869140625,73.39562019333243,23.329742431640625,0,256
001_ABC,74370,25605,0.2047119140625,44.56908583641052,9.226425170898438,0,256
001_ABC,74626,23813,0.8102569580078125,94.79481821414085,31.707422892252605,0,256
001_ABC,74626,24069,0.9880218505859376,105.33989540394396,33.45049540201823,0,256
001_ABC,74626,24325,0.8891448974609375,116.52709945198148,32.84932963053385,0,256
001_ABC,74626,24581,0.9452667236328124,90.19430429837666,31.21826171875,0,256
001_ABC,74626,24837,0.9353790283203124,87.44548037624918,24.228591918945312,0,256
001_ABC,74626,25093,0.9584808349609376,80.37792629911564,28.39719136555989,0,256
001_ABC,74626,25349,0.5772857666015625,81.42878436273895,19.524490356445312,0,256
001_ABC,74626,25605,0.0184783935546875,36.546352504752576,5.6049143473307295,0,256
001_ABC,74882,23813,0.9879608154296876,100.3818725736346,46.68830362955729,0,256
001_ABC,74882,24069,0.9529876708984376,101.42831855639815,40.66071573893229,0,256
001_ABC,74882,24325,0.981353759765625,114.32037551607937,32.56715393066406,0,256
001_ABC,74882,24581,0.925933837890625,92.74690678343175,31.461151123046875,0,256
001_ABC,74882,24837,0.898468017578125,92.54172244574876,25.180836995442707,0,256
001_ABC,74882,25093,0.865325927734375,88.82581362850033,28.149327596028645,0,256
001_ABC,74882,25349,0.8095855712890625,83.64063557609916,23.859079996744796,0,256
001_ABC,74882,25605,0.2421417236328125,51.24838456418365,10.169230143229166,0,256
001_ABC,75138,23813,1.0,92.00674203573726,41.30730183919271,0,256
001_ABC,75138,24069,1.0,90.11637763283215,37.40375773111979,0,256
001_ABC,75138,24325,1.0,85.75242602452636,37.39727274576823,0,256
001_ABC,75138,24581,0.9958648681640624,76.1472909366712,33.370025634765625,0,256
001_ABC,75138,24837,0.991485595703125,70.43032622337341,33.26598103841146,0,256
001_ABC,75138,25093,0.9790802001953124,72.51147365570068,29.660807291666668,0,256
001_ABC,75138,25349,0.9387359619140624,73.69360694824718,27.747660319010414,0,256
001_ABC,75138,25605,0.8932037353515625,74.38907986669801,24.86449686686198,0,256
001_ABC,75138,25861,0.51751708984375,60.5142360960599,15.66688028971354,0,256
001_ABC,75394,23813,1.0,79.72862178250216,45.17994181315104,0,256
001_ABC,75394,24069,1.0,71.99282800941728,38.70722961425781,0,256
001_ABC,75394,24325,1.0,64.57231993135065,38.98310852050781,0,256
001_ABC,75394,24581,1.0,56.91332858800888,34.90509033203125,0,256
001_ABC,75394,24837,0.9989776611328124,53.234182205051184,33.097920735677086,0,256
001_ABC,75394,25093,1.0,55.029868111014366,34.595926920572914,0,256
001_ABC,75394,25349,1.0,58.69504438340664,34.47199503580729,0,256
001_ABC,75394,25605,0.997283935546875,56.13398354873061,27.63348388671875,0,256
001_ABC,75394,25861,0.8793792724609375,61.847364803543314,21.81675720214844,0,256
001_ABC,75650,23813,0.8294525146484375,64.44901567115448,31.432729085286457,0,256
001_ABC,75650,24069,1.0,74.17978812544607,38.40971374511719,0,256
001_ABC,75650,24325,1.0,65.2425878783688,37.57280985514323,0,256
001_ABC,75650,24581,1.0,57.740842923522,35.16588846842448,0,256
001_ABC,75650,24837,1.0,60.17391949519515,33.3448486328125,0,256
001_ABC,75650,25093,1.0,58.10904170735739,28.397303263346355,0,256
001_ABC,75650,25349,1.0,59.96724921092391,32.70404561360677,0,256
001_ABC,75650,25605,1.0,56.2788085853681,34.47401428222656,0,256
001_ABC,75650,25861,0.98492431640625,59.37715044408105,28.40167744954427,0,256
001_ABC,75650,26117,0.29888916015625,49.90763971861452,12.662460327148438,0,256
001_ABC,75906,24069,0.928863525390625,80.63890140410513,34.225931803385414,0,256
001_ABC,75906,24325,1.0,65.70575095317326,37.40915934244792,0,256
001_ABC,75906,24581,1.0,57.391785813262686,30.45331319173177,0,256
001_ABC,75906,24837,1.0,62.82544885482639,29.53270975748698,0,256
001_ABC,75906,25093,0.9986572265625,59.89698788686656,32.683146158854164,0,256
001_ABC,75906,25349,0.9997711181640624,63.304165836190805,31.293324788411457,0,256
001_ABC,75906,25605,0.988494873046875,59.78751889220439,28.56273905436198,0,256
001_ABC,75906,25861,0.8115386962890625,60.2812138563022,22.711949666341145,0,256
001_ABC,76162,24069,0.097991943359375,61.82653427124024,10.777303059895834,0,256
001_ABC,76162,24325,0.966583251953125,71.2428952564951,30.25414530436198,0,256
001_ABC,76162,24581,1.0,66.45635206042789,31.920583089192707,0,256
001_ABC,76162,24837,1.0,66.72555298148654,29.027933756510414,0,256
001_ABC,76162,25093,0.999755859375,59.04581484920345,32.207295735677086,0,256
001_ABC,76162,25349,0.981201171875,64.47403648402542,29.92516581217448,0,256
001_ABC,76162,25605,0.938720703125,63.38783544651233,27.519556681315105,0,256
001_ABC,76162,25861,0.19146728515625,53.7695688304957,11.158955891927084,0,256
001_ABC,76418,24325,0.4119110107421875,61.49980409233831,17.056248982747395,0,256
001_ABC,76418,24581,0.92633056640625,71.24428915604949,28.10153706868489,0,256
001_ABC,76418,24837,1.0,71.61016233987175,34.773681640625,0,256
001_ABC,76418,25093,0.951263427734375,78.57025944814086,29.831095377604168,0,256
001_ABC,76418,25349,0.845703125,68.43851914419793,23.34384155273437,0,256
001_ABC,76418,25605,0.268402099609375,50.58803997095674,12.669637044270834,0,256
001_ABC,76674,24581,0.8856658935546875,67.09606093075126,30.311925252278645,0,256
001_ABC,76674,24837,1.0,76.44619727134705,32.83038838704427,0,256
001_ABC,76674,25093,0.8868255615234375,73.77718936814927,27.07582092285156,0,256
001_ABC,76674,25349,0.523590087890625,66.49157390650362,17.31207275390625,0,256
001_ABC,76930,24581,0.9963226318359376,73.49111758335494,36.06504821777344,0,256
001_ABC,76930,24837,1.0,75.27792096789926,37.521026611328125,0,256
001_ABC,76930,25093,0.967254638671875,76.53463455662131,31.03651428222656,0,256
001_ABC,76930,25349,0.13726806640625,48.62450173124671,8.935923258463541,0,256
001_ABC,77186,24581,0.9887237548828124,61.09109447803348,32.36970520019531,0,256
001_ABC,77186,24837,1.0,61.767576984129846,34.58684794108073,0,256
001_ABC,77186,25093,0.9141998291015624,64.78450096561573,25.589075724283852,0,256
001_ABC,77442,24581,0.989715576171875,58.61489950027317,34.71672566731771,0,256
001_ABC,77442,24837,0.9432373046875,55.271105751395226,33.40172831217448,0,256
001_ABC,77442,25093,0.8632659912109375,58.27141160494648,23.97589111328125,0,256
001_ABC,77698,24581,0.8356170654296875,56.64490969269536,23.66936747233073,0,256
001_ABC,77698,24837,0.81719970703125,54.68179310020059,21.724131266276043,0,256
001_ABC,77698,25093,0.5891571044921875,57.61735464236699,21.05659484863281,0,256
001_ABC,77954,24581,0.68048095703125,61.10765897389501,20.43976338704427,0,256
001_ABC,77954,24837,0.7874298095703125,57.76088165398687,22.040425618489586,0,256
001_ABC,77954,25093,0.290802001953125,52.11391377053224,12.665201822916666,0,256
001_ABC,19520,20229,0.94775390625,73.8319496512413,29.99298095703125,0,256
001_ABC,19520,20485,0.9176788330078124,74.28917481657118,28.98071797688802,0,256
001_ABC,19520,20741,0.9129638671875,81.53297005593777,25.312352498372395,0,256
001_ABC,19520,20997,0.910003662109375,84.2328325798735,24.463694254557293,0,256
001_ABC,19520,21253,0.7235107421875,73.0074639392551,20.984634399414062,0,256
001_ABC,19520,21509,0.50531005859375,80.08431220054626,18.341654459635414,0,256
001_ABC,19776,19973,0.570831298828125,93.95681492402218,18.044596354166668,0,256
001_ABC,19776,20229,0.9065093994140624,99.22627727477813,28.80376688639323,0,256
001_ABC,19776,20485,0.9317474365234376,96.71328686084598,28.485071818033852,0,256
001_ABC,19776,20741,0.9532318115234376,95.47898821695708,25.898600260416668,0,256
001_ABC,19776,20997,0.9560546875,107.48946871981023,26.307601928710938,0,256
001_ABC,19776,21253,0.978607177734375,97.78172300360166,30.070348103841145,0,256
001_ABC,19776,21509,0.9666748046875,91.23526875278912,26.825942993164062,0,256
001_ABC,19776,21765,0.9083709716796876,100.93576563056558,24.38818868001302,0,256
001_ABC,20032,19973,0.815704345703125,102.28580201952718,23.908803304036457,0,256
001_ABC,20032,20229,0.9984893798828124,92.1375593803823,36.440653483072914,0,256
001_ABC,20032,20485,0.99853515625,92.6238650372252,38.28600056966146,0,256
001_ABC,20032,20741,0.993499755859375,94.58305234811267,37.41404215494792,0,256
001_ABC,20032,20997,0.99517822265625,94.07523499429226,34.692596435546875,0,256
001_ABC,20032,21253,0.9900360107421876,95.17546009924264,33.18609110514323,0,256
001_ABC,20032,21509,0.985992431640625,101.35218293126673,30.765533447265625,0,256
001_ABC,20032,21765,0.9655303955078124,103.26021967618726,28.551910400390625,0,256
001_ABC,20032,22021,0.62908935546875,106.18539294763468,19.50876871744792,0,256
001_ABC,20288,19973,0.97216796875,56.06182628497481,37.86088053385416,0,256
001_ABC,20288,20229,0.9552001953125,58.40707395970821,35.76951599121094,0,256
001_ABC,20288,20485,0.9383697509765624,58.193279444938526,31.896169026692707,0,256
001_ABC,20288,20741,0.99920654296875,58.09699180629104,34.852335611979164,0,256
001_ABC,20288,20997,0.971160888671875,56.667586888885126,35.74706522623698,0,256
001_ABC,20288,21253,0.9082489013671876,58.42952780332416,27.8516845703125,0,256
001_ABC,20288,21509,0.9923095703125,59.11172632779926,33.18290710449219,0,256
001_ABC,20288,21765,0.863189697265625,61.68805224238895,25.076339721679688,0,256
001_ABC,20288,22021,0.42706298828125,52.62666216283105,14.119440714518229,0,256
001_ABC,20544,19973,0.891082763671875,63.07534656091593,27.985376993815105,0,256
001_ABC,20544,20229,0.9955596923828124,58.78308652341366,36.4292958577474,0,256
001_ABC,20544,20485,0.9827880859375,58.18796246405691,36.19784037272135,0,256
001_ABC,20544,20741,0.9772491455078124,60.72742336895317,34.21759033203125,0,256
001_ABC,20544,20997,0.9916839599609376,59.07449156767689,32.570821126302086,0,256
001_ABC,20544,21253,0.955841064453125,57.20120499818586,33.71997578938802,0,256
001_ABC,20544,21509,0.911163330078125,62.72906268294901,27.337977091471355,0,256
001_ABC,20544,21765,0.6356201171875,64.13536540954374,19.860936482747395,0,256
001_ABC,20544,22021,0.301055908203125,62.17339452262968,13.893020629882812,0,256
001_ABC,20800,20229,0.516815185546875,62.59733939170837,19.20039367675781,0,256
001_ABC,20800,20485,0.830108642578125,71.04027026891708,27.93975830078125,0,256
001_ABC,20800,20741,0.8936767578125,68.18434086604975,23.652135213216145,0,256
001_ABC,20800,20997,0.840301513671875,66.33243988803588,23.98541259765625,0,256
001_ABC,20800,21253,0.71075439453125,67.92127756192349,17.975672403971355,0,256
001_ABC,20800,21509,0.63262939453125,64.30971539672464,20.554529825846355,0,256
001_ABC,20800,21765,0.6591796875,64.19145170762204,22.73291524251302,0,256
001_ABC,20800,22021,0.2426605224609375,56.68050304031931,10.896347045898438,0,256
001_ABC,21056,20741,0.5384674072265625,63.1699279898312,21.84363301595052,0,256
001_ABC,21056,20997,0.304534912109375,58.94338652398437,14.116388956705729,0,256
001_ABC,21056,21253,0.21380615234375,55.65930522955023,11.558542887369793,0,256
001_ABC,21056,21509,0.2584381103515625,65.56436854507774,12.697677612304688,0,256
001_ABC,21056,21765,0.5455780029296875,78.84758099820465,20.402389526367188,0,256
001_ABC,21056,22021,0.7120819091796875,82.05112816300243,22.553822835286457,0,256
001_ABC,21312,21765,0.7910919189453125,75.08328011236154,26.611602783203125,0,256
001_ABC,21312,22021,0.6157684326171875,74.84021424409002,18.31335957845052,0,256
001_ABC,21568,21765,0.7888031005859375,88.54485869407654,24.667409261067707,0,256
001_ABC,21568,22021,0.6179046630859375,75.12837336957455,22.544057210286457,0,256
001_ABC,21568,22277,0.913543701171875,71.1049754654523,36.834574381510414,0,256
001_ABC,21568,22533,0.17254638671875,39.9291157387197,9.260080973307293,0,256
001_ABC,21824,21765,0.5992889404296875,82.8229654354509,19.628646850585938,0,256
001_ABC,21824,22021,0.934112548828125,74.12038715090603,36.50927225748698,0,256
001_ABC,21824,22277,0.945281982421875,76.041728194803,32.16393025716146,0,256
001_ABC,21824,22533,0.43560791015625,74.60063173412345,16.463536580403645,0,256
001_ABC,22080,21765,0.83734130859375,78.53993438836187,31.866953531901043,0,256
001_ABC,22080,22021,0.970916748046875,85.17283627553843,40.2497304280599,0,256
001_ABC,22080,22277,0.9581146240234376,74.5253976425156,36.73795572916666,0,256
001_ABC,22080,22533,0.752349853515625,67.09376484062523,25.95676676432292,0,256
001_ABC,22080,22789,0.5062103271484375,50.14634267590009,19.11876932779948,0,256
001_ABC,22336,21253,0.5890045166015625,64.0354323303327,19.38498433430989,0,256
001_ABC,22336,21509,0.856719970703125,58.28113787784241,26.28025309244792,0,256
001_ABC,22336,21765,0.9535369873046876,59.89832644513808,29.632436116536457,0,256
001_ABC,22336,22021,0.96185302734375,54.80849306937307,29.685740152994796,0,256
001_ABC,22336,22277,0.9985504150390624,59.33061573561281,33.10553995768229,0,256
001_ABC,22336,22533,1.0,51.95128090586513,47.15213521321615,0,256
001_ABC,22336,22789,0.8362274169921875,55.61562977731228,33.49201456705729,0,256
001_ABC,22336,23045,0.298797607421875,48.72572374320589,14.856277465820312,0,256
001_ABC,22592,20997,0.6443634033203125,61.2041963764932,22.93182373046875,0,256
001_ABC,22592,21253,0.955047607421875,57.12660282012075,31.87200927734375,0,256
001_ABC,22592,21509,0.9435882568359376,57.14480009581894,27.768412272135414,0,256
001_ABC,22592,21765,0.98114013671875,54.18270321842283,32.76923624674479,0,256
001_ABC,22592,22021,0.9765472412109376,62.613323831697926,32.17381795247396,0,256
001_ABC,22592,22277,0.999969482421875,63.73477142676711,30.08087666829427,0,256
001_ABC,22592,22533,1.0,59.08912801533006,43.85822550455729,0,256
001_ABC,22592,22789,0.9963836669921876,57.625716771697626,33.50978088378906,0,256
001_ABC,22592,23045,0.531097412109375,51.6331739553716,19.60581970214844,0,256
001_ABC,22848,20997,0.8684234619140625,57.766658678418025,35.29910786946615,0,256
001_ABC,22848,21253,0.9997711181640624,60.41037319763564,33.0193125406901,0,256
001_ABC,22848,21509,1.0,61.42308012559079,38.95525614420573,0,256
001_ABC,22848,21765,0.9994354248046876,59.59907782729715,30.870101928710938,0,256
001_ABC,22848,22021,0.9998626708984376,71.02967172022909,32.5752919514974,0,256
001_ABC,22848,22277,1.0,66.6165751805529,45.16319783528646,0,256
001_ABC,22848,22533,1.0,69.6565850218758,42.74312337239584,0,256
001_ABC,22848,22789,0.999725341796875,65.03031158610247,36.22216288248698,0,256
001_ABC,22848,23045,0.8702545166015625,69.94112986978143,23.500691731770832,0,256
001_ABC,23104,20997,0.75274658203125,67.70381326880306,22.68023681640625,0,256
001_ABC,23104,21253,0.9978179931640624,64.84799486934207,33.24987284342448,0,256
001_ABC,23104,21509,1.0,60.594638927839696,36.91842651367188,0,256
001_ABC,23104,21765,0.9984588623046876,65.24575788434595,26.38745625813802,0,256
001_ABC,23104,22021,0.98944091796875,60.63257370493375,42.73662821451823,0,256
001_ABC,23104,22277,0.9985504150390624,61.65263774222694,47.90068562825521,0,256
001_ABC,23104,22533,0.9997100830078124,68.00181426643394,43.90376281738281,0,256
001_ABC,23104,22789,0.9988861083984376,66.18723003729247,28.035552978515625,0,256
001_ABC,23104,23045,0.976898193359375,73.23570241197012,30.222768147786457,0,256
001_ABC,23104,23301,0.2469024658203125,56.2056493004784,14.916453043619793,0,256
001_ABC,23360,20997,0.328887939453125,55.71369188069366,15.932108561197916,0,256
001_ABC,23360,21253,1.0,61.433410461992025,47.779693603515625,0,256
001_ABC,23360,21509,1.0,63.69549823459238,35.72881062825521,0,256
001_ABC,23360,21765,0.999847412109375,71.93438069499098,30.890701293945312,0,256
001_ABC,23360,22021,1.0,67.67890065908432,49.81940205891927,0,256
001_ABC,23360,22277,1.0,71.72457920014858,45.52947998046875,0,256
001_ABC,23360,22533,0.9988861083984376,73.51135312020779,38.5605214436849,0,256
001_ABC,23360,22789,0.9993438720703124,70.29141836590134,36.23713684082031,0,256
001_ABC,23360,23045,1.0,68.72777981660329,42.48915608723959,0,256
001_ABC,23360,23301,0.9645233154296876,73.90909045562148,36.98692321777344,0,256
001_ABC,23360,23557,0.449005126953125,63.69355551805347,20.86669921875,0,256
001_ABC,23616,21253,0.91046142578125,66.6613471636083,39.94347635904948,0,256
001_ABC,23616,21509,0.955078125,74.75448522623628,28.861612955729168,0,256
001_ABC,23616,21765,0.9996795654296876,75.66776535450481,33.05833435058594,0,256
001_ABC,23616,22021,1.0,82.84615102037787,39.50894673665365,0,256
001_ABC,23616,22277,1.0,80.06131993234158,46.62232462565104,0,256
001_ABC,23616,22533,1.0,80.61747318482958,43.1069590250651,0,256
001_ABC,23616,22789,1.0,77.78387714084238,32.916361490885414,0,256
001_ABC,23616,23045,1.0,82.98120992793702,35.98736063639323,0,256
001_ABC,23616,23301,0.9818572998046876,73.99222207604907,45.70561218261719,0,256
001_ABC,23616,23557,0.4661712646484375,68.85228302981704,25.77256774902344,0,256
001_ABC,23872,21509,0.69677734375,75.29123704670928,29.84191385904948,0,256
001_ABC,23872,21765,1.0,86.35023270337842,37.5957997639974,0,256
001_ABC,23872,22021,0.9996795654296876,97.6627304868307,39.69859313964844,0,256
001_ABC,23872,22277,1.0,107.06541417515837,38.4528554280599,0,256
001_ABC,23872,22533,1.0,93.19804595410824,32.21142578125,0,256
001_ABC,23872,22789,0.9995574951171876,94.3280292635318,31.93174743652344,0,256
001_ABC,23872,23045,1.0,77.66470439708792,52.57743835449219,0,256
001_ABC,23872,23301,0.5634765625,71.09077446884476,26.77577209472656,0,256
001_ABC,23872,23557,0.030029296875,55.93708759173751,8.089716593424479,0,256
001_ABC,24128,21765,0.9432220458984376,94.61119308695196,33.4302012125651,0,256
001_ABC,24128,22021,1.0,95.56260996684432,47.22190856933594,0,256
001_ABC,24128,22277,1.0,98.60364022082648,43.57159932454427,0,256
001_ABC,24128,22533,0.9963531494140624,99.18968438520096,28.385772705078125,0,256
001_ABC,24128,22789,0.9998931884765624,94.14982279296964,40.64342753092448,0,256
001_ABC,24128,23045,0.99993896484375,89.9381490116939,46.5539296468099,0,256
001_ABC,24128,23301,0.9119415283203124,97.4068138578441,34.934783935546875,0,256
001_ABC,24128,23557,0.95098876953125,97.32588387932628,40.463165283203125,0,256
001_ABC,24128,23813,0.751708984375,97.54696201905608,23.62743631998698,0,256
001_ABC,24384,21765,0.429412841796875,52.05284189339727,15.815719604492188,0,256
001_ABC,24384,22021,1.0,55.58649841602892,48.06585693359375,0,256
001_ABC,24384,22277,0.9951629638671876,56.256778163602576,39.0322265625,0,256
001_ABC,24384,22533,0.9998779296875,57.42673990293406,32.72673543294271,0,256
001_ABC,24384,22789,0.9960479736328124,52.0055453022942,45.5499013264974,0,256
001_ABC,24384,23045,1.0,53.88510870933533,41.16969299316406,0,256
001_ABC,24384,23301,0.99932861328125,56.07638021907769,36.06834920247396,0,256
001_ABC,24384,23557,1.0,56.85374663374387,41.40034484863281,0,256
001_ABC,24384,23813,0.99713134765625,56.80184210441075,32.02721150716146,0,256
001_ABC,24384,24069,0.76458740234375,56.35571361868642,26.769337972005207,0,256
001_ABC,24640,22021,0.838958740234375,60.60346333286725,37.987701416015625,0,256
001_ABC,24640,22277,0.99609375,72.86034784442745,33.901835123697914,0,256
001_ABC,24640,22533,0.999603271484375,59.92758162971586,36.86875915527344,0,256
001_ABC,24640,22789,1.0,60.19662172999233,38.71319580078125,0,256
001_ABC,24640,23045,1.0,56.120783844729885,42.16424560546875,0,256
001_ABC,24640,23301,1.0,58.09246337320656,42.72059631347656,0,256
001_ABC,24640,23557,0.9971466064453124,59.21206869091839,38.41937255859375,0,256
001_ABC,24640,23813,0.996612548828125,61.18090319260955,28.014317830403645,0,256
001_ABC,24640,24069,0.9471282958984376,66.04166968888603,28.538503011067707,0,256
001_ABC,24896,22021,0.467559814453125,61.11054614093155,21.64390563964844,0,256
001_ABC,24896,22277,0.9973907470703124,69.19376124604605,31.29224141438802,0,256
001_ABC,24896,22533,0.9983978271484376,63.483384135877714,42.52103678385416,0,256
001_ABC,24896,22789,0.99798583984375,65.45877769379877,35.30321756998698,0,256
001_ABC,24896,23045,0.9994354248046876,61.12785691674799,45.51836140950521,0,256
001_ABC,24896,23301,0.9999237060546876,64.19784758216701,39.02965799967448,0,256
001_ABC,24896,23557,1.0,69.42965411301702,32.70619201660156,0,256
001_ABC,24896,23813,0.9965362548828124,66.84520130977035,29.951990763346355,0,256
001_ABC,24896,24069,0.995697021484375,68.44774971879087,37.2659912109375,0,256
001_ABC,24896,24325,0.277374267578125,55.13983794837259,18.77269490559896,0,256
001_ABC,25152,22277,0.8249969482421875,67.15603542327881,30.059773763020832,0,256
001_ABC,25152,22533,1.0,65.62984729162417,47.56371053059896,0,256
001_ABC,25152,22789,0.9998016357421876,65.90456735994667,38.24950663248698,0,256
001_ABC,25152,23045,1.0,60.31330421729945,45.09452311197917,0,256
001_ABC,25152,23301,1.0,62.91955120651983,42.62738037109375,0,256
001_ABC,25152,23557,1.0,71.00672862282954,31.303415934244796,0,256
001_ABC,25152,23813,0.9983673095703124,72.16985851153731,32.13185119628906,0,256
001_ABC,25152,24069,0.9901885986328124,63.63422892987728,48.66435750325521,0,256
001_ABC,25152,24325,0.4948577880859375,60.34910535439849,20.5460205078125,0,256
001_ABC,25408,22277,0.2993316650390625,57.69679002813064,16.841517130533855,0,256
001_ABC,25408,22533,0.997650146484375,67.04431360121816,42.201009114583336,0,256
001_ABC,25408,22789,0.999603271484375,66.29999248846434,44.10477701822917,0,256
001_ABC,25408,23045,0.99957275390625,67.8432547589764,39.86695861816406,0,256
001_ABC,25408,23301,1.0,72.74594174325466,39.16630554199219,0,256
001_ABC,25408,23557,1.0,73.27415962424129,33.6031748453776,0,256
001_ABC,25408,23813,1.0,70.35780067904852,40.68960571289063,0,256
001_ABC,25408,24069,1.0,69.43461018963717,48.65222676595052,0,256
001_ABC,25408,24325,0.8365936279296875,76.12561803101562,34.49407958984375,0,256
001_ABC,25664,22533,0.6183319091796875,65.13282988383435,25.349197387695312,0,256
001_ABC,25664,22789,0.951446533203125,69.67205163743347,39.20044453938802,0,256
001_ABC,25664,23045,1.0,67.64776122476906,47.72557576497396,0,256
001_ABC,25664,23301,1.0,68.17405871208757,38.079508463541664,0,256
001_ABC,25664,23557,0.999786376953125,78.18857377930544,36.96978251139323,0,256
001_ABC,25664,23813,1.0,74.10885475575924,46.29847208658854,0,256
001_ABC,25664,24069,1.0,68.66302537824959,53.3985341389974,0,256
001_ABC,25664,24325,0.9963531494140624,84.70369015424512,40.50714111328125,0,256
001_ABC,25664,24581,0.3348388671875,58.20814679912292,18.141021728515625,0,256
001_ABC,25920,22789,0.4071807861328125,60.76643927302212,19.74742126464844,0,256
001_ABC,25920,23045,0.9910125732421876,72.24745747237466,40.7078857421875,0,256
001_ABC,25920,23301,1.0,79.48428046610206,42.24288431803385,0,256
001_ABC,25920,23557,0.9976043701171876,81.91181860864162,35.37993367513021,0,256
001_ABC,25920,23813,0.9987030029296876,74.18833258352242,51.45709228515625,0,256
001_ABC,25920,24069,1.0,87.69577443203889,39.16589864095052,0,256
001_ABC,25920,24325,1.0,78.63164614676498,48.42311096191406,0,256
001_ABC,25920,24581,0.9550018310546876,84.82500417437404,38.692626953125,0,256
001_ABC,25920,24837,0.5326995849609375,71.33301835670136,21.469253540039062,0,256
001_ABC,26176,23045,0.630126953125,79.36947542335838,25.04547627766927,0,256
001_ABC,26176,23301,0.999725341796875,81.80345953605138,45.7102305094401,0,256
001_ABC,26176,23557,1.0,80.68852085527033,44.313496907552086,0,256
001_ABC,26176,23813,1.0,89.12561748898588,42.84479268391927,0,256
001_ABC,26176,24069,0.98736572265625,86.56010652869008,35.66578165690104,0,256
001_ABC,26176,24325,1.0,86.89652014430612,49.68816630045573,0,256
001_ABC,26176,24581,0.991668701171875,114.05282556987368,51.62611389160156,0,256
001_ABC,26176,24837,0.9944305419921876,92.93488009809516,40.72492980957031,0,256
001_ABC,26432,23301,0.989593505859375,57.43845388083719,38.59739685058594,0,256
001_ABC,26432,23557,1.0,59.38240355416201,45.19683329264323,0,256
001_ABC,26432,23813,1.0,63.374140716157854,41.8977305094401,0,256
001_ABC,26432,24069,1.0,59.81537772505544,41.27701822916666,0,256
001_ABC,26432,24325,0.997344970703125,76.77328085526824,43.43016052246094,0,256
001_ABC,26432,24581,0.9965057373046876,73.06616052030586,48.450826009114586,0,256
001_ABC,26432,24837,0.9962310791015624,71.40284740552306,31.52215067545573,0,256
001_ABC,26432,25093,0.2242889404296875,40.13681759289466,13.936314900716146,0,256
001_ABC,26688,23301,0.740570068359375,58.55030730343424,23.665812174479168,0,256
001_ABC,26688,23557,0.9167022705078124,62.9466018693056,33.45537821451823,0,256
001_ABC,26688,23813,1.0,70.8056046962738,36.34795125325521,0,256
001_ABC,26688,24069,1.0,88.66068522981368,43.18526204427084,0,256
001_ABC,26688,24325,1.0,89.69486236735247,39.55317687988281,0,256
001_ABC,26688,24581,0.9982147216796876,92.92329387157224,37.64979044596354,0,256
001_ABC,26688,24837,0.99884033203125,72.59753090306185,37.426289876302086,0,256
001_ABC,26688,25093,0.2402801513671875,39.85917582525872,12.24304707845052,0,256
001_ABC,26944,23301,0.8662109375,78.59499965514988,28.851033528645832,0,256
001_ABC,26944,23557,0.960784912109375,82.13291552569717,39.3728281656901,0,256
001_ABC,26944,23813,0.99652099609375,97.95193489803933,38.1169687906901,0,256
001_ABC,26944,24069,1.0,89.42335184570402,34.730682373046875,0,256
001_ABC,26944,24325,1.0,80.68093696027063,38.06492614746094,0,256
001_ABC,26944,24581,1.0,69.37419357802719,39.04365539550781,0,256
001_ABC,26944,24837,1.0,72.58638496603817,45.60577392578125,0,256
001_ABC,26944,25093,0.389190673828125,49.07786096981727,20.772288004557293,0,256
001_ABC,27200,23301,0.772430419921875,84.98969729035161,28.924845377604168,0,256
001_ABC,27200,23557,0.9932098388671876,84.55572286155075,41.00298563639323,0,256
001_ABC,27200,23813,0.999603271484375,88.57751229009591,37.02948506673177,0,256
001_ABC,27200,24069,1.0,80.28079962730408,38.87647501627604,0,256
001_ABC,27200,24325,1.0,72.83547983481549,41.55604553222656,0,256
001_ABC,27200,24581,1.0,65.89799712202512,35.86920166015625,0,256
001_ABC,27200,24837,1.0,65.68380474671721,43.84431457519531,0,256
001_ABC,27200,25093,0.5533294677734375,58.961974143981934,22.54791768391927,0,256
001_ABC,27456,23301,0.5196075439453125,60.48588834609836,23.700937906901043,0,256
001_ABC,27456,23557,0.9984130859375,89.46269917092286,34.27410380045573,0,256
001_ABC,27456,23813,0.9995880126953124,78.75945039070211,36.4488271077474,0,256
001_ABC,27456,24069,0.9976043701171876,84.89658799930476,42.97858683268229,0,256
001_ABC,27456,24325,0.999053955078125,71.94758303253911,38.325469970703125,0,256
001_ABC,27456,24581,0.9998016357421876,70.04271617508493,48.25357564290365,0,256
001_ABC,27456,24837,0.9518890380859376,71.67010676278733,44.914082845052086,0,256
001_ABC,27456,25093,0.71441650390625,63.65587847097777,32.24168395996094,0,256
001_ABC,27712,23557,0.92919921875,88.3564081043005,27.386057535807293,0,256
001_ABC,27712,23813,0.997528076171875,85.21014231606387,40.69869486490885,0,256
001_ABC,27712,24069,1.0,87.91071441397071,40.61585998535156,0,256
001_ABC,27712,24325,1.0,86.75957363471389,43.58380126953125,0,256
001_ABC,27712,24581,1.0,90.4210692262277,38.76580810546875,0,256
001_ABC,27712,24837,1.0,80.69932555570267,44.76793924967448,0,256
001_ABC,27712,25093,0.9629058837890624,88.67872975766659,37.65973917643229,0,256
001_ABC,27968,23557,0.320526123046875,52.06809873483144,12.51024373372396,0,256
001_ABC,27968,23813,0.988189697265625,93.08032694086432,40.43132527669271,0,256
001_ABC,27968,24069,0.999908447265625,100.7118208669126,37.136016845703125,0,256
001_ABC,27968,24325,1.0,94.52376225218175,44.50274149576823,0,256
001_ABC,27968,24581,1.0,84.8497668968048,46.38162740071615,0,256
001_ABC,27968,24837,1.0,92.73287721630186,49.27137247721354,0,256
001_ABC,27968,25093,1.0,95.4315947254654,47.648518880208336,0,256
001_ABC,27968,25349,0.395172119140625,70.1845185009297,16.507781982421875,0,256
001_ABC,28224,23813,0.8090667724609375,87.30778293288313,26.23213195800781,0,256
001_ABC,28224,24069,0.9976043701171876,85.84152730926871,43.41801452636719,0,256
001_ABC,28224,24325,1.0,91.2327702601906,48.43000793457031,0,256
001_ABC,28224,24581,1.0,87.37591930385679,50.014495849609375,0,256
001_ABC,28224,24837,1.0,92.32682117447256,49.59266662597656,0,256
001_ABC,28224,25093,0.9991912841796876,92.49509829073212,36.57335408528646,0,256
001_ABC,28224,25349,0.84515380859375,95.15816679503769,30.306498209635414,0,256
001_ABC,28224,25605,0.6360015869140625,83.37982093147002,24.311909993489586,0,256
001_ABC,28480,24069,0.9823455810546876,56.49797502695583,39.377471923828125,0,256
001_ABC,28480,24325,1.0,71.33858352527022,40.06134033203125,0,256
001_ABC,28480,24581,1.0,66.61181640252471,48.3530527750651,0,256
001_ABC,28480,24837,0.9976348876953124,55.67309512104839,45.0097910563151,0,256
001_ABC,28480,25093,0.9965972900390624,62.09070789418183,39.88139343261719,0,256
001_ABC,28480,25349,0.9788970947265624,68.18917933455668,42.81818644205729,0,256
001_ABC,28480,25605,0.616607666015625,56.14586360915564,30.27306620279948,0,256
001_ABC,28480,25861,0.894256591796875,54.73568603373133,51.90652974446615,0,256
001_ABC,28480,26117,0.203948974609375,43.4613644098863,14.755437215169271,0,256
001_ABC,28736,24069,0.7053985595703125,57.4937892423477,30.729151407877605,0,256
001_ABC,28736,24325,0.9997100830078124,68.33691040962003,44.36265055338541,0,256
001_ABC,28736,24581,0.999969482421875,70.85484835668467,44.40660603841146,0,256
001_ABC,28736,24837,0.9993133544921876,64.68249511625618,43.94453430175781,0,256
001_ABC,28736,25093,0.9958953857421876,73.99136024876498,42.75133260091146,0,256
001_ABC,28736,25349,0.868499755859375,78.58524995669723,42.1885019938151,0,256
001_ABC,28736,25605,0.8600921630859375,80.86183632072061,42.89077758789063,0,256
001_ABC,28736,25861,0.9677581787109376,65.73663626611233,43.52347819010416,0,256
001_ABC,28736,26117,0.7671661376953125,72.68887329101562,38.61839294433594,0,256
001_ABC,28992,24069,0.4414520263671875,63.08340564160608,29.736668904622395,0,256
001_ABC,28992,24325,1.0,74.98883044696413,43.45563252766927,0,256
001_ABC,28992,24581,1.0,70.93126301374286,47.666595458984375,0,256
001_ABC,28992,24837,1.0,68.79886393225752,47.99604797363281,0,256
001_ABC,28992,25093,0.87091064453125,74.49130438175052,43.9902089436849,0,256
001_ABC,28992,25349,0.1474761962890625,49.65859989239834,10.66900634765625,0,256
001_ABC,28992,25605,0.93206787109375,81.52641296177171,48.1971689860026,0,256
001_ABC,28992,25861,0.9976806640625,83.31992795108818,45.50094095865885,0,256
001_ABC,28992,26117,0.8161773681640625,66.23941486678086,38.32215372721354,0,256
001_ABC,29248,24069,0.1291961669921875,61.70728511712514,12.833521525065104,0,256
001_ABC,29248,24325,0.9791412353515624,95.5613712312188,49.686442057291664,0,256
001_ABC,29248,24581,0.9998626708984376,89.22737680911086,48.38361612955729,0,256
001_ABC,29248,24837,0.9986724853515624,89.0118916919455,48.292317708333336,0,256
001_ABC,29248,25093,0.976806640625,81.55836483999155,50.28736877441406,0,256
001_ABC,29248,25349,0.9296417236328124,93.01303064613604,49.09101867675781,0,256
001_ABC,29248,25605,1.0,98.95762294530869,53.89598083496094,0,256
001_ABC,29248,25861,0.83453369140625,89.91589319496416,49.195393880208336,0,256
001_ABC,29248,26117,0.7996368408203125,85.50479599740356,46.5903065999349,0,256
001_ABC,29504,24069,0.0760955810546875,60.41559162642807,10.532089233398438,0,256
001_ABC,29504,24325,0.848297119140625,83.85557216405869,37.177001953125,0,256
001_ABC,29504,24581,0.9864654541015624,107.46402119100094,51.57342529296875,0,256
001_ABC,29504,24837,0.751800537109375,102.54271959885956,42.58460998535156,0,256
001_ABC,29504,25093,0.9657135009765624,93.75880561769009,45.70384724934896,0,256
001_ABC,29504,25349,0.979034423828125,108.62141118943693,60.14338175455729,0,256
001_ABC,29504,25605,0.8746490478515625,108.23850663914344,53.104034423828125,0,256
001_ABC,29504,25861,0.9998321533203124,91.67838774621488,51.26050313313802,0,256
001_ABC,29504,26117,0.9234771728515624,79.44808458909392,52.96758015950521,0,256
001_ABC,29760,24069,0.4289398193359375,70.19438270828687,30.67365010579427,0,256
001_ABC,29760,24325,0.9230499267578124,123.54729986097664,61.76976521809896,0,256
001_ABC,29760,24581,1.0,91.59144621249288,56.42711385091146,0,256
001_ABC,29760,24837,0.7804107666015625,103.16660925373436,42.80730692545573,0,256
001_ABC,29760,25093,1.0,81.3317321126815,51.57832845052084,0,256
001_ABC,29760,25349,1.0,83.37359941913746,59.44548034667969,0,256
001_ABC,29760,25605,0.9949951171875,105.02269109501503,55.18387858072917,0,256
001_ABC,29760,25861,1.0,77.4420593669638,58.191670735677086,0,256
001_ABC,29760,26117,0.7769775390625,82.37025321065448,40.539693196614586,0,256
001_ABC,30016,24069,0.6537628173828125,81.10328674106859,47.32054646809896,0,256
001_ABC,30016,24325,0.8719329833984375,126.8484949131962,53.93097432454427,0,256
001_ABC,30016,24581,0.906585693359375,127.61898277699947,60.89734395345052,0,256
001_ABC,30016,24837,0.9936065673828124,115.99854930653235,65.53834025065105,0,256
001_ABC,30016,25093,0.999542236328125,82.92205686029047,53.0445810953776,0,256
001_ABC,30016,25349,0.998382568359375,98.79524183250032,61.381429036458336,0,256
001_ABC,30016,25605,0.9906463623046876,99.65853067860009,56.09986877441406,0,256
001_ABC,30016,25861,0.881378173828125,94.70724447723478,57.63435363769531,0,256
001_ABC,30016,26117,0.5923614501953125,71.93000519927591,43.936604817708336,0,256
001_ABC,30272,24069,0.68743896484375,78.39880977361463,41.79305521647135,0,256
001_ABC,30272,24325,0.9917449951171876,115.6780279984232,55.56036376953125,0,256
001_ABC,30272,24581,0.9726715087890624,99.59539716597646,58.10951232910156,0,256
001_ABC,30272,24837,0.8574066162109375,108.81785080372356,59.28810119628906,0,256
001_ABC,30272,25093,1.0,109.54317334084772,54.0377451578776,0,256
001_ABC,30272,25349,0.823516845703125,126.61030091997236,50.97984313964844,0,256
001_ABC,30272,25605,0.9477386474609376,116.4815987944603,56.86181131998698,0,256
001_ABC,30272,25861,0.9412384033203124,105.94888314022684,61.46756490071615,0,256
001_ABC,30272,26117,0.302825927734375,53.92199379368685,25.39221700032552,0,256
001_ABC,30528,24069,0.4618682861328125,54.07336708530784,27.044479370117188,0,256
001_ABC,30528,24325,0.6946563720703125,78.11888951226138,45.4894765218099,0,256
001_ABC,30528,24581,0.8893280029296875,98.82676630839704,61.5863291422526,0,256
001_ABC,30528,24837,0.904327392578125,99.07121133431792,62.07135518391927,0,256
001_ABC,30528,25093,0.9536590576171876,87.13647710322402,59.65815734863281,0,256
001_ABC,30528,25349,1.0,83.86302436050028,49.36148071289063,0,256
001_ABC,30528,25605,1.0,71.99455453362316,56.29937744140625,0,256
001_ABC,30528,25861,0.9832000732421876,84.7356086364016,58.310872395833336,0,256
001_ABC,30528,26117,0.07171630859375,40.76281255483627,9.257654825846354,0,256
001_ABC,30784,24325,0.85369873046875,83.9676157226786,46.27626546223959,0,256
001_ABC,30784,24581,1.0,79.18504068418406,54.870747884114586,0,256
001_ABC,30784,24837,1.0,75.36642117216252,53.3648427327474,0,256
001_ABC,30784,25093,0.9888763427734376,77.56157078756951,54.81799825032552,0,256
001_ABC,30784,25349,0.9998931884765624,88.78921730234288,55.83324686686198,0,256
001_ABC,30784,25605,1.0,80.86145787290297,61.20654805501302,0,256
001_ABC,30784,25861,0.6533203125,78.63847588538192,45.921976725260414,0,256
001_ABC,31040,24325,0.91326904296875,76.70684571913444,62.35340881347656,0,256
001_ABC,31040,24581,1.0,68.99275089032017,57.88222249348959,0,256
001_ABC,31040,24837,1.0,63.43051280733198,52.792510986328125,0,256
001_ABC,31040,25093,1.0,79.50440626754425,51.605733235677086,0,256
001_ABC,31040,25349,0.99969482421875,80.37812378420494,63.059163411458336,0,256
001_ABC,31040,25605,0.99981689453125,80.20607747789472,59.8697509765625,0,256
001_ABC,31040,25861,0.407073974609375,69.50216874387115,30.78515116373698,0,256
001_ABC,31296,24325,0.9243621826171876,98.8902992606163,60.01756286621094,0,256
001_ABC,31296,24581,0.991729736328125,78.10449169576168,71.02097574869792,0,256
001_ABC,31296,24837,0.961090087890625,80.94242728292011,56.47715759277344,0,256
001_ABC,31296,25093,0.980682373046875,88.62791924714111,55.74070739746094,0,256
001_ABC,31296,25349,0.884246826171875,110.21386379003523,62.9854990641276,0,256
001_ABC,31296,25605,0.9979400634765624,88.80192495486699,62.42484029134115,0,256
001_ABC,31296,25861,0.18408203125,54.66959178796969,16.407307942708332,0,256
001_ABC,31552,24325,0.999237060546875,82.52955406531692,61.65342712402344,0,256
001_ABC,31552,24581,1.0,78.25779503211379,74.78401184082031,0,256
001_ABC,31552,24837,1.0,68.07858685567044,63.77683512369792,0,256
001_ABC,31552,25093,0.958709716796875,96.82251323736271,59.17151387532552,0,256
001_ABC,31552,25349,0.9119415283203124,126.49544781073928,62.32341003417969,0,256
001_ABC,31552,25605,0.7641143798828125,95.33283996582033,56.775634765625,0,256
001_ABC,31808,24325,1.0,106.69681388046592,56.73583984375,0,256
001_ABC,31808,24581,1.0,97.89634151360951,58.029398600260414,0,256
001_ABC,31808,24837,1.0,77.41557703912258,58.436442057291664,0,256
001_ABC,31808,25093,1.0,96.13016755040736,55.36421712239584,0,256
001_ABC,31808,25349,0.92138671875,98.15618201508188,55.99556986490885,0,256
001_ABC,31808,25605,0.7319793701171875,92.44120554043911,58.00599670410156,0,256
001_ABC,32064,24325,0.997100830078125,120.49626278295182,52.017191569010414,0,256
001_ABC,32064,24581,1.0,91.45123381516896,55.70099385579427,0,256
001_ABC,32064,24837,1.0,105.3043344579637,58.55326334635416,0,256
001_ABC,32064,25093,1.0,100.14151068683714,57.65034993489584,0,256
001_ABC,32064,25349,0.970245361328125,107.55925553641282,61.94396464029948,0,256
001_ABC,32064,25605,0.7143402099609375,92.91495210467838,48.4849599202474,0,256
001_ABC,32320,24325,0.447174072265625,82.16853822930716,27.835494995117188,0,256
001_ABC,32320,24581,0.9521331787109376,96.79949441179632,46.9139404296875,0,256
001_ABC,32320,24837,1.0,104.83018443523906,55.49544779459635,0,256
001_ABC,32320,25093,0.95098876953125,100.04798196977936,64.93503316243489,0,256
001_ABC,32320,25349,0.95050048828125,108.74692942854016,56.42924499511719,0,256
001_ABC,32320,25605,0.6590118408203125,86.49052465497516,40.02604166666666,0,256
001_ABC,32576,24069,0.8842620849609375,65.30472922325134,55.38428243001302,0,256
001_ABC,32576,24325,0.8739013671875,62.01532552181743,56.07711791992188,0,256
001_ABC,32576,24581,0.9816131591796876,62.51645835093223,53.72063700358073,0,256
001_ABC,32576,24837,0.9987030029296876,62.235618508420885,53.2719980875651,0,256
001_ABC,32576,25093,0.8966827392578125,53.6506195270922,77.76558430989583,0,256
001_ABC,32576,25349,0.9302978515625,60.44047621055506,58.03951517740885,0,256
001_ABC,32576,25605,0.5742034912109375,52.3476144222077,44.538421630859375,0,256
001_ABC,32832,23813,0.767913818359375,61.97773893154226,42.54233805338541,0,256
001_ABC,32832,24069,0.9983673095703124,64.01070868875831,54.88228861490885,0,256
001_ABC,32832,24325,0.93438720703125,64.898122549057,61.2497812906901,0,256
001_ABC,32832,24581,0.9615325927734376,72.23862808174454,56.20744323730469,0,256
001_ABC,32832,24837,0.8743133544921875,61.15754662360996,48.03797912597656,0,256
001_ABC,32832,25093,0.8370361328125,59.692300179740414,50.079864501953125,0,256
001_ABC,32832,25349,0.99920654296875,61.43382152332924,55.613993326822914,0,256
001_ABC,32832,25605,0.8565673828125,54.4813603812363,68.14394124348958,0,256
001_ABC,33088,23813,0.826080322265625,74.77941845357418,46.11713663736979,0,256
001_ABC,33088,24069,1.0,68.07824101648293,55.038228352864586,0,256
001_ABC,33088,24325,0.9871826171875,70.91194623336196,56.187530517578125,0,256
001_ABC,33088,24581,0.9987945556640624,70.90876573324203,54.82951354980469,0,256
001_ABC,33088,24837,0.971282958984375,75.33295638021082,56.88548787434896,0,256
001_ABC,33088,25093,0.844451904296875,68.46057759947143,51.08836873372396,0,256
001_ABC,33088,25349,0.745697021484375,62.63078092690557,49.091796875,0,256
001_ABC,33088,25605,0.9188690185546876,63.91810965538025,63.548116048177086,0,256
001_ABC,33088,25861,0.044158935546875,52.80687913950533,9.395553588867188,0,256
001_ABC,33344,23813,0.7622222900390625,72.9101509898901,44.32011922200521,0,256
001_ABC,33344,24069,0.966949462890625,74.7736713194754,49.344024658203125,0,256
001_ABC,33344,24325,0.9996185302734376,68.59468977805227,54.26024881998698,0,256
001_ABC,33344,24581,1.0,69.57706967345439,55.03813680013021,0,256
001_ABC,33344,24837,0.7328338623046875,72.23082209355198,39.96504211425781,0,256
001_ABC,33344,25093,0.6673431396484375,65.83675027801655,40.90921529134115,0,256
001_ABC,33344,25349,0.840911865234375,71.91363305505365,53.332621256510414,0,256
001_ABC,33344,25605,0.9949798583984376,73.6259458726272,70.64074198404948,0,256
001_ABC,33344,25861,0.240753173828125,56.45777007727884,17.72949727376302,0,256
001_ABC,33600,23813,0.4211578369140625,67.72333543538116,27.265584309895832,0,256
001_ABC,33600,24069,0.9298248291015624,74.10959736607037,59.79268900553385,0,256
001_ABC,33600,24325,0.9772186279296876,90.37112114182672,57.33174641927084,0,256
001_ABC,33600,24581,0.9061126708984376,90.02480054064654,51.995829264322914,0,256
001_ABC,33600,24837,0.725311279296875,76.83047508425079,38.02432759602865,0,256
001_ABC,33600,25093,0.9922332763671876,80.74639245471917,58.45453898111979,0,256
001_ABC,33600,25349,0.9816741943359376,73.47814326710068,47.7652333577474,0,256
001_ABC,33600,25605,0.9421234130859376,79.40422099456191,50.670491536458336,0,256
001_ABC,33600,25861,0.1968841552734375,58.21434327005409,16.010096232096355,0,256
001_ABC,33856,24069,0.9720001220703124,86.6556425744202,62.78062438964844,0,256
001_ABC,33856,24325,0.9985198974609376,88.60146004613489,56.26344299316406,0,256
001_ABC,33856,24581,0.984466552734375,77.03039552993141,44.56296793619792,0,256
001_ABC,33856,24837,0.9937286376953124,83.21524742036127,51.26259358723959,0,256
001_ABC,33856,25093,0.7996368408203125,72.31551991403103,54.39344787597656,0,256
001_ABC,33856,25349,0.9438629150390624,69.39603474899195,56.32257588704427,0,256
001_ABC,33856,25605,0.8391571044921875,76.28015130665153,41.93106587727865,0,256
001_ABC,33856,25861,0.0,50.49753046198748,6.4280344645182295,0,256
001_ABC,34112,24069,1.0,81.17340224981308,53.89502970377604,0,256
001_ABC,34112,24325,0.999359130859375,74.6439163647592,53.09352111816406,0,256
001_ABC,34112,24581,0.9972686767578124,76.01410849369131,41.8462168375651,0,256
001_ABC,34112,24837,1.0,75.89755719061941,44.15833536783854,0,256
001_ABC,34112,25093,0.8778076171875,84.32306997082196,48.6559092203776,0,256
001_ABC,34112,25349,1.0,74.35482822358608,53.57096862792969,0,256
001_ABC,34112,25605,0.9620819091796876,83.37896975292824,51.32463073730469,0,256
001_ABC,34112,25861,0.4360809326171875,69.52834852947854,29.349497477213543,0,256
001_ABC,34368,24069,0.9934844970703124,76.61454076110385,52.80553181966146,0,256
001_ABC,34368,24325,0.998779296875,73.48836407042108,52.00962829589844,0,256
001_ABC,34368,24581,1.0,65.43635239358991,50.15441385904948,0,256
001_ABC,34368,24837,1.0,73.43900113459677,43.8594970703125,0,256
001_ABC,34368,25093,1.0,77.40959699242376,50.842203776041664,0,256
001_ABC,34368,25349,1.0,74.73087845533155,50.08158874511719,0,256
001_ABC,34368,25605,1.0,83.25562535226345,44.19694519042969,0,256
001_ABC,34368,25861,0.9988555908203124,88.303731944412,54.39842732747396,0,256
001_ABC,34368,26117,0.1725921630859375,51.71268681040965,12.542902628580729,0,256
001_ABC,34624,24069,0.9073028564453124,81.92381076491438,50.75311787923177,0,256
001_ABC,34624,24325,1.0,77.08013304974884,55.32579549153646,0,256
001_ABC,34624,24581,0.9893341064453124,75.21073857112788,47.17425028483073,0,256
001_ABC,34624,24837,1.0,68.68475658795796,46.2235361735026,0,256
001_ABC,34624,25093,1.0,59.16389862424694,50.05470275878906,0,256
001_ABC,34624,25349,0.9395599365234376,65.05591016239487,41.331787109375,0,256
001_ABC,34624,25605,1.0,65.43217253684998,52.54917399088541,0,256
001_ABC,34624,25861,0.9994659423828124,96.99875685200097,60.934326171875,0,256
001_ABC,34624,26117,0.35699462890625,60.83337764348835,24.888387044270832,0,256
001_ABC,34880,23813,0.7607269287109375,106.67679707310162,45.15485636393229,0,256
001_ABC,34880,24069,0.810516357421875,111.78220151364803,55.73214213053385,0,256
001_ABC,34880,24325,0.7237396240234375,89.48090120777488,48.20596822102865,0,256
001_ABC,34880,24581,0.6973724365234375,92.60370435542428,39.70068868001302,0,256
001_ABC,34880,24837,0.86529541015625,76.32510944828391,48.72077433268229,0,256
001_ABC,34880,25093,1.0,69.66583863808773,47.327880859375,0,256
001_ABC,34880,25349,0.855560302734375,61.35531347617507,34.0660654703776,0,256
001_ABC,34880,25605,0.71356201171875,66.88856740458868,26.721120198567707,0,256
001_ABC,34880,25861,0.99737548828125,89.15541194169782,44.49505106608073,0,256
001_ABC,34880,26117,0.22296142578125,58.79676687880419,15.20445760091146,0,256
001_ABC,35136,23813,0.982421875,103.01008699834348,45.80440775553385,0,256
001_ABC,35136,24069,0.947998046875,120.7378478234168,63.2748057047526,0,256
001_ABC,35136,24325,0.8987274169921875,91.96070639393292,54.91810099283854,0,256
001_ABC,35136,24581,0.771148681640625,91.33401487767696,46.60400899251302,0,256
001_ABC,35136,24837,0.6258697509765625,76.55631097313017,39.537872314453125,0,256
001_ABC,35136,25093,1.0,78.17161710537039,49.56659952799479,0,256
001_ABC,35136,25349,1.0,75.11730119492859,46.727559407552086,0,256
001_ABC,35136,25605,0.807037353515625,70.40041463053785,29.856353759765625,0,256
001_ABC,35136,25861,0.45611572265625,70.08864568173885,23.7791748046875,0,256
001_ABC,35392,23813,0.9998321533203124,97.94089133827949,53.281331380208336,0,256
001_ABC,35392,24069,1.0,85.12775970157236,46.72964986165365,0,256
001_ABC,35392,24325,0.9823150634765624,97.0324037335813,48.47872924804688,0,256
001_ABC,35392,24581,0.90911865234375,110.80353733315133,45.82782999674479,0,256
001_ABC,35392,24837,0.8300018310546875,101.7929491661489,43.48191324869792,0,256
001_ABC,35392,25093,1.0,97.81272532697768,54.37165323893229,0,256
001_ABC,35392,25349,1.0,104.42130524571984,54.97386169433594,0,256
001_ABC,35392,25605,0.8285980224609375,83.32244285102934,29.36727905273437,0,256
001_ABC,35648,23813,1.0,86.80437620636076,48.8469492594401,0,256
001_ABC,35648,24069,0.9545745849609376,103.98617015779018,47.488199869791664,0,256
001_ABC,35648,24325,0.867919921875,95.7688856215682,43.60942586263021,0,256
001_ABC,35648,24581,0.8712615966796875,93.78820335771888,42.00782775878906,0,256
001_ABC,35648,24837,0.907958984375,113.06834346218966,48.75453186035156,0,256
001_ABC,35648,25093,0.7283477783203125,94.38730743154883,40.567789713541664,0,256
001_ABC,35648,25349,0.8709564208984375,109.87595540937036,64.23332214355469,0,256
001_ABC,35648,25605,0.8932647705078125,105.63104363903405,49.784586588541664,0,256
001_ABC,35904,23557,0.7403106689453125,98.42081976844928,40.50191243489584,0,256
001_ABC,35904,23813,1.0,111.66450121905656,57.9685312906901,0,256
001_ABC,35904,24069,0.841888427734375,116.97960498835891,49.01706949869792,0,256
001_ABC,35904,24325,0.870941162109375,117.16662335023284,43.228790283203125,0,256
001_ABC,35904,24581,0.987579345703125,102.6499290317297,52.698089599609375,0,256
001_ABC,35904,24837,1.0,110.82657884713262,50.452972412109375,0,256
001_ABC,35904,25093,0.800811767578125,95.41906702308916,42.71027628580729,0,256
001_ABC,35904,25349,0.6949005126953125,104.0448714697268,43.35258483886719,0,256
001_ABC,35904,25605,0.933807373046875,114.70410237438044,53.68072509765625,0,256
001_ABC,36160,23557,0.6825103759765625,119.20696925744414,38.340606689453125,0,256
001_ABC,36160,23813,0.631103515625,115.90678523271345,39.36817932128906,0,256
001_ABC,36160,24069,0.8986053466796875,127.19545876141638,62.7574717203776,0,256
001_ABC,36160,24325,0.9980621337890624,100.6060580329504,60.002960205078125,0,256
001_ABC,36160,24581,1.0,105.2848989421036,60.64457194010416,0,256
001_ABC,36160,24837,1.0,87.86469311243854,55.43755086263021,0,256
001_ABC,36160,25093,0.98577880859375,111.3350128447637,53.25067647298177,0,256
001_ABC,36160,25349,0.995758056640625,106.6561418166384,55.33337910970052,0,256
001_ABC,36160,25605,0.82659912109375,98.45615035644732,33.69164021809896,0,256
001_ABC,36416,23301,0.8905792236328125,110.9091255941894,40.49910990397135,0,256
001_ABC,36416,23557,0.7352142333984375,114.57615613564847,46.9952392578125,0,256
001_ABC,36416,23813,0.7365264892578125,113.69871990918182,46.51068115234375,0,256
001_ABC,36416,24069,0.984710693359375,91.92358949570917,52.35973103841146,0,256
001_ABC,36416,24325,1.0,85.26088772621006,53.37200419108073,0,256
001_ABC,36416,24581,0.998443603515625,96.99078061408365,55.33199055989584,0,256
001_ABC,36416,24837,0.9949951171875,102.58153615053745,60.525726318359375,0,256
001_ABC,36416,25093,0.99969482421875,76.94699247716926,52.58746337890625,0,256
001_ABC,36416,25349,1.0,90.37797926273196,52.21375020345052,0,256
001_ABC,36416,25605,0.9630126953125,125.90514598786832,63.9859873453776,0,256
001_ABC,36672,23301,0.6952362060546875,70.18355216737837,33.590738932291664,0,256
001_ABC,36672,23557,0.544891357421875,63.78103638347238,34.33939107259115,0,256
001_ABC,36672,23813,0.800933837890625,67.8844853406772,46.26844787597656,0,256
001_ABC,36672,24069,0.967926025390625,69.06461399700493,44.18165079752604,0,256
001_ABC,36672,24325,0.9990081787109376,87.58730421960354,55.02082824707031,0,256
001_ABC,36672,24581,0.559539794921875,75.72040127380751,27.806798299153645,0,256
001_ABC,36672,24837,0.9907989501953124,88.23102515167557,54.211344401041664,0,256
001_ABC,36672,25093,0.998565673828125,68.6125808393117,50.37283833821615,0,256
001_ABC,36672,25349,0.9988861083984376,89.23931722319685,55.946695963541664,0,256
001_ABC,36672,25605,0.7019195556640625,83.91353744268417,54.56029256184896,0,256
001_ABC,36928,23301,0.617889404296875,65.89735325961374,28.642868041992188,0,256
001_ABC,36928,23557,0.9986419677734376,76.17885647621006,53.315572102864586,0,256
001_ABC,36928,23813,0.99822998046875,73.06463081366383,51.59210205078125,0,256
001_ABC,36928,24069,0.9929962158203124,70.12543983920477,44.006490071614586,0,256
001_ABC,36928,24325,1.0,89.33677386469208,46.34696451822917,0,256
001_ABC,36928,24581,0.8359527587890625,87.4284143706318,47.69583638509115,0,256
001_ABC,36928,24837,0.862945556640625,97.02092187013476,43.61976623535156,0,256
001_ABC,36928,25093,0.82244873046875,81.74681854597293,43.8352305094401,0,256
001_ABC,36928,25349,1.0,91.35457413992845,74.40388488769531,0,256
001_ABC,36928,25605,0.3615570068359375,68.99973485223018,27.611155192057293,0,256
001_ABC,37184,23301,0.642303466796875,66.75587960705161,28.89398701985677,0,256
001_ABC,37184,23557,1.0,76.7473183402326,45.37035115559896,0,256
001_ABC,37184,23813,0.9960784912109376,73.87492370605469,43.77985636393229,0,256
001_ABC,37184,24069,1.0,75.29000745713711,44.4398193359375,0,256
001_ABC,37184,24325,1.0,90.37211010511965,44.83551534016927,0,256
001_ABC,37184,24581,1.0,103.35525805293582,52.668192545572914,0,256
001_ABC,37184,24837,0.994232177734375,101.71392498072235,56.362091064453125,0,256
001_ABC,37184,25093,0.942626953125,104.5437610000372,58.47153727213541,0,256
001_ABC,37184,25349,0.9512939453125,94.4855855666101,73.85243733723958,0,256
001_ABC,37184,25605,0.137725830078125,62.53380021080375,17.244913736979168,0,256
001_ABC,37440,23301,0.97393798828125,76.59457397460938,41.92671203613281,0,256
001_ABC,37440,23557,1.0,78.36134335561655,44.95640055338541,0,256
001_ABC,37440,23813,0.9996337890625,74.45797545439564,48.70574951171875,0,256
001_ABC,37440,24069,1.0,81.00190684548579,42.2818603515625,0,256
001_ABC,37440,24325,0.99658203125,104.3583472436294,58.5101318359375,0,256
001_ABC,37440,24581,0.96063232421875,105.0706355413422,68.74063110351562,0,256
001_ABC,37440,24837,0.887115478515625,91.03417824208736,50.043721516927086,0,256
001_ABC,37440,25093,0.907196044921875,97.8131588837132,47.8636220296224,0,256
001_ABC,37440,25349,0.179718017578125,62.30171637888998,17.474019368489582,0,256
001_ABC,37696,23301,1.0,79.34452563314699,42.406097412109375,0,256
001_ABC,37696,23557,1.0,80.91901026573032,44.65754699707031,0,256
001_ABC,37696,23813,0.9991912841796876,78.9586017539259,44.74633280436198,0,256
001_ABC,37696,24069,0.88739013671875,89.63847415801138,49.496683756510414,0,256
001_ABC,37696,24325,0.8060760498046875,109.47481954004616,51.73066711425781,0,256
001_ABC,37696,24581,0.99700927734375,101.89086652453987,60.15333048502604,0,256
001_ABC,37696,24837,0.99798583984375,104.4845458881464,49.98942057291666,0,256
001_ABC,37696,25093,0.294769287109375,64.51356843020767,17.595118204752605,0,256
001_ABC,37952,23045,0.938323974609375,72.85073505993932,43.11909993489584,0,256
001_ABC,37952,23301,1.0,74.31724905967712,48.9073232014974,0,256
001_ABC,37952,23557,1.0,83.15930525120348,46.589274088541664,0,256
001_ABC,37952,23813,0.9940948486328124,83.32371681556106,43.87032063802084,0,256
001_ABC,37952,24069,0.4667816162109375,85.64031872688793,22.791646321614586,0,256
001_ABC,37952,24325,0.6783905029296875,111.763305362314,33.7861073811849,0,256
001_ABC,37952,24581,1.0,100.27729872032069,49.47857666015625,0,256
001_ABC,37952,24837,1.0,102.44999644136988,52.83065287272135,0,256
001_ABC,37952,25093,0.178924560546875,62.90729422657751,14.993677775065104,0,256
001_ABC,38208,22533,0.768463134765625,81.20899049355648,30.884318033854168,0,256
001_ABC,38208,22789,0.9974212646484376,82.88870080350898,43.43341064453125,0,256
001_ABC,38208,23045,1.0,75.58359724935144,51.210957845052086,0,256
001_ABC,38208,23301,1.0,71.72751312120818,55.79708862304688,0,256
001_ABC,38208,23557,1.0,72.64384415722452,48.36601765950521,0,256
001_ABC,38208,23813,1.0,85.20282931043766,45.12360636393229,0,256
001_ABC,38208,24069,0.99951171875,109.71115409745836,45.62853495279948,0,256
001_ABC,38208,24325,1.0,104.01580528821796,44.24598185221354,0,256
001_ABC,38208,24581,1.0,91.72118435706945,46.37743631998698,0,256
001_ABC,38208,24837,0.6532135009765625,90.50888841389678,31.02631123860677,0,256
001_ABC,38464,22533,0.9999237060546876,78.36654462572187,39.65006001790365,0,256
001_ABC,38464,22789,1.0,72.57850931584835,49.84166971842448,0,256
001_ABC,38464,23045,1.0,80.77350451704115,45.1712900797526,0,256
001_ABC,38464,23301,0.9975128173828124,76.28124418761581,44.19930521647135,0,256
001_ABC,38464,23557,1.0,77.85179656744003,43.617767333984375,0,256
001_ABC,38464,23813,1.0,82.34526751353405,39.2401123046875,0,256
001_ABC,38464,24069,1.0,85.1505250276532,40.39689636230469,0,256
001_ABC,38464,24325,1.0,82.49451463459991,42.4151865641276,0,256
001_ABC,38464,24581,1.0,86.8799878617283,50.77635701497396,0,256
001_ABC,38464,24837,0.323211669921875,68.70334676560014,20.57574971516927,0,256
001_ABC,38720,22277,0.627471923828125,56.03501793718897,25.44855244954427,0,256
001_ABC,38720,22533,1.0,68.38179063424468,44.2722422281901,0,256
001_ABC,38720,22789,1.0,55.90675823925994,45.50251261393229,0,256
001_ABC,38720,23045,1.0,58.64630006253719,45.37458801269531,0,256
001_ABC,38720,23301,1.0,60.4540556834545,40.65764872233073,0,256
001_ABC,38720,23557,1.0,63.08921621157788,40.47036743164063,0,256
001_ABC,38720,23813,1.0,63.78161378856748,39.87165323893229,0,256
001_ABC,38720,24069,1.0,63.733783112606034,38.50721740722656,0,256
001_ABC,38720,24325,1.0,63.93244765861891,42.67135620117188,0,256
001_ABC,38720,24581,1.0,64.86372257000767,49.8838144938151,0,256
001_ABC,38720,24837,0.367156982421875,49.88388456753455,20.092926025390625,0,256
001_ABC,38976,22277,0.7527618408203125,62.54035868658684,28.812255859375,0,256
001_ABC,38976,22533,1.0,62.840431726537645,47.01606241861979,0,256
001_ABC,38976,22789,1.0,61.195747583173215,46.42091369628906,0,256
001_ABC,38976,23045,1.0,60.158712837612256,47.2435048421224,0,256
001_ABC,38976,23301,1.0,66.3519837462809,43.850341796875,0,256
001_ABC,38976,23557,1.0,67.14034308097325,41.59786987304688,0,256
001_ABC,38976,23813,1.0,68.31954704574309,37.35853576660156,0,256
001_ABC,38976,24069,0.99957275390625,73.55913519859314,40.7421620686849,0,256
001_ABC,38976,24325,1.0,72.98266927688383,47.802266438802086,0,256
001_ABC,38976,24581,1.0,60.62582569359802,50.4672597249349,0,256
001_ABC,38976,24837,0.417266845703125,52.36754315136932,23.80499267578125,0,256
001_ABC,39232,22277,0.5767364501953125,60.062456706305966,25.640955607096355,0,256
001_ABC,39232,22533,0.997344970703125,67.78912933822721,39.46836853027344,0,256
001_ABC,39232,22789,1.0,67.38407294428907,45.51747639973959,0,256
001_ABC,39232,23045,1.0,65.04547593649477,46.81092325846354,0,256
001_ABC,39232,23301,1.0,71.49638769566081,45.9188232421875,0,256
001_ABC,39232,23557,1.0,74.37412344454788,42.42185465494792,0,256
001_ABC,39232,23813,1.0,68.35172615945339,38.86658732096354,0,256
001_ABC,39232,24069,1.0,72.15458598150872,42.48337809244792,0,256
001_ABC,39232,24325,1.0,58.54291242361069,53.3119862874349,0,256
001_ABC,39232,24581,0.9996337890625,65.9731858575251,43.86823527018229,0,256
001_ABC,39232,24837,0.294464111328125,55.8421614614781,18.58581034342448,0,256
001_ABC,39488,22277,0.2306060791015625,54.93953411816619,12.658462524414062,0,256
001_ABC,39488,22533,0.9753265380859376,79.65431445837021,41.77654520670573,0,256
001_ABC,39488,22789,1.0,77.59874196513556,50.83808390299479,0,256
001_ABC,39488,23045,1.0,82.71326192445122,52.65124003092448,0,256
001_ABC,39488,23301,1.0,72.04502025409602,46.41253153483073,0,256
001_ABC,39488,23557,1.0,78.03827162249945,42.7670644124349,0,256
001_ABC,39488,23813,1.0,74.32688220962882,42.09144592285156,0,256
001_ABC,39488,24069,1.0,75.98149953782558,45.61150105794271,0,256
001_ABC,39488,24325,1.0,71.05490973009728,45.29975891113281,0,256
001_ABC,39488,24581,0.791748046875,63.168667804216966,32.77911885579427,0,256
001_ABC,39744,22277,0.43206787109375,68.07512710988522,22.508402506510414,0,256
001_ABC,39744,22533,1.0,84.2573847209569,48.34842936197917,0,256
001_ABC,39744,22789,1.0,83.94319004472345,56.312042236328125,0,256
001_ABC,39744,23045,1.0,95.61559035792015,55.88417561848959,0,256
001_ABC,39744,23301,1.0,80.53451459761709,51.38447570800781,0,256
001_ABC,39744,23557,1.0,89.02325451350771,46.48778788248698,0,256
001_ABC,39744,23813,1.0,86.96624628361315,40.67698669433594,0,256
001_ABC,39744,24069,1.0,95.56861418462358,43.7878163655599,0,256
001_ABC,39744,24325,1.0,76.48804722726345,48.69108581542969,0,256
001_ABC,39744,24581,0.967010498046875,80.85952154453844,50.75243123372396,0,256
001_ABC,40000,22277,0.60284423828125,81.92014915286563,39.225433349609375,0,256
001_ABC,40000,22533,1.0,97.89799040183424,63.36538696289063,0,256
001_ABC,40000,22789,1.0,93.36368181719445,59.86041259765625,0,256
001_ABC,40000,23045,1.0,90.03919240739197,56.06749471028646,0,256
001_ABC,40000,23301,1.0,100.175068795681,54.92137145996094,0,256
001_ABC,40000,23557,1.0,93.67198177217506,54.48487345377604,0,256
001_ABC,40000,23813,1.0,92.86631370987745,45.46013387044271,0,256
001_ABC,40000,24069,1.0,93.32880888110958,46.05670674641927,0,256
001_ABC,40000,24325,1.0,100.11483931541444,51.71598307291666,0,256
001_ABC,40000,24581,0.99664306640625,90.72818987979554,48.86651102701823,0,256
001_ABC,40256,22277,0.8242645263671875,100.609241864644,44.27708943684896,0,256
001_ABC,40256,22533,1.0,103.4942204421386,54.4476318359375,0,256
001_ABC,40256,22789,1.0,109.65601910441184,51.8595225016276,0,256
001_ABC,40256,23045,1.0,118.27241188078187,52.39897664388021,0,256
001_ABC,40256,23301,1.0,113.66616954561324,53.6864267985026,0,256
001_ABC,40256,23557,1.0,97.68473697430454,52.61783345540365,0,256
001_ABC,40256,23813,1.0,97.031268309569,51.81540934244792,0,256
001_ABC,40256,24069,1.0,91.13045859336852,49.33209737141927,0,256
001_ABC,40256,24325,0.997894287109375,93.69867033860646,47.46369934082031,0,256
001_ABC,40256,24581,0.9380950927734376,76.40063979453407,38.981231689453125,0,256
001_ABC,40512,22277,0.978240966796875,114.1200859984383,59.94527180989584,0,256
001_ABC,40512,22533,1.0,90.25944496667944,57.33686319986979,0,256
001_ABC,40512,22789,1.0,91.40625429502688,54.70771280924479,0,256
001_ABC,40512,23045,0.956024169921875,91.17477606236936,54.61339314778646,0,256
001_ABC,40512,23301,1.0,100.1198123237118,49.39383443196615,0,256
001_ABC,40512,23557,1.0,93.0638295263052,54.21777852376302,0,256
001_ABC,40512,23813,1.0,87.73774419724941,51.78051249186198,0,256
001_ABC,40512,24069,0.999420166015625,81.28681826009415,43.03065999348959,0,256
001_ABC,40512,24325,0.9990386962890624,91.84957713540643,45.04041544596354,0,256
001_ABC,40512,24581,0.670928955078125,69.36834483966231,29.55267842610677,0,256
001_ABC,40768,22021,0.6370391845703125,66.0801596173551,39.61141459147135,0,256
001_ABC,40768,22277,0.999420166015625,89.27057939185761,65.90235900878906,0,256
001_ABC,40768,22533,1.0,76.45433206763119,66.63895670572917,0,256
001_ABC,40768,22789,1.0,79.66553605999798,52.826802571614586,0,256
001_ABC,40768,23045,0.98095703125,72.17142845597118,44.99456278483073,0,256
001_ABC,40768,23301,0.9998779296875,69.75322233140469,51.97132364908854,0,256
001_ABC,40768,23557,1.0,61.79026770591736,53.78878784179688,0,256
001_ABC,40768,23813,1.0,66.84370187832974,50.57491556803385,0,256
001_ABC,40768,24069,0.9999847412109376,68.26289307116531,49.47430419921875,0,256
001_ABC,40768,24325,0.653472900390625,73.0983760075178,31.47118123372396,0,256
001_ABC,40768,24581,0.4412384033203125,59.08492540940642,24.3404541015625,0,256
001_ABC,41024,22021,0.874847412109375,76.12065100669861,53.00641377766927,0,256
001_ABC,41024,22277,0.89453125,85.52751006721519,55.103047688802086,0,256
001_ABC,41024,22533,0.7564697265625,71.52921154513024,43.08789571126302,0,256
001_ABC,41024,22789,1.0,73.41670298553072,52.50305684407552,0,256
001_ABC,41024,23045,0.91900634765625,73.0083393715322,46.15708414713541,0,256
001_ABC,41024,23301,1.0,74.93180967774242,51.738545735677086,0,256
001_ABC,41024,23557,1.0,74.63516537076794,54.96170552571615,0,256
001_ABC,41024,23813,1.0,75.75752839795314,45.81673685709635,0,256
001_ABC,41024,24069,0.9736328125,75.0852964213118,50.14798482259115,0,256
001_ABC,41024,24325,0.9971771240234376,88.34771823510528,50.83537801106771,0,256
001_ABC,41024,24581,0.3057708740234375,64.43582402705215,20.548553466796875,0,256
001_ABC,41280,22021,0.9994049072265624,83.02707596775144,54.47179158528646,0,256
001_ABC,41280,22277,0.9998016357421876,94.1306972184684,55.70416259765625,0,256
001_ABC,41280,22533,0.954620361328125,78.7655243424233,48.26301066080729,0,256
001_ABC,41280,22789,1.0,89.9485405003652,52.74670918782552,0,256
001_ABC,41280,23045,1.0,78.04194165673107,50.680267333984375,0,256
001_ABC,41280,23301,1.0,82.48597052297555,47.93243916829427,0,256
001_ABC,41280,23557,1.0,80.0635131560266,50.53369649251302,0,256
001_ABC,41280,23813,0.885406494140625,80.18790846480988,42.829833984375,0,256
001_ABC,41280,24069,0.6378326416015625,69.35278833564371,31.40071614583333,0,256
001_ABC,41280,24325,0.9349365234375,96.51518368138932,47.25043233235677,0,256
001_ABC,41536,22021,0.999969482421875,78.53200226649642,56.28138224283854,0,256
001_ABC,41536,22277,1.0,102.13139197207056,62.434661865234375,0,256
001_ABC,41536,22533,1.0,98.45613290276378,62.6399892171224,0,256
001_ABC,41536,22789,1.0,79.29536835080944,73.27330017089844,0,256
001_ABC,41536,23045,1.0,77.48981641139835,51.63108825683594,0,256
001_ABC,41536,23301,1.0,91.86232033278792,57.77208455403646,0,256
001_ABC,41536,23557,1.0,92.64845869597048,52.229278564453125,0,256
001_ABC,41536,23813,0.532196044921875,72.51442498876713,28.75070699055989,0,256
001_ABC,41536,24069,0.4800872802734375,65.89518665429205,22.661890665690105,0,256
001_ABC,41536,24325,0.7903594970703125,81.41638875356875,39.396891276041664,0,256
001_ABC,41792,22021,0.6056976318359375,78.57435373379849,32.216959635416664,0,256
001_ABC,41792,22277,0.894805908203125,99.9023708840832,48.38789876302084,0,256
001_ABC,41792,22533,1.0,100.57064535073005,51.24657694498698,0,256
001_ABC,41792,22789,1.0,92.48305987915955,57.678304036458336,0,256
001_ABC,41792,23045,1.0,90.58026033546776,48.98243204752604,0,256
001_ABC,41792,23301,1.0,95.91856383136474,44.6778564453125,0,256
001_ABC,41792,23557,1.0,106.42357055819592,51.10984802246094,0,256
001_ABC,41792,23813,0.5146942138671875,81.26444651838392,26.911570231119796,0,256
001_ABC,41792,24069,0.42095947265625,87.34037429071032,23.01971435546875,0,256
001_ABC,42048,22021,0.2795257568359375,71.67007326707244,20.19214375813802,0,256
001_ABC,42048,22277,0.66619873046875,81.66658000438474,41.18802388509115,0,256
001_ABC,42048,22533,0.85687255859375,89.10078406333923,45.25001017252604,0,256
001_ABC,42048,22789,0.975616455078125,110.0907739715185,41.080841064453125,0,256
001_ABC,42048,23045,0.9917144775390624,94.6929418554064,39.60533650716146,0,256
001_ABC,42048,23301,0.990509033203125,87.36462139710784,42.5917002360026,0,256
001_ABC,42048,23557,1.0,108.51132597378457,51.370218912760414,0,256
001_ABC,42048,23813,0.9936065673828124,136.12151192128658,49.21123250325521,0,256
001_ABC,42048,24069,0.816680908203125,119.69663666537964,37.81401062011719,0,256
001_ABC,42304,22021,0.8916015625,97.42331257369368,39.3997802734375,0,256
001_ABC,42304,22277,0.998687744140625,122.65139473578893,51.730316162109375,0,256
001_ABC,42304,22533,0.938262939453125,103.22868451382963,49.882110595703125,0,256
001_ABC,42304,22789,0.613067626953125,88.32119188364595,37.755889892578125,0,256
001_ABC,42304,23045,0.6205596923828125,86.2545252086129,35.74727884928385,0,256
001_ABC,42304,23301,0.9300079345703124,92.7915708385408,38.891510009765625,0,256
001_ABC,42304,23557,0.93121337890625,112.14919293578714,40.34648640950521,0,256
001_ABC,42304,23813,0.88055419921875,110.13797815865836,36.02308654785156,0,256
001_ABC,42304,24069,0.12750244140625,63.94928926229477,10.266749064127604,0,256
001_ABC,42560,22021,0.4309844970703125,73.42103481292725,25.75607808430989,0,256
001_ABC,42560,22277,1.0,123.00161563022994,60.3029530843099,0,256
001_ABC,42560,22533,1.0,123.4146757775452,58.27497863769531,0,256
001_ABC,42560,22789,1.0,136.98154212441295,51.43650309244792,0,256
001_ABC,42560,23045,1.0,105.86326246871612,47.77568054199219,0,256
001_ABC,42560,23301,0.9766998291015624,104.09158974513412,51.97356160481771,0,256
001_ABC,42560,23557,0.875091552734375,85.21593995555304,45.57725524902344,0,256
001_ABC,42560,23813,0.9429168701171876,88.40987268066965,47.03109232584635,0,256
001_ABC,42560,24069,0.8295745849609375,119.37159942742436,56.148223876953125,0,256
001_ABC,42816,22277,0.7899627685546875,97.03189369663596,46.72461446126302,0,256
001_ABC,42816,22533,1.0,124.12488656397908,73.523681640625,0,256
001_ABC,42816,22789,1.0,136.8692513620481,79.77105204264323,0,256
001_ABC,42816,23045,1.0,126.86418134882116,75.59268188476562,0,256
001_ABC,42816,23301,1.0,131.35528094973415,76.23428344726562,0,256
001_ABC,42816,23557,1.0,134.74804329499602,75.62452189127605,0,256
001_ABC,42816,23813,1.0,94.43957016593777,52.021586100260414,0,256
001_ABC,42816,24069,1.0,115.61679172422735,80.53457641601562,0,256
001_ABC,43072,22277,0.334625244140625,70.65933868079446,24.03203837076823,0,256
001_ABC,43072,22533,0.79052734375,104.76439207955264,50.13009134928385,0,256
001_ABC,43072,22789,1.0,86.79888367280364,59.98786926269531,0,256
001_ABC,43072,23045,1.0,137.44998532161117,75.56209309895833,0,256
001_ABC,43072,23301,1.0,138.96705010160804,78.4486083984375,0,256
001_ABC,43072,23557,1.0,143.54089213814586,83.17458597819011,0,256
001_ABC,43072,23813,0.999755859375,137.57867609872483,81.4287821451823,0,256
001_ABC,43072,24069,0.92559814453125,126.66449502832256,74.04033915201823,0,256
001_ABC,43328,22533,0.2105865478515625,63.07605469762348,15.213790893554688,0,256
001_ABC,43328,22789,0.995697021484375,104.04959955718368,57.81511433919271,0,256
001_ABC,43328,23045,1.0,104.1100778542459,61.00404357910156,0,256
001_ABC,43328,23301,1.0,142.13837903155945,76.41858418782552,0,256
001_ABC,43328,23557,1.0,144.6946831261739,72.9951680501302,0,256
001_ABC,43328,23813,1.0,137.722514054738,78.63263448079427,0,256
001_ABC,43328,24069,0.6077880859375,103.00191007554533,47.41818237304688,0,256
001_ABC,43584,22533,0.23431396484375,52.97056215978228,12.962809244791666,0,256
001_ABC,43584,22789,0.99932861328125,90.83622329658829,53.30115763346354,0,256
001_ABC,43584,23045,1.0,122.8163611581549,69.75183614095052,0,256
001_ABC,43584,23301,1.0,125.442092029145,75.19666035970052,0,256
001_ABC,43584,23557,1.0,131.75604083761573,77.32993570963542,0,256
001_ABC,43584,23813,0.99822998046875,139.41412982996553,72.47324117024739,0,256
001_ABC,43584,24069,0.47149658203125,87.4840531013906,29.569936116536457,0,256
001_ABC,43840,22533,0.4373016357421875,69.8239253424108,21.720316569010414,0,256
001_ABC,43840,22789,0.9991607666015624,111.58994390978478,54.24055480957031,0,256
001_ABC,43840,23045,1.0,120.02088832855225,56.006449381510414,0,256
001_ABC,43840,23301,1.0,147.91498409211636,76.22062174479167,0,256
001_ABC,43840,23557,1.0,147.14612732827663,76.66876220703125,0,256
001_ABC,43840,23813,1.0,161.54845033586025,73.51268513997395,0,256
001_ABC,43840,24069,0.282440185546875,71.26261369045824,22.284596761067707,0,256
001_ABC,44096,22533,0.260101318359375,58.18138414225541,12.945154825846354,0,256
001_ABC,44096,22789,1.0,111.9226017703768,45.775726318359375,0,256
001_ABC,44096,23045,1.0,85.99350236356258,47.60201517740885,0,256
001_ABC,44096,23301,1.0,133.19867858453654,66.16270446777344,0,256
001_ABC,44096,23557,0.9998626708984376,152.3361494091805,70.0886739095052,0,256
001_ABC,44096,23813,1.0,151.11029903497547,70.15191141764323,0,256
001_ABC,44352,22533,0.793792724609375,107.33665760513396,42.120880126953125,0,256
001_ABC,44352,22789,0.9944915771484376,127.35148011147976,51.82978820800781,0,256
001_ABC,44352,23045,1.0,122.2805092127528,58.75972493489584,0,256
001_ABC,44352,23301,0.991363525390625,124.62827379978262,57.8509267171224,0,256
001_ABC,44352,23557,0.9937744140625,130.6785913349595,57.95918273925781,0,256
001_ABC,44352,23813,0.9115447998046876,138.60354160889983,56.26764424641927,0,256
001_ABC,44608,22533,0.7568817138671875,79.76123137376271,35.35334777832031,0,256
001_ABC,44608,22789,0.9975738525390624,100.67219531163572,57.32263692220052,0,256
001_ABC,44608,23045,1.0,98.81209208793008,52.32259623209635,0,256
001_ABC,44608,23301,0.998565673828125,93.68980211671442,51.7142079671224,0,256
001_ABC,44608,23557,0.929656982421875,94.09088948532008,50.1034189860026,0,256
001_ABC,44608,23813,0.6727294921875,78.8696939998772,40.1370595296224,0,256
001_ABC,44864,21765,0.664154052734375,63.8877060727682,41.82647705078125,0,256
001_ABC,44864,22021,0.9225616455078124,71.0611393020954,50.901641845703125,0,256
001_ABC,44864,22277,0.08856201171875,47.07147057889961,10.108642578125,0,256
001_ABC,44864,22533,0.2410888671875,53.57482695579529,15.648910522460938,0,256
001_ABC,44864,22789,0.9986724853515624,75.42663699015975,52.81934102376302,0,256
001_ABC,44864,23045,0.997528076171875,70.14129114802927,57.47576395670573,0,256
001_ABC,44864,23301,0.9530181884765624,71.56952236755751,64.44857279459636,0,256
001_ABC,44864,23557,0.9636383056640624,81.24651803425513,44.20332336425781,0,256
001_ABC,44864,23813,0.2416229248046875,50.97225842974149,15.97913614908854,0,256
001_ABC,45120,21509,0.7554931640625,69.28718664404005,44.62321980794271,0,256
001_ABC,45120,21765,0.9998321533203124,74.0592627292499,60.95557657877604,0,256
001_ABC,45120,22021,0.9998016357421876,76.9954240322113,52.09272257486979,0,256
001_ABC,45120,22277,0.949188232421875,91.47020252700896,47.39910888671875,0,256
001_ABC,45120,22533,0.859771728515625,88.7462158203125,52.55851745605469,0,256
001_ABC,45120,22789,1.0,89.09120105858892,51.846272786458336,0,256
001_ABC,45120,23045,0.9975738525390624,84.04767844243906,49.88139851888021,0,256
001_ABC,45120,23301,1.0,83.54353578179143,55.04378763834635,0,256
001_ABC,45120,23557,0.40606689453125,60.38540565944277,23.025955200195312,0,256
001_ABC,45376,21253,0.710784912109375,69.06990516837686,46.28776550292969,0,256
001_ABC,45376,21509,0.9934539794921876,75.96135608758777,63.1514892578125,0,256
001_ABC,45376,21765,0.9331817626953124,80.10274579748511,63.38337198893229,0,256
001_ABC,45376,22021,0.999664306640625,80.82945183455013,59.2999521891276,0,256
001_ABC,45376,22277,0.8240814208984375,88.00333454436623,52.28425089518229,0,256
001_ABC,45376,22533,0.92236328125,88.89553306996822,56.55052185058594,0,256
001_ABC,45376,22789,0.997406005859375,100.70696447789668,57.99384053548177,0,256
001_ABC,45376,23045,0.99908447265625,90.3434290511068,53.63111877441406,0,256
001_ABC,45376,23301,0.7636871337890625,86.88080325629562,42.10950724283854,0,256
001_ABC,45632,21253,0.8902740478515625,73.84960271324962,57.38844299316406,0,256
001_ABC,45632,21509,0.976806640625,72.103924425086,70.84737141927083,0,256
001_ABC,45632,21765,1.0,81.23647706001066,59.3699951171875,0,256
001_ABC,45632,22021,0.9990692138671876,84.37802257179283,65.67544047037761,0,256
001_ABC,45632,22277,0.9814300537109376,105.87932416214608,58.19011942545573,0,256
001_ABC,45632,22533,0.8605804443359375,86.3548436127603,54.06536356608073,0,256
001_ABC,45632,22789,0.98779296875,89.13937413669191,46.48844909667969,0,256
001_ABC,45632,23045,0.8568115234375,85.37032580538653,35.165120442708336,0,256
001_ABC,45632,23301,0.2780303955078125,58.6922073380556,17.641367594401043,0,256
001_ABC,45888,21253,0.6354827880859375,64.71951054036617,36.79832458496094,0,256
001_ABC,45888,21509,0.992950439453125,88.66142174205743,63.8748779296875,0,256
001_ABC,45888,21765,0.9737548828125,85.12336724228226,65.39588419596355,0,256
001_ABC,45888,22021,0.8851165771484375,80.5813099683728,60.22782897949219,0,256
001_ABC,45888,22277,0.995758056640625,108.0063748115208,63.11836242675781,0,256
001_ABC,45888,22533,0.9994659423828124,96.24917982518672,52.80915832519531,0,256
001_ABC,45888,22789,0.9979400634765624,104.68896526098251,47.63331604003906,0,256
001_ABC,45888,23045,1.0,101.96328677143902,60.03228759765625,0,256
001_ABC,45888,23301,0.24127197265625,53.65181281766854,20.41282145182292,0,256
001_ABC,46144,21509,0.71868896484375,82.81129287346266,44.90013122558594,0,256
001_ABC,46144,21765,0.9550628662109376,87.5934517455753,66.43918863932292,0,256
001_ABC,46144,22021,1.0,87.28046753630042,76.87924702962239,0,256
001_ABC,46144,22277,1.0,94.10911197192036,60.37334187825521,0,256
001_ABC,46144,22533,1.0,106.42517012893222,53.65837605794271,0,256
001_ABC,46144,22789,1.0,110.844906299375,44.50721740722656,0,256
001_ABC,46144,23045,0.9999237060546876,101.45044305548072,48.61764526367188,0,256
001_ABC,46144,23301,0.31488037109375,52.415772824548185,27.69419860839844,0,256
001_ABC,46400,21509,0.67388916015625,82.14032024308108,46.24931335449219,0,256
001_ABC,46400,21765,0.9873809814453124,97.57913275714964,64.03427124023438,0,256
001_ABC,46400,22021,0.925750732421875,98.3702055492904,60.9017588297526,0,256
001_ABC,46400,22277,1.0,125.78822050034069,73.05736287434895,0,256
001_ABC,46400,22533,1.0,117.31938163540326,50.579925537109375,0,256
001_ABC,46400,22789,0.981536865234375,107.95630863658153,37.39582316080729,0,256
001_ABC,46400,23045,0.4830474853515625,70.1265095116105,21.20204162597656,0,256
001_ABC,46656,21765,0.6824951171875,82.07765550143085,48.86936950683594,0,256
001_ABC,46656,22021,0.9005584716796875,90.37171239312738,53.21849568684896,0,256
001_ABC,46656,22277,0.9905853271484376,107.67446113284676,56.33958435058594,0,256
001_ABC,46656,22533,0.9702911376953124,95.4175235098228,48.33390808105469,0,256
001_ABC,46656,22789,0.93890380859375,107.8811413012445,52.34409586588541,0,256
001_ABC,46656,23045,0.3115386962890625,46.62874814029783,16.427398681640625,0,256
001_ABC,46912,22021,0.4031982421875,59.788986053317785,17.330886840820312,0,256
001_ABC,46912,22277,0.99847412109375,81.96910852193832,43.44378153483073,0,256
001_ABC,46912,22533,0.9857635498046876,72.9079171565827,42.232666015625,0,256
001_ABC,46912,22789,0.8902435302734375,91.64077553059906,44.26810201009115,0,256
001_ABC,47168,22021,0.8985748291015625,89.64329516491853,47.030293782552086,0,256
001_ABC,47168,22277,0.999969482421875,92.30378530337477,46.08016459147135,0,256
001_ABC,47168,22533,1.0,111.68345265742391,56.87249755859375,0,256
001_ABC,47168,22789,0.6489410400390625,81.08545813872479,30.54050699869792,0,256
001_ABC,47424,22021,0.91680908203125,110.83393840282224,64.68970743815105,0,256
001_ABC,47424,22277,1.0,101.30828512995504,73.90247090657552,0,256
001_ABC,47424,22533,0.9824676513671876,91.5742042043712,52.28064982096354,0,256
001_ABC,47424,22789,0.404998779296875,61.17388311680406,19.99611409505208,0,256
001_ABC,47680,22021,0.6885986328125,94.3981346487999,37.18469746907552,0,256
001_ABC,47680,22277,0.7437744140625,106.4333146577701,34.66865030924479,0,256
001_ABC,47680,22533,0.512939453125,69.95675855106674,24.09590148925781,0,256
